Mon Mar 25 15:48:50 +03 2024: ERROR: Unable to locate a modulefile for 'intel-oneapi-compilers-2022.0.1-gcc-7.5.0-2lzufe5'
Mon Mar 25 15:48:50 +03 2024: Autoloading ncurses/6.2/intel-20.0.4-utqf7mb
Mon Mar 25 15:48:50 +03 2024: Autoloading openssl/1.1.1l/intel-20.0.4-bqezj56
Mon Mar 25 15:48:50 +03 2024: Autoloading zlib/1.2.11/intel-20.0.4-y7c2i3c
Mon Mar 25 15:48:50 +03 2024: WARNING: zlib/1.2.11/intel-20.0.4-y7c2i3c cannot be loaded due to a conflict.
Mon Mar 25 15:48:50 +03 2024: HINT: Might try "module unload zlib" first.
Mon Mar 25 15:48:51 +03 2024: -- The C compiler identification is Intel 20.2.4.20210910
Mon Mar 25 15:48:51 +03 2024: -- Check for working C compiler: /sw/workstations/apps/linux-ubuntu18.04-ivybridge/intel-oneapi-compilers/2021.4.0/gcc-7.5.0/sqbobreknfie6u3gabzli6kfi3yox7as/compiler/2021.4.0/linux/bin/intel64/icc
Mon Mar 25 15:48:51 +03 2024: -- Check for working C compiler: /sw/workstations/apps/linux-ubuntu18.04-ivybridge/intel-oneapi-compilers/2021.4.0/gcc-7.5.0/sqbobreknfie6u3gabzli6kfi3yox7as/compiler/2021.4.0/linux/bin/intel64/icc -- works
Mon Mar 25 15:48:51 +03 2024: -- Detecting C compiler ABI info
Mon Mar 25 15:48:52 +03 2024: -- Detecting C compiler ABI info - done
Mon Mar 25 15:48:52 +03 2024: -- Detecting C compile features
Mon Mar 25 15:48:53 +03 2024: -- Detecting C compile features - done
Mon Mar 25 15:48:54 +03 2024: -- Found OpenMP_C: -qopenmp (found version "5.0")
Mon Mar 25 15:48:54 +03 2024: -- Found OpenMP: TRUE (found version "5.0")
Mon Mar 25 15:48:54 +03 2024: -- Found OpenMP_C: -qopenmp (found version "5.0")
Mon Mar 25 15:48:54 +03 2024: -- The CXX compiler identification is Intel 20.2.4.20210910
Mon Mar 25 15:48:54 +03 2024: -- Check for working CXX compiler: /sw/workstations/apps/linux-ubuntu18.04-ivybridge/intel-oneapi-compilers/2021.4.0/gcc-7.5.0/sqbobreknfie6u3gabzli6kfi3yox7as/compiler/2021.4.0/linux/bin/intel64/icpc
Mon Mar 25 15:48:55 +03 2024: -- Check for working CXX compiler: /sw/workstations/apps/linux-ubuntu18.04-ivybridge/intel-oneapi-compilers/2021.4.0/gcc-7.5.0/sqbobreknfie6u3gabzli6kfi3yox7as/compiler/2021.4.0/linux/bin/intel64/icpc -- works
Mon Mar 25 15:48:55 +03 2024: -- Detecting CXX compiler ABI info
Mon Mar 25 15:48:55 +03 2024: -- Detecting CXX compiler ABI info - done
Mon Mar 25 15:48:55 +03 2024: -- Detecting CXX compile features
Mon Mar 25 15:48:57 +03 2024: -- Detecting CXX compile features - done
Mon Mar 25 15:48:57 +03 2024: -- Looking for pthread.h
Mon Mar 25 15:48:58 +03 2024: -- Looking for pthread.h - found
Mon Mar 25 15:48:58 +03 2024: -- Looking for pthread_create
Mon Mar 25 15:48:58 +03 2024: -- Looking for pthread_create - not found
Mon Mar 25 15:48:58 +03 2024: -- Looking for pthread_create in pthreads
Mon Mar 25 15:48:59 +03 2024: -- Looking for pthread_create in pthreads - not found
Mon Mar 25 15:48:59 +03 2024: -- Looking for pthread_create in pthread
Mon Mar 25 15:48:59 +03 2024: -- Looking for pthread_create in pthread - found
Mon Mar 25 15:48:59 +03 2024: -- Found Threads: TRUE
Mon Mar 25 15:48:59 +03 2024: -- Found CUDA: /sw/workstations/apps/linux-ubuntu18.04-ivybridge/cuda/11.5.0/gcc-7.5.0/syen6pj6ss3cw66zlj4wkfhtixh5i4ei (found version "11.5")
Mon Mar 25 15:48:59 +03 2024: -- Configuring done
Mon Mar 25 15:48:59 +03 2024: -- Generating done
Mon Mar 25 15:48:59 +03 2024: -- Build files have been written to: /home/plotnips/Dropbox/PhD_proposal/work_with_david/Exawave_3_handover/simwave_export_to_ecrc_servers_
Mon Mar 25 15:49:00 +03 2024: /usr/bin/cmake -H/home/plotnips/Dropbox/PhD_proposal/work_with_david/Exawave_3_handover/simwave_export_to_ecrc_servers_ -B/home/plotnips/Dropbox/PhD_proposal/work_with_david/Exawave_3_handover/simwave_export_to_ecrc_servers_ --check-build-system CMakeFiles/Makefile.cmake 0
Mon Mar 25 15:49:00 +03 2024: /usr/bin/cmake -E cmake_progress_start /home/plotnips/Dropbox/PhD_proposal/work_with_david/Exawave_3_handover/simwave_export_to_ecrc_servers_/CMakeFiles /home/plotnips/Dropbox/PhD_proposal/work_with_david/Exawave_3_handover/simwave_export_to_ecrc_servers_/CMakeFiles/progress.marks
Mon Mar 25 15:49:00 +03 2024: make -f CMakeFiles/Makefile2 all
Mon Mar 25 15:49:00 +03 2024: make[1]: Entering directory '/home/plotnips/Dropbox/PhD_proposal/work_with_david/Exawave_3_handover/simwave_export_to_ecrc_servers_'
Mon Mar 25 15:49:00 +03 2024: make -f src/CMakeFiles/simwave.dir/build.make src/CMakeFiles/simwave.dir/depend
Mon Mar 25 15:49:00 +03 2024: make[2]: Entering directory '/home/plotnips/Dropbox/PhD_proposal/work_with_david/Exawave_3_handover/simwave_export_to_ecrc_servers_'
Mon Mar 25 15:49:00 +03 2024: cd /home/plotnips/Dropbox/PhD_proposal/work_with_david/Exawave_3_handover/simwave_export_to_ecrc_servers_ && /usr/bin/cmake -E cmake_depends "Unix Makefiles" /home/plotnips/Dropbox/PhD_proposal/work_with_david/Exawave_3_handover/simwave_export_to_ecrc_servers_ /home/plotnips/Dropbox/PhD_proposal/work_with_david/Exawave_3_handover/simwave_export_to_ecrc_servers_/src /home/plotnips/Dropbox/PhD_proposal/work_with_david/Exawave_3_handover/simwave_export_to_ecrc_servers_ /home/plotnips/Dropbox/PhD_proposal/work_with_david/Exawave_3_handover/simwave_export_to_ecrc_servers_/src /home/plotnips/Dropbox/PhD_proposal/work_with_david/Exawave_3_handover/simwave_export_to_ecrc_servers_/src/CMakeFiles/simwave.dir/DependInfo.cmake --color=
Mon Mar 25 15:49:00 +03 2024: make[2]: Leaving directory '/home/plotnips/Dropbox/PhD_proposal/work_with_david/Exawave_3_handover/simwave_export_to_ecrc_servers_'
Mon Mar 25 15:49:00 +03 2024: make -f src/CMakeFiles/simwave.dir/build.make src/CMakeFiles/simwave.dir/build
Mon Mar 25 15:49:00 +03 2024: make[2]: Entering directory '/home/plotnips/Dropbox/PhD_proposal/work_with_david/Exawave_3_handover/simwave_export_to_ecrc_servers_'
Mon Mar 25 15:49:00 +03 2024: [  4%] Building C object src/CMakeFiles/simwave.dir/bwriter.c.o
Mon Mar 25 15:49:00 +03 2024: cd /home/plotnips/Dropbox/PhD_proposal/work_with_david/Exawave_3_handover/simwave_export_to_ecrc_servers_/src && /sw/workstations/apps/linux-ubuntu18.04-ivybridge/intel-oneapi-compilers/2021.4.0/gcc-7.5.0/sqbobreknfie6u3gabzli6kfi3yox7as/compiler/2021.4.0/linux/bin/intel64/icc  -I/home/plotnips/Dropbox/PhD_proposal/work_with_david/Exawave_3_handover/simwave_export_to_ecrc_servers_/include  -xHost -qopenmp -qopenmp -O3 -DNDEBUG -O3 -fno-fnalias -fno-alias -g -std=gnu99    -o CMakeFiles/simwave.dir/bwriter.c.o   -c /home/plotnips/Dropbox/PhD_proposal/work_with_david/Exawave_3_handover/simwave_export_to_ecrc_servers_/src/bwriter.c
Mon Mar 25 15:49:00 +03 2024: [  8%] Building C object src/CMakeFiles/simwave.dir/interp.c.o
Mon Mar 25 15:49:00 +03 2024: cd /home/plotnips/Dropbox/PhD_proposal/work_with_david/Exawave_3_handover/simwave_export_to_ecrc_servers_/src && /sw/workstations/apps/linux-ubuntu18.04-ivybridge/intel-oneapi-compilers/2021.4.0/gcc-7.5.0/sqbobreknfie6u3gabzli6kfi3yox7as/compiler/2021.4.0/linux/bin/intel64/icc  -I/home/plotnips/Dropbox/PhD_proposal/work_with_david/Exawave_3_handover/simwave_export_to_ecrc_servers_/include  -xHost -qopenmp -qopenmp -O3 -DNDEBUG -O3 -fno-fnalias -fno-alias -g -std=gnu99    -o CMakeFiles/simwave.dir/interp.c.o   -c /home/plotnips/Dropbox/PhD_proposal/work_with_david/Exawave_3_handover/simwave_export_to_ecrc_servers_/src/interp.c
Mon Mar 25 15:49:00 +03 2024: [ 12%] Building C object src/CMakeFiles/simwave.dir/mlbs.c.o
Mon Mar 25 15:49:00 +03 2024: cd /home/plotnips/Dropbox/PhD_proposal/work_with_david/Exawave_3_handover/simwave_export_to_ecrc_servers_/src && /sw/workstations/apps/linux-ubuntu18.04-ivybridge/intel-oneapi-compilers/2021.4.0/gcc-7.5.0/sqbobreknfie6u3gabzli6kfi3yox7as/compiler/2021.4.0/linux/bin/intel64/icc  -I/home/plotnips/Dropbox/PhD_proposal/work_with_david/Exawave_3_handover/simwave_export_to_ecrc_servers_/include  -xHost -qopenmp -qopenmp -O3 -DNDEBUG -O3 -fno-fnalias -fno-alias -g -std=gnu99    -o CMakeFiles/simwave.dir/mlbs.c.o   -c /home/plotnips/Dropbox/PhD_proposal/work_with_david/Exawave_3_handover/simwave_export_to_ecrc_servers_/src/mlbs.c
Mon Mar 25 15:49:01 +03 2024: [ 16%] Building C object src/CMakeFiles/simwave.dir/parser.c.o
Mon Mar 25 15:49:01 +03 2024: cd /home/plotnips/Dropbox/PhD_proposal/work_with_david/Exawave_3_handover/simwave_export_to_ecrc_servers_/src && /sw/workstations/apps/linux-ubuntu18.04-ivybridge/intel-oneapi-compilers/2021.4.0/gcc-7.5.0/sqbobreknfie6u3gabzli6kfi3yox7as/compiler/2021.4.0/linux/bin/intel64/icc  -I/home/plotnips/Dropbox/PhD_proposal/work_with_david/Exawave_3_handover/simwave_export_to_ecrc_servers_/include  -xHost -qopenmp -qopenmp -O3 -DNDEBUG -O3 -fno-fnalias -fno-alias -g -std=gnu99    -o CMakeFiles/simwave.dir/parser.c.o   -c /home/plotnips/Dropbox/PhD_proposal/work_with_david/Exawave_3_handover/simwave_export_to_ecrc_servers_/src/parser.c
Mon Mar 25 15:49:01 +03 2024: [ 20%] Building C object src/CMakeFiles/simwave.dir/pml.c.o
Mon Mar 25 15:49:01 +03 2024: cd /home/plotnips/Dropbox/PhD_proposal/work_with_david/Exawave_3_handover/simwave_export_to_ecrc_servers_/src && /sw/workstations/apps/linux-ubuntu18.04-ivybridge/intel-oneapi-compilers/2021.4.0/gcc-7.5.0/sqbobreknfie6u3gabzli6kfi3yox7as/compiler/2021.4.0/linux/bin/intel64/icc  -I/home/plotnips/Dropbox/PhD_proposal/work_with_david/Exawave_3_handover/simwave_export_to_ecrc_servers_/include  -xHost -qopenmp -qopenmp -O3 -DNDEBUG -O3 -fno-fnalias -fno-alias -g -std=gnu99    -o CMakeFiles/simwave.dir/pml.c.o   -c /home/plotnips/Dropbox/PhD_proposal/work_with_david/Exawave_3_handover/simwave_export_to_ecrc_servers_/src/pml.c
Mon Mar 25 15:49:01 +03 2024: [ 25%] Building C object src/CMakeFiles/simwave.dir/shot.c.o
Mon Mar 25 15:49:01 +03 2024: cd /home/plotnips/Dropbox/PhD_proposal/work_with_david/Exawave_3_handover/simwave_export_to_ecrc_servers_/src && /sw/workstations/apps/linux-ubuntu18.04-ivybridge/intel-oneapi-compilers/2021.4.0/gcc-7.5.0/sqbobreknfie6u3gabzli6kfi3yox7as/compiler/2021.4.0/linux/bin/intel64/icc  -I/home/plotnips/Dropbox/PhD_proposal/work_with_david/Exawave_3_handover/simwave_export_to_ecrc_servers_/include  -xHost -qopenmp -qopenmp -O3 -DNDEBUG -O3 -fno-fnalias -fno-alias -g -std=gnu99    -o CMakeFiles/simwave.dir/shot.c.o   -c /home/plotnips/Dropbox/PhD_proposal/work_with_david/Exawave_3_handover/simwave_export_to_ecrc_servers_/src/shot.c
Mon Mar 25 15:49:01 +03 2024: [ 29%] Building C object src/CMakeFiles/simwave.dir/source.c.o
Mon Mar 25 15:49:01 +03 2024: cd /home/plotnips/Dropbox/PhD_proposal/work_with_david/Exawave_3_handover/simwave_export_to_ecrc_servers_/src && /sw/workstations/apps/linux-ubuntu18.04-ivybridge/intel-oneapi-compilers/2021.4.0/gcc-7.5.0/sqbobreknfie6u3gabzli6kfi3yox7as/compiler/2021.4.0/linux/bin/intel64/icc  -I/home/plotnips/Dropbox/PhD_proposal/work_with_david/Exawave_3_handover/simwave_export_to_ecrc_servers_/include  -xHost -qopenmp -qopenmp -O3 -DNDEBUG -O3 -fno-fnalias -fno-alias -g -std=gnu99    -o CMakeFiles/simwave.dir/source.c.o   -c /home/plotnips/Dropbox/PhD_proposal/work_with_david/Exawave_3_handover/simwave_export_to_ecrc_servers_/src/source.c
Mon Mar 25 15:49:02 +03 2024: [ 33%] Building C object src/CMakeFiles/simwave.dir/velocity.c.o
Mon Mar 25 15:49:02 +03 2024: cd /home/plotnips/Dropbox/PhD_proposal/work_with_david/Exawave_3_handover/simwave_export_to_ecrc_servers_/src && /sw/workstations/apps/linux-ubuntu18.04-ivybridge/intel-oneapi-compilers/2021.4.0/gcc-7.5.0/sqbobreknfie6u3gabzli6kfi3yox7as/compiler/2021.4.0/linux/bin/intel64/icc  -I/home/plotnips/Dropbox/PhD_proposal/work_with_david/Exawave_3_handover/simwave_export_to_ecrc_servers_/include  -xHost -qopenmp -qopenmp -O3 -DNDEBUG -O3 -fno-fnalias -fno-alias -g -std=gnu99    -o CMakeFiles/simwave.dir/velocity.c.o   -c /home/plotnips/Dropbox/PhD_proposal/work_with_david/Exawave_3_handover/simwave_export_to_ecrc_servers_/src/velocity.c
Mon Mar 25 15:49:02 +03 2024: [ 37%] Building C object src/CMakeFiles/simwave.dir/wave.c.o
Mon Mar 25 15:49:02 +03 2024: cd /home/plotnips/Dropbox/PhD_proposal/work_with_david/Exawave_3_handover/simwave_export_to_ecrc_servers_/src && /sw/workstations/apps/linux-ubuntu18.04-ivybridge/intel-oneapi-compilers/2021.4.0/gcc-7.5.0/sqbobreknfie6u3gabzli6kfi3yox7as/compiler/2021.4.0/linux/bin/intel64/icc  -I/home/plotnips/Dropbox/PhD_proposal/work_with_david/Exawave_3_handover/simwave_export_to_ecrc_servers_/include  -xHost -qopenmp -qopenmp -O3 -DNDEBUG -O3 -fno-fnalias -fno-alias -g -std=gnu99    -o CMakeFiles/simwave.dir/wave.c.o   -c /home/plotnips/Dropbox/PhD_proposal/work_with_david/Exawave_3_handover/simwave_export_to_ecrc_servers_/src/wave.c
Mon Mar 25 15:49:04 +03 2024: [ 41%] Building C object src/CMakeFiles/simwave.dir/wave_tb.c.o
Mon Mar 25 15:49:04 +03 2024: cd /home/plotnips/Dropbox/PhD_proposal/work_with_david/Exawave_3_handover/simwave_export_to_ecrc_servers_/src && /sw/workstations/apps/linux-ubuntu18.04-ivybridge/intel-oneapi-compilers/2021.4.0/gcc-7.5.0/sqbobreknfie6u3gabzli6kfi3yox7as/compiler/2021.4.0/linux/bin/intel64/icc  -I/home/plotnips/Dropbox/PhD_proposal/work_with_david/Exawave_3_handover/simwave_export_to_ecrc_servers_/include  -xHost -qopenmp -qopenmp -O3 -DNDEBUG -O3 -fno-fnalias -fno-alias -g -std=gnu99    -o CMakeFiles/simwave.dir/wave_tb.c.o   -c /home/plotnips/Dropbox/PhD_proposal/work_with_david/Exawave_3_handover/simwave_export_to_ecrc_servers_/src/wave_tb.c
Mon Mar 25 15:49:07 +03 2024: [ 45%] Building C object src/CMakeFiles/simwave.dir/wtime.c.o
Mon Mar 25 15:49:07 +03 2024: cd /home/plotnips/Dropbox/PhD_proposal/work_with_david/Exawave_3_handover/simwave_export_to_ecrc_servers_/src && /sw/workstations/apps/linux-ubuntu18.04-ivybridge/intel-oneapi-compilers/2021.4.0/gcc-7.5.0/sqbobreknfie6u3gabzli6kfi3yox7as/compiler/2021.4.0/linux/bin/intel64/icc  -I/home/plotnips/Dropbox/PhD_proposal/work_with_david/Exawave_3_handover/simwave_export_to_ecrc_servers_/include  -xHost -qopenmp -qopenmp -O3 -DNDEBUG -O3 -fno-fnalias -fno-alias -g -std=gnu99    -o CMakeFiles/simwave.dir/wtime.c.o   -c /home/plotnips/Dropbox/PhD_proposal/work_with_david/Exawave_3_handover/simwave_export_to_ecrc_servers_/src/wtime.c
Mon Mar 25 15:49:07 +03 2024: [ 50%] Linking C static library libsimwave.a
Mon Mar 25 15:49:07 +03 2024: cd /home/plotnips/Dropbox/PhD_proposal/work_with_david/Exawave_3_handover/simwave_export_to_ecrc_servers_/src && /usr/bin/cmake -P CMakeFiles/simwave.dir/cmake_clean_target.cmake
Mon Mar 25 15:49:07 +03 2024: cd /home/plotnips/Dropbox/PhD_proposal/work_with_david/Exawave_3_handover/simwave_export_to_ecrc_servers_/src && /usr/bin/cmake -E cmake_link_script CMakeFiles/simwave.dir/link.txt --verbose=1
Mon Mar 25 15:49:07 +03 2024: /usr/bin/ar qc libsimwave.a  CMakeFiles/simwave.dir/bwriter.c.o CMakeFiles/simwave.dir/interp.c.o CMakeFiles/simwave.dir/mlbs.c.o CMakeFiles/simwave.dir/parser.c.o CMakeFiles/simwave.dir/pml.c.o CMakeFiles/simwave.dir/shot.c.o CMakeFiles/simwave.dir/source.c.o CMakeFiles/simwave.dir/velocity.c.o CMakeFiles/simwave.dir/wave.c.o CMakeFiles/simwave.dir/wave_tb.c.o CMakeFiles/simwave.dir/wtime.c.o
Mon Mar 25 15:49:07 +03 2024: /usr/bin/ranlib libsimwave.a
Mon Mar 25 15:49:07 +03 2024: make[2]: Leaving directory '/home/plotnips/Dropbox/PhD_proposal/work_with_david/Exawave_3_handover/simwave_export_to_ecrc_servers_'
Mon Mar 25 15:49:07 +03 2024: [ 50%] Built target simwave
Mon Mar 25 15:49:07 +03 2024: make -f app/CMakeFiles/gather.dir/build.make app/CMakeFiles/gather.dir/depend
Mon Mar 25 15:49:07 +03 2024: make[2]: Entering directory '/home/plotnips/Dropbox/PhD_proposal/work_with_david/Exawave_3_handover/simwave_export_to_ecrc_servers_'
Mon Mar 25 15:49:07 +03 2024: cd /home/plotnips/Dropbox/PhD_proposal/work_with_david/Exawave_3_handover/simwave_export_to_ecrc_servers_ && /usr/bin/cmake -E cmake_depends "Unix Makefiles" /home/plotnips/Dropbox/PhD_proposal/work_with_david/Exawave_3_handover/simwave_export_to_ecrc_servers_ /home/plotnips/Dropbox/PhD_proposal/work_with_david/Exawave_3_handover/simwave_export_to_ecrc_servers_/app /home/plotnips/Dropbox/PhD_proposal/work_with_david/Exawave_3_handover/simwave_export_to_ecrc_servers_ /home/plotnips/Dropbox/PhD_proposal/work_with_david/Exawave_3_handover/simwave_export_to_ecrc_servers_/app /home/plotnips/Dropbox/PhD_proposal/work_with_david/Exawave_3_handover/simwave_export_to_ecrc_servers_/app/CMakeFiles/gather.dir/DependInfo.cmake --color=
Mon Mar 25 15:49:07 +03 2024: make[2]: Leaving directory '/home/plotnips/Dropbox/PhD_proposal/work_with_david/Exawave_3_handover/simwave_export_to_ecrc_servers_'
Mon Mar 25 15:49:08 +03 2024: make -f app/CMakeFiles/gather.dir/build.make app/CMakeFiles/gather.dir/build
Mon Mar 25 15:49:08 +03 2024: make[2]: Entering directory '/home/plotnips/Dropbox/PhD_proposal/work_with_david/Exawave_3_handover/simwave_export_to_ecrc_servers_'
Mon Mar 25 15:49:08 +03 2024: [ 54%] Building C object app/CMakeFiles/gather.dir/gather.c.o
Mon Mar 25 15:49:08 +03 2024: cd /home/plotnips/Dropbox/PhD_proposal/work_with_david/Exawave_3_handover/simwave_export_to_ecrc_servers_/app && /sw/workstations/apps/linux-ubuntu18.04-ivybridge/intel-oneapi-compilers/2021.4.0/gcc-7.5.0/sqbobreknfie6u3gabzli6kfi3yox7as/compiler/2021.4.0/linux/bin/intel64/icc  -I/home/plotnips/Dropbox/PhD_proposal/work_with_david/Exawave_3_handover/simwave_export_to_ecrc_servers_/include -I/sw/workstations/apps/linux-ubuntu18.04-ivybridge/cuda/11.5.0/gcc-7.5.0/syen6pj6ss3cw66zlj4wkfhtixh5i4ei/include  -xHost -qopenmp -qopenmp -O3 -DNDEBUG -O3 -fno-fnalias -fno-alias -g -std=gnu99    -o CMakeFiles/gather.dir/gather.c.o   -c /home/plotnips/Dropbox/PhD_proposal/work_with_david/Exawave_3_handover/simwave_export_to_ecrc_servers_/app/gather.c
Mon Mar 25 15:49:08 +03 2024: [ 58%] Linking C executable gather
Mon Mar 25 15:49:08 +03 2024: cd /home/plotnips/Dropbox/PhD_proposal/work_with_david/Exawave_3_handover/simwave_export_to_ecrc_servers_/app && /usr/bin/cmake -E cmake_link_script CMakeFiles/gather.dir/link.txt --verbose=1
Mon Mar 25 15:49:08 +03 2024: /sw/workstations/apps/linux-ubuntu18.04-ivybridge/intel-oneapi-compilers/2021.4.0/gcc-7.5.0/sqbobreknfie6u3gabzli6kfi3yox7as/compiler/2021.4.0/linux/bin/intel64/icc -xHost -qopenmp -qopenmp -O3 -DNDEBUG -O3 -fno-fnalias -fno-alias -g -std=gnu99     CMakeFiles/gather.dir/gather.c.o  -o gather ../src/libsimwave.a -lm -lstdc++ /sw/workstations/apps/linux-ubuntu18.04-ivybridge/intel-oneapi-compilers/2021.4.0/gcc-7.5.0/sqbobreknfie6u3gabzli6kfi3yox7as/compiler/2021.4.0/linux/compiler/lib/intel64_lin/libiomp5.so -lpthread -qopenmp
Mon Mar 25 15:49:08 +03 2024: make[2]: Leaving directory '/home/plotnips/Dropbox/PhD_proposal/work_with_david/Exawave_3_handover/simwave_export_to_ecrc_servers_'
Mon Mar 25 15:49:08 +03 2024: [ 58%] Built target gather
Mon Mar 25 15:49:08 +03 2024: make -f app/CMakeFiles/modeling.dir/build.make app/CMakeFiles/modeling.dir/depend
Mon Mar 25 15:49:08 +03 2024: make[2]: Entering directory '/home/plotnips/Dropbox/PhD_proposal/work_with_david/Exawave_3_handover/simwave_export_to_ecrc_servers_'
Mon Mar 25 15:49:08 +03 2024: cd /home/plotnips/Dropbox/PhD_proposal/work_with_david/Exawave_3_handover/simwave_export_to_ecrc_servers_ && /usr/bin/cmake -E cmake_depends "Unix Makefiles" /home/plotnips/Dropbox/PhD_proposal/work_with_david/Exawave_3_handover/simwave_export_to_ecrc_servers_ /home/plotnips/Dropbox/PhD_proposal/work_with_david/Exawave_3_handover/simwave_export_to_ecrc_servers_/app /home/plotnips/Dropbox/PhD_proposal/work_with_david/Exawave_3_handover/simwave_export_to_ecrc_servers_ /home/plotnips/Dropbox/PhD_proposal/work_with_david/Exawave_3_handover/simwave_export_to_ecrc_servers_/app /home/plotnips/Dropbox/PhD_proposal/work_with_david/Exawave_3_handover/simwave_export_to_ecrc_servers_/app/CMakeFiles/modeling.dir/DependInfo.cmake --color=
Mon Mar 25 15:49:08 +03 2024: make[2]: Leaving directory '/home/plotnips/Dropbox/PhD_proposal/work_with_david/Exawave_3_handover/simwave_export_to_ecrc_servers_'
Mon Mar 25 15:49:08 +03 2024: make -f app/CMakeFiles/modeling.dir/build.make app/CMakeFiles/modeling.dir/build
Mon Mar 25 15:49:08 +03 2024: make[2]: Entering directory '/home/plotnips/Dropbox/PhD_proposal/work_with_david/Exawave_3_handover/simwave_export_to_ecrc_servers_'
Mon Mar 25 15:49:08 +03 2024: [ 62%] Building C object app/CMakeFiles/modeling.dir/modeling.c.o
Mon Mar 25 15:49:08 +03 2024: cd /home/plotnips/Dropbox/PhD_proposal/work_with_david/Exawave_3_handover/simwave_export_to_ecrc_servers_/app && /sw/workstations/apps/linux-ubuntu18.04-ivybridge/intel-oneapi-compilers/2021.4.0/gcc-7.5.0/sqbobreknfie6u3gabzli6kfi3yox7as/compiler/2021.4.0/linux/bin/intel64/icc  -I/home/plotnips/Dropbox/PhD_proposal/work_with_david/Exawave_3_handover/simwave_export_to_ecrc_servers_/include -I/sw/workstations/apps/linux-ubuntu18.04-ivybridge/cuda/11.5.0/gcc-7.5.0/syen6pj6ss3cw66zlj4wkfhtixh5i4ei/include  -xHost -qopenmp -qopenmp -O3 -DNDEBUG -O3 -fno-fnalias -fno-alias -g -std=gnu99    -o CMakeFiles/modeling.dir/modeling.c.o   -c /home/plotnips/Dropbox/PhD_proposal/work_with_david/Exawave_3_handover/simwave_export_to_ecrc_servers_/app/modeling.c
Mon Mar 25 15:49:09 +03 2024: /home/plotnips/Dropbox/PhD_proposal/work_with_david/Exawave_3_handover/simwave_export_to_ecrc_servers_/app/modeling.c(359): warning #810: conversion from "float *" to "unsigned int" may lose significant bits
Mon Mar 25 15:49:09 +03 2024: wave_tb_save_lastshot(s,shot,u0,u1,vel);
Mon Mar 25 15:49:09 +03 2024: ^
Mon Mar 25 15:49:09 +03 2024: 
Mon Mar 25 15:49:09 +03 2024: [ 66%] Linking C executable modeling
Mon Mar 25 15:49:09 +03 2024: cd /home/plotnips/Dropbox/PhD_proposal/work_with_david/Exawave_3_handover/simwave_export_to_ecrc_servers_/app && /usr/bin/cmake -E cmake_link_script CMakeFiles/modeling.dir/link.txt --verbose=1
Mon Mar 25 15:49:09 +03 2024: /sw/workstations/apps/linux-ubuntu18.04-ivybridge/intel-oneapi-compilers/2021.4.0/gcc-7.5.0/sqbobreknfie6u3gabzli6kfi3yox7as/compiler/2021.4.0/linux/bin/intel64/icc -xHost -qopenmp -qopenmp -O3 -DNDEBUG -O3 -fno-fnalias -fno-alias -g -std=gnu99     CMakeFiles/modeling.dir/modeling.c.o  -o modeling ../src/libsimwave.a -lm -lstdc++ /sw/workstations/apps/linux-ubuntu18.04-ivybridge/intel-oneapi-compilers/2021.4.0/gcc-7.5.0/sqbobreknfie6u3gabzli6kfi3yox7as/compiler/2021.4.0/linux/compiler/lib/intel64_lin/libiomp5.so -lpthread -qopenmp
Mon Mar 25 15:49:09 +03 2024: make[2]: Leaving directory '/home/plotnips/Dropbox/PhD_proposal/work_with_david/Exawave_3_handover/simwave_export_to_ecrc_servers_'
Mon Mar 25 15:49:09 +03 2024: [ 66%] Built target modeling
Mon Mar 25 15:49:09 +03 2024: make -f app/CMakeFiles/modeling-snap_end.dir/build.make app/CMakeFiles/modeling-snap_end.dir/depend
Mon Mar 25 15:49:09 +03 2024: make[2]: Entering directory '/home/plotnips/Dropbox/PhD_proposal/work_with_david/Exawave_3_handover/simwave_export_to_ecrc_servers_'
Mon Mar 25 15:49:09 +03 2024: cd /home/plotnips/Dropbox/PhD_proposal/work_with_david/Exawave_3_handover/simwave_export_to_ecrc_servers_ && /usr/bin/cmake -E cmake_depends "Unix Makefiles" /home/plotnips/Dropbox/PhD_proposal/work_with_david/Exawave_3_handover/simwave_export_to_ecrc_servers_ /home/plotnips/Dropbox/PhD_proposal/work_with_david/Exawave_3_handover/simwave_export_to_ecrc_servers_/app /home/plotnips/Dropbox/PhD_proposal/work_with_david/Exawave_3_handover/simwave_export_to_ecrc_servers_ /home/plotnips/Dropbox/PhD_proposal/work_with_david/Exawave_3_handover/simwave_export_to_ecrc_servers_/app /home/plotnips/Dropbox/PhD_proposal/work_with_david/Exawave_3_handover/simwave_export_to_ecrc_servers_/app/CMakeFiles/modeling-snap_end.dir/DependInfo.cmake --color=
Mon Mar 25 15:49:09 +03 2024: make[2]: Leaving directory '/home/plotnips/Dropbox/PhD_proposal/work_with_david/Exawave_3_handover/simwave_export_to_ecrc_servers_'
Mon Mar 25 15:49:09 +03 2024: make -f app/CMakeFiles/modeling-snap_end.dir/build.make app/CMakeFiles/modeling-snap_end.dir/build
Mon Mar 25 15:49:09 +03 2024: make[2]: Entering directory '/home/plotnips/Dropbox/PhD_proposal/work_with_david/Exawave_3_handover/simwave_export_to_ecrc_servers_'
Mon Mar 25 15:49:09 +03 2024: [ 70%] Building C object app/CMakeFiles/modeling-snap_end.dir/modeling-snap_end.c.o
Mon Mar 25 15:49:09 +03 2024: cd /home/plotnips/Dropbox/PhD_proposal/work_with_david/Exawave_3_handover/simwave_export_to_ecrc_servers_/app && /sw/workstations/apps/linux-ubuntu18.04-ivybridge/intel-oneapi-compilers/2021.4.0/gcc-7.5.0/sqbobreknfie6u3gabzli6kfi3yox7as/compiler/2021.4.0/linux/bin/intel64/icc  -I/home/plotnips/Dropbox/PhD_proposal/work_with_david/Exawave_3_handover/simwave_export_to_ecrc_servers_/include -I/sw/workstations/apps/linux-ubuntu18.04-ivybridge/cuda/11.5.0/gcc-7.5.0/syen6pj6ss3cw66zlj4wkfhtixh5i4ei/include  -xHost -qopenmp -qopenmp -O3 -DNDEBUG -O3 -fno-fnalias -fno-alias -g -std=gnu99    -o CMakeFiles/modeling-snap_end.dir/modeling-snap_end.c.o   -c /home/plotnips/Dropbox/PhD_proposal/work_with_david/Exawave_3_handover/simwave_export_to_ecrc_servers_/app/modeling-snap_end.c
Mon Mar 25 15:49:10 +03 2024: [ 75%] Linking C executable modeling-snap_end
Mon Mar 25 15:49:10 +03 2024: cd /home/plotnips/Dropbox/PhD_proposal/work_with_david/Exawave_3_handover/simwave_export_to_ecrc_servers_/app && /usr/bin/cmake -E cmake_link_script CMakeFiles/modeling-snap_end.dir/link.txt --verbose=1
Mon Mar 25 15:49:10 +03 2024: /sw/workstations/apps/linux-ubuntu18.04-ivybridge/intel-oneapi-compilers/2021.4.0/gcc-7.5.0/sqbobreknfie6u3gabzli6kfi3yox7as/compiler/2021.4.0/linux/bin/intel64/icc -xHost -qopenmp -qopenmp -O3 -DNDEBUG -O3 -fno-fnalias -fno-alias -g -std=gnu99     CMakeFiles/modeling-snap_end.dir/modeling-snap_end.c.o  -o modeling-snap_end ../src/libsimwave.a -lm -lstdc++ /sw/workstations/apps/linux-ubuntu18.04-ivybridge/intel-oneapi-compilers/2021.4.0/gcc-7.5.0/sqbobreknfie6u3gabzli6kfi3yox7as/compiler/2021.4.0/linux/compiler/lib/intel64_lin/libiomp5.so -lpthread -qopenmp
Mon Mar 25 15:49:10 +03 2024: make[2]: Leaving directory '/home/plotnips/Dropbox/PhD_proposal/work_with_david/Exawave_3_handover/simwave_export_to_ecrc_servers_'
Mon Mar 25 15:49:10 +03 2024: [ 75%] Built target modeling-snap_end
Mon Mar 25 15:49:10 +03 2024: make -f app/CMakeFiles/modeling-snap_tb.dir/build.make app/CMakeFiles/modeling-snap_tb.dir/depend
Mon Mar 25 15:49:10 +03 2024: make[2]: Entering directory '/home/plotnips/Dropbox/PhD_proposal/work_with_david/Exawave_3_handover/simwave_export_to_ecrc_servers_'
Mon Mar 25 15:49:10 +03 2024: cd /home/plotnips/Dropbox/PhD_proposal/work_with_david/Exawave_3_handover/simwave_export_to_ecrc_servers_ && /usr/bin/cmake -E cmake_depends "Unix Makefiles" /home/plotnips/Dropbox/PhD_proposal/work_with_david/Exawave_3_handover/simwave_export_to_ecrc_servers_ /home/plotnips/Dropbox/PhD_proposal/work_with_david/Exawave_3_handover/simwave_export_to_ecrc_servers_/app /home/plotnips/Dropbox/PhD_proposal/work_with_david/Exawave_3_handover/simwave_export_to_ecrc_servers_ /home/plotnips/Dropbox/PhD_proposal/work_with_david/Exawave_3_handover/simwave_export_to_ecrc_servers_/app /home/plotnips/Dropbox/PhD_proposal/work_with_david/Exawave_3_handover/simwave_export_to_ecrc_servers_/app/CMakeFiles/modeling-snap_tb.dir/DependInfo.cmake --color=
Mon Mar 25 15:49:10 +03 2024: make[2]: Leaving directory '/home/plotnips/Dropbox/PhD_proposal/work_with_david/Exawave_3_handover/simwave_export_to_ecrc_servers_'
Mon Mar 25 15:49:10 +03 2024: make -f app/CMakeFiles/modeling-snap_tb.dir/build.make app/CMakeFiles/modeling-snap_tb.dir/build
Mon Mar 25 15:49:10 +03 2024: make[2]: Entering directory '/home/plotnips/Dropbox/PhD_proposal/work_with_david/Exawave_3_handover/simwave_export_to_ecrc_servers_'
Mon Mar 25 15:49:10 +03 2024: [ 79%] Building C object app/CMakeFiles/modeling-snap_tb.dir/modeling-snap_tb.c.o
Mon Mar 25 15:49:10 +03 2024: cd /home/plotnips/Dropbox/PhD_proposal/work_with_david/Exawave_3_handover/simwave_export_to_ecrc_servers_/app && /sw/workstations/apps/linux-ubuntu18.04-ivybridge/intel-oneapi-compilers/2021.4.0/gcc-7.5.0/sqbobreknfie6u3gabzli6kfi3yox7as/compiler/2021.4.0/linux/bin/intel64/icc  -I/home/plotnips/Dropbox/PhD_proposal/work_with_david/Exawave_3_handover/simwave_export_to_ecrc_servers_/include -I/sw/workstations/apps/linux-ubuntu18.04-ivybridge/cuda/11.5.0/gcc-7.5.0/syen6pj6ss3cw66zlj4wkfhtixh5i4ei/include  -xHost -qopenmp -qopenmp -O3 -DNDEBUG -O3 -fno-fnalias -fno-alias -g -std=gnu99    -o CMakeFiles/modeling-snap_tb.dir/modeling-snap_tb.c.o   -c /home/plotnips/Dropbox/PhD_proposal/work_with_david/Exawave_3_handover/simwave_export_to_ecrc_servers_/app/modeling-snap_tb.c
Mon Mar 25 15:49:10 +03 2024: [ 83%] Linking C executable modeling-snap_tb
Mon Mar 25 15:49:10 +03 2024: cd /home/plotnips/Dropbox/PhD_proposal/work_with_david/Exawave_3_handover/simwave_export_to_ecrc_servers_/app && /usr/bin/cmake -E cmake_link_script CMakeFiles/modeling-snap_tb.dir/link.txt --verbose=1
Mon Mar 25 15:49:10 +03 2024: /sw/workstations/apps/linux-ubuntu18.04-ivybridge/intel-oneapi-compilers/2021.4.0/gcc-7.5.0/sqbobreknfie6u3gabzli6kfi3yox7as/compiler/2021.4.0/linux/bin/intel64/icc -xHost -qopenmp -qopenmp -O3 -DNDEBUG -O3 -fno-fnalias -fno-alias -g -std=gnu99     CMakeFiles/modeling-snap_tb.dir/modeling-snap_tb.c.o  -o modeling-snap_tb ../src/libsimwave.a -lm -lstdc++ /sw/workstations/apps/linux-ubuntu18.04-ivybridge/intel-oneapi-compilers/2021.4.0/gcc-7.5.0/sqbobreknfie6u3gabzli6kfi3yox7as/compiler/2021.4.0/linux/compiler/lib/intel64_lin/libiomp5.so -lpthread -qopenmp
Mon Mar 25 15:49:11 +03 2024: make[2]: Leaving directory '/home/plotnips/Dropbox/PhD_proposal/work_with_david/Exawave_3_handover/simwave_export_to_ecrc_servers_'
Mon Mar 25 15:49:11 +03 2024: [ 83%] Built target modeling-snap_tb
Mon Mar 25 15:49:11 +03 2024: make -f app/CMakeFiles/rtm.dir/build.make app/CMakeFiles/rtm.dir/depend
Mon Mar 25 15:49:11 +03 2024: make[2]: Entering directory '/home/plotnips/Dropbox/PhD_proposal/work_with_david/Exawave_3_handover/simwave_export_to_ecrc_servers_'
Mon Mar 25 15:49:11 +03 2024: cd /home/plotnips/Dropbox/PhD_proposal/work_with_david/Exawave_3_handover/simwave_export_to_ecrc_servers_ && /usr/bin/cmake -E cmake_depends "Unix Makefiles" /home/plotnips/Dropbox/PhD_proposal/work_with_david/Exawave_3_handover/simwave_export_to_ecrc_servers_ /home/plotnips/Dropbox/PhD_proposal/work_with_david/Exawave_3_handover/simwave_export_to_ecrc_servers_/app /home/plotnips/Dropbox/PhD_proposal/work_with_david/Exawave_3_handover/simwave_export_to_ecrc_servers_ /home/plotnips/Dropbox/PhD_proposal/work_with_david/Exawave_3_handover/simwave_export_to_ecrc_servers_/app /home/plotnips/Dropbox/PhD_proposal/work_with_david/Exawave_3_handover/simwave_export_to_ecrc_servers_/app/CMakeFiles/rtm.dir/DependInfo.cmake --color=
Mon Mar 25 15:49:11 +03 2024: make[2]: Leaving directory '/home/plotnips/Dropbox/PhD_proposal/work_with_david/Exawave_3_handover/simwave_export_to_ecrc_servers_'
Mon Mar 25 15:49:11 +03 2024: make -f app/CMakeFiles/rtm.dir/build.make app/CMakeFiles/rtm.dir/build
Mon Mar 25 15:49:11 +03 2024: make[2]: Entering directory '/home/plotnips/Dropbox/PhD_proposal/work_with_david/Exawave_3_handover/simwave_export_to_ecrc_servers_'
Mon Mar 25 15:49:11 +03 2024: [ 87%] Building C object app/CMakeFiles/rtm.dir/rtm.c.o
Mon Mar 25 15:49:11 +03 2024: cd /home/plotnips/Dropbox/PhD_proposal/work_with_david/Exawave_3_handover/simwave_export_to_ecrc_servers_/app && /sw/workstations/apps/linux-ubuntu18.04-ivybridge/intel-oneapi-compilers/2021.4.0/gcc-7.5.0/sqbobreknfie6u3gabzli6kfi3yox7as/compiler/2021.4.0/linux/bin/intel64/icc  -I/home/plotnips/Dropbox/PhD_proposal/work_with_david/Exawave_3_handover/simwave_export_to_ecrc_servers_/include -I/sw/workstations/apps/linux-ubuntu18.04-ivybridge/cuda/11.5.0/gcc-7.5.0/syen6pj6ss3cw66zlj4wkfhtixh5i4ei/include  -xHost -qopenmp -qopenmp -O3 -DNDEBUG -O3 -fno-fnalias -fno-alias -g -std=gnu99    -o CMakeFiles/rtm.dir/rtm.c.o   -c /home/plotnips/Dropbox/PhD_proposal/work_with_david/Exawave_3_handover/simwave_export_to_ecrc_servers_/app/rtm.c
Mon Mar 25 15:49:11 +03 2024: [ 91%] Linking C executable rtm
Mon Mar 25 15:49:11 +03 2024: cd /home/plotnips/Dropbox/PhD_proposal/work_with_david/Exawave_3_handover/simwave_export_to_ecrc_servers_/app && /usr/bin/cmake -E cmake_link_script CMakeFiles/rtm.dir/link.txt --verbose=1
Mon Mar 25 15:49:11 +03 2024: /sw/workstations/apps/linux-ubuntu18.04-ivybridge/intel-oneapi-compilers/2021.4.0/gcc-7.5.0/sqbobreknfie6u3gabzli6kfi3yox7as/compiler/2021.4.0/linux/bin/intel64/icc -xHost -qopenmp -qopenmp -O3 -DNDEBUG -O3 -fno-fnalias -fno-alias -g -std=gnu99     CMakeFiles/rtm.dir/rtm.c.o  -o rtm ../src/libsimwave.a -lm -lstdc++ /sw/workstations/apps/linux-ubuntu18.04-ivybridge/intel-oneapi-compilers/2021.4.0/gcc-7.5.0/sqbobreknfie6u3gabzli6kfi3yox7as/compiler/2021.4.0/linux/compiler/lib/intel64_lin/libiomp5.so -lpthread -qopenmp
Mon Mar 25 15:49:12 +03 2024: make[2]: Leaving directory '/home/plotnips/Dropbox/PhD_proposal/work_with_david/Exawave_3_handover/simwave_export_to_ecrc_servers_'
Mon Mar 25 15:49:12 +03 2024: [ 91%] Built target rtm
Mon Mar 25 15:49:12 +03 2024: make -f app/CMakeFiles/modeling_original.dir/build.make app/CMakeFiles/modeling_original.dir/depend
Mon Mar 25 15:49:12 +03 2024: make[2]: Entering directory '/home/plotnips/Dropbox/PhD_proposal/work_with_david/Exawave_3_handover/simwave_export_to_ecrc_servers_'
Mon Mar 25 15:49:12 +03 2024: cd /home/plotnips/Dropbox/PhD_proposal/work_with_david/Exawave_3_handover/simwave_export_to_ecrc_servers_ && /usr/bin/cmake -E cmake_depends "Unix Makefiles" /home/plotnips/Dropbox/PhD_proposal/work_with_david/Exawave_3_handover/simwave_export_to_ecrc_servers_ /home/plotnips/Dropbox/PhD_proposal/work_with_david/Exawave_3_handover/simwave_export_to_ecrc_servers_/app /home/plotnips/Dropbox/PhD_proposal/work_with_david/Exawave_3_handover/simwave_export_to_ecrc_servers_ /home/plotnips/Dropbox/PhD_proposal/work_with_david/Exawave_3_handover/simwave_export_to_ecrc_servers_/app /home/plotnips/Dropbox/PhD_proposal/work_with_david/Exawave_3_handover/simwave_export_to_ecrc_servers_/app/CMakeFiles/modeling_original.dir/DependInfo.cmake --color=
Mon Mar 25 15:49:12 +03 2024: make[2]: Leaving directory '/home/plotnips/Dropbox/PhD_proposal/work_with_david/Exawave_3_handover/simwave_export_to_ecrc_servers_'
Mon Mar 25 15:49:12 +03 2024: make -f app/CMakeFiles/modeling_original.dir/build.make app/CMakeFiles/modeling_original.dir/build
Mon Mar 25 15:49:12 +03 2024: make[2]: Entering directory '/home/plotnips/Dropbox/PhD_proposal/work_with_david/Exawave_3_handover/simwave_export_to_ecrc_servers_'
Mon Mar 25 15:49:12 +03 2024: [ 95%] Building C object app/CMakeFiles/modeling_original.dir/modeling_original.c.o
Mon Mar 25 15:49:12 +03 2024: cd /home/plotnips/Dropbox/PhD_proposal/work_with_david/Exawave_3_handover/simwave_export_to_ecrc_servers_/app && /sw/workstations/apps/linux-ubuntu18.04-ivybridge/intel-oneapi-compilers/2021.4.0/gcc-7.5.0/sqbobreknfie6u3gabzli6kfi3yox7as/compiler/2021.4.0/linux/bin/intel64/icc  -I/home/plotnips/Dropbox/PhD_proposal/work_with_david/Exawave_3_handover/simwave_export_to_ecrc_servers_/include -I/sw/workstations/apps/linux-ubuntu18.04-ivybridge/cuda/11.5.0/gcc-7.5.0/syen6pj6ss3cw66zlj4wkfhtixh5i4ei/include  -xHost -qopenmp -qopenmp -O3 -DNDEBUG -O3 -fno-fnalias -fno-alias -g -std=gnu99    -o CMakeFiles/modeling_original.dir/modeling_original.c.o   -c /home/plotnips/Dropbox/PhD_proposal/work_with_david/Exawave_3_handover/simwave_export_to_ecrc_servers_/app/modeling_original.c
Mon Mar 25 15:49:12 +03 2024: [100%] Linking C executable modeling_original
Mon Mar 25 15:49:12 +03 2024: cd /home/plotnips/Dropbox/PhD_proposal/work_with_david/Exawave_3_handover/simwave_export_to_ecrc_servers_/app && /usr/bin/cmake -E cmake_link_script CMakeFiles/modeling_original.dir/link.txt --verbose=1
Mon Mar 25 15:49:12 +03 2024: /sw/workstations/apps/linux-ubuntu18.04-ivybridge/intel-oneapi-compilers/2021.4.0/gcc-7.5.0/sqbobreknfie6u3gabzli6kfi3yox7as/compiler/2021.4.0/linux/bin/intel64/icc -xHost -qopenmp -qopenmp -O3 -DNDEBUG -O3 -fno-fnalias -fno-alias -g -std=gnu99     CMakeFiles/modeling_original.dir/modeling_original.c.o  -o modeling_original ../src/libsimwave.a -lm -lstdc++ /sw/workstations/apps/linux-ubuntu18.04-ivybridge/intel-oneapi-compilers/2021.4.0/gcc-7.5.0/sqbobreknfie6u3gabzli6kfi3yox7as/compiler/2021.4.0/linux/compiler/lib/intel64_lin/libiomp5.so -lpthread -qopenmp
Mon Mar 25 15:49:12 +03 2024: make[2]: Leaving directory '/home/plotnips/Dropbox/PhD_proposal/work_with_david/Exawave_3_handover/simwave_export_to_ecrc_servers_'
Mon Mar 25 15:49:13 +03 2024: [100%] Built target modeling_original
Mon Mar 25 15:49:13 +03 2024: make[1]: Leaving directory '/home/plotnips/Dropbox/PhD_proposal/work_with_david/Exawave_3_handover/simwave_export_to_ecrc_servers_'
Mon Mar 25 15:49:13 +03 2024: /usr/bin/cmake -E cmake_progress_start /home/plotnips/Dropbox/PhD_proposal/work_with_david/Exawave_3_handover/simwave_export_to_ecrc_servers_/CMakeFiles 0
Mon Mar 25 15:49:13 +03 2024: [ 50%] Built target simwave
Mon Mar 25 15:49:13 +03 2024: [ 58%] Built target gather
Mon Mar 25 15:49:13 +03 2024: [ 66%] Built target modeling
Mon Mar 25 15:49:13 +03 2024: [ 75%] Built target modeling-snap_end
Mon Mar 25 15:49:13 +03 2024: [ 83%] Built target modeling-snap_tb
Mon Mar 25 15:49:13 +03 2024: [ 91%] Built target rtm
Mon Mar 25 15:49:13 +03 2024: [100%] Built target modeling_original
Mon Mar 25 15:49:13 +03 2024: Install the project...
Mon Mar 25 15:49:13 +03 2024: -- Install configuration: "Release"
Mon Mar 25 15:49:13 +03 2024: -- Installing: /home/plotnips/Dropbox/PhD_proposal/work_with_david/Exawave_3_handover/simwave_export_to_ecrc_servers_/lib/libsimwave.a
Mon Mar 25 15:49:13 +03 2024: -- Installing: /home/plotnips/Dropbox/PhD_proposal/work_with_david/Exawave_3_handover/simwave_export_to_ecrc_servers_/bin/gather
Mon Mar 25 15:49:13 +03 2024: -- Installing: /home/plotnips/Dropbox/PhD_proposal/work_with_david/Exawave_3_handover/simwave_export_to_ecrc_servers_/bin/modeling-snap_end
Mon Mar 25 15:49:13 +03 2024: -- Installing: /home/plotnips/Dropbox/PhD_proposal/work_with_david/Exawave_3_handover/simwave_export_to_ecrc_servers_/bin/modeling-snap_tb
Mon Mar 25 15:49:13 +03 2024: -- Installing: /home/plotnips/Dropbox/PhD_proposal/work_with_david/Exawave_3_handover/simwave_export_to_ecrc_servers_/bin/modeling
Mon Mar 25 15:49:13 +03 2024: -- Installing: /home/plotnips/Dropbox/PhD_proposal/work_with_david/Exawave_3_handover/simwave_export_to_ecrc_servers_/bin/modeling_original
Mon Mar 25 15:49:13 +03 2024: -- Installing: /home/plotnips/Dropbox/PhD_proposal/work_with_david/Exawave_3_handover/simwave_export_to_ecrc_servers_/bin/rtm
Mon Mar 25 15:49:13 +03 2024: rm: cannot remove 'data/*': No such file or directory
Mon Mar 25 15:49:16 +03 2024: OMP: Info #268: OMP_NESTED variable deprecated, please use OMP_MAX_ACTIVE_LEVELS instead.
Mon Mar 25 15:49:18 +03 2024: [SIMWAVE MSG]:... cpu=: 1
Mon Mar 25 15:49:18 +03 2024: 
Mon Mar 25 15:49:18 +03 2024: [SIMWAVE MSG]:point1
Mon Mar 25 15:49:18 +03 2024: [SIMWAVE MSG]:point2
Mon Mar 25 15:49:18 +03 2024: [SIMWAVE MSG]:before velocity_query_model
Mon Mar 25 15:49:18 +03 2024: [SIMWAVE MSG]:wave_init_numerics. point1
Mon Mar 25 15:49:18 +03 2024: [SIMWAVE MSG]:... setting nb_snap = Nyquist sampling: 25
Mon Mar 25 15:49:18 +03 2024: 
Mon Mar 25 15:49:18 +03 2024: [SIMWAVE MSG]: s->dim2, 0
Mon Mar 25 15:49:18 +03 2024: 
Mon Mar 25 15:49:18 +03 2024: [SIMWAVE MSG]: s->pmly, 0
Mon Mar 25 15:49:18 +03 2024: 
Mon Mar 25 15:49:18 +03 2024: [SIMWAVE MSG]: s->drcv, 10
Mon Mar 25 15:49:18 +03 2024: 
Mon Mar 25 15:49:18 +03 2024: [SIMWAVE MSG]: s->dtrpy, 1
Mon Mar 25 15:49:18 +03 2024: 
Mon Mar 25 15:49:18 +03 2024: [SIMWAVE MSG]: s->pmlx, 0
Mon Mar 25 15:49:18 +03 2024: 
Mon Mar 25 15:49:18 +03 2024: [SIMWAVE MSG]: s->dtrpx, 1
Mon Mar 25 15:49:18 +03 2024: 
Mon Mar 25 15:49:18 +03 2024: [SIMWAVE MSG]: s->rcv_len, 0
Mon Mar 25 15:49:18 +03 2024: 
Mon Mar 25 15:49:18 +03 2024: [SIMWAVE MSG]: s->dimy, 512
Mon Mar 25 15:49:18 +03 2024: 
Mon Mar 25 15:49:18 +03 2024: [SIMWAVE MSG]: s->pmly, 0
Mon Mar 25 15:49:18 +03 2024: 
Mon Mar 25 15:49:18 +03 2024: [SIMWAVE MSG]: s->rcv_len, 2601
Mon Mar 25 15:49:18 +03 2024: 
Mon Mar 25 15:49:18 +03 2024: data/acquisition.txt
Mon Mar 25 15:49:18 +03 2024: [SIMWAVE MSG]:
Mon Mar 25 15:49:18 +03 2024: [SIMWAVE MSG]:... simwave information:
Mon Mar 25 15:49:18 +03 2024: [SIMWAVE MSG]:... velocity size       = 512 x 512 x 512
Mon Mar 25 15:49:18 +03 2024: [SIMWAVE MSG]:... velocity min/max    = 1500.000000 - 4500.000000
Mon Mar 25 15:49:18 +03 2024: [SIMWAVE MSG]:... compute domain size = 512 x 512 x 512 (134.094238 MB)
Mon Mar 25 15:49:18 +03 2024: [SIMWAVE MSG]:... imaging domain size = 512 x 512 x 512 (128.000000 MB)
Mon Mar 25 15:49:18 +03 2024: [SIMWAVE MSG]:... cdp,line,depth      = 10 x 10 x 10
Mon Mar 25 15:49:18 +03 2024: [SIMWAVE MSG]:... dS                  = 10 x 10 x 10
Mon Mar 25 15:49:18 +03 2024: [SIMWAVE MSG]:... dtrp                = 1 x 1 x 1
Mon Mar 25 15:49:18 +03 2024: [SIMWAVE MSG]:... dt                  = 0.000805077
Mon Mar 25 15:49:18 +03 2024: [SIMWAVE MSG]:... stencil size        = 9 x 9 x 9
Mon Mar 25 15:49:19 +03 2024: [SIMWAVE MSG]:... pml damping         = 0 x 0 x 0
Mon Mar 25 15:49:19 +03 2024: [SIMWAVE MSG]:... source depth        = 0
Mon Mar 25 15:49:19 +03 2024: [SIMWAVE MSG]:... coefx               = -1.78571e-05 0.000253968 -0.002 0.016 -0.0284722 0.016 -0.002 0.000253968 -1.78571e-05
Mon Mar 25 15:49:19 +03 2024: [SIMWAVE MSG]:... coefy               = -1.78571e-05 0.000253968 -0.002 0.016 -0.0284722 0.016 -0.002 0.000253968 -1.78571e-05
Mon Mar 25 15:49:19 +03 2024: [SIMWAVE MSG]:... coefz               = -1.78571e-05 0.000253968 -0.002 0.016 -0.0284722 0.016 -0.002 0.000253968 -1.78571e-05
Mon Mar 25 15:49:19 +03 2024: [SIMWAVE MSG]:... hdx2, hdy2, hdz2    = 0.002500, 0.002500, 0.002500
Mon Mar 25 15:49:19 +03 2024: [SIMWAVE MSG]:... time steps          = 104
Mon Mar 25 15:49:19 +03 2024: [SIMWAVE MSG]:... acquisition geometry:
Mon Mar 25 15:49:19 +03 2024: [SIMWAVE MSG]:... number of receivers              = 2601
Mon Mar 25 15:49:19 +03 2024: [SIMWAVE MSG]:... depth of the receivers           = 5
Mon Mar 25 15:49:19 +03 2024: [SIMWAVE MSG]:... space between 2 receivers        = 10
Mon Mar 25 15:49:19 +03 2024: [SIMWAVE MSG]:... number of shots                  = 2601
Mon Mar 25 15:49:19 +03 2024: [SIMWAVE MSG]:
Mon Mar 25 15:49:19 +03 2024: ncpus : 48
Mon Mar 25 15:49:19 +03 2024: errno001 : Success
Mon Mar 25 15:49:19 +03 2024: errno001 : Success
Mon Mar 25 15:49:19 +03 2024: ntg 4, tgs 14
Mon Mar 25 15:49:19 +03 2024: [SIMWAVE MSG]:sched_setaffinity (th :48) Invalid argument
Mon Mar 25 15:49:19 +03 2024: 
Mon Mar 25 15:49:19 +03 2024: [SIMWAVE MSG]:sched_setaffinity (th :49) Invalid argument
Mon Mar 25 15:49:19 +03 2024: 
Mon Mar 25 15:49:19 +03 2024: [SIMWAVE MSG]:sched_setaffinity (th :54) Invalid argument
Mon Mar 25 15:49:19 +03 2024: 
Mon Mar 25 15:49:19 +03 2024: [SIMWAVE MSG]:sched_setaffinity (th :53) Invalid argument
Mon Mar 25 15:49:19 +03 2024: 
Mon Mar 25 15:49:19 +03 2024: [SIMWAVE MSG]:sched_setaffinity (th :51) Invalid argument
Mon Mar 25 15:49:19 +03 2024: 
Mon Mar 25 15:49:19 +03 2024: [SIMWAVE MSG]:sched_setaffinity (th :52) Invalid argument
Mon Mar 25 15:49:19 +03 2024: 
Mon Mar 25 15:49:19 +03 2024: [SIMWAVE MSG]:sched_setaffinity (th :55) Invalid argument
Mon Mar 25 15:49:19 +03 2024: 
Mon Mar 25 15:49:19 +03 2024: [SIMWAVE MSG]:sched_setaffinity (th :50) Invalid argument
Mon Mar 25 15:49:19 +03 2024: 
Mon Mar 25 15:49:19 +03 2024: Threads binding (tid->OS tid): 0->0 1->1 2->2 3->3 4->4 5->5 6->6 7->7 8->8 9->9 10->10 11->11 12->12 13->13 14->14 15->15 16->16 17->17 18->18 19->19 20->20 21->21 22->22 23->23 24->24 25->25 26->26 27->27 28->28 29->29 30->30 31->31 32->32 33->33 34->34 35->35 36->36 37->37 38->38 39->39 40->40 41->41 42->42 43->43 44->44 45->45 46->46 47->47 48->44 49->21 50->21 51->45 52->22 53->46 54->23 55->47
Mon Mar 25 15:49:19 +03 2024: [SIMWAVE MSG]:
Mon Mar 25 15:49:19 +03 2024: [SIMWAVE MSG]:-------------------------------------------
Mon Mar 25 15:49:19 +03 2024: [SIMWAVE MSG]:wave temporal blocking info
Mon Mar 25 15:49:19 +03 2024: [SIMWAVE MSG]:-------------------------------------------
Mon Mar 25 15:49:19 +03 2024: [SIMWAVE MSG]:thread group : (1,2,7)
Mon Mar 25 15:49:19 +03 2024: [SIMWAVE MSG]:group size: 14 num_group : 4
Mon Mar 25 15:49:19 +03 2024: [SIMWAVE MSG]:-------------------------------------------
Mon Mar 25 15:49:19 +03 2024: [SIMWAVE MSG]:temporal blocking
Mon Mar 25 15:49:19 +03 2024: [SIMWAVE MSG]:t_dim : 3, num_wf : 21, diam_width : 32
Mon Mar 25 15:49:19 +03 2024: [SIMWAVE MSG]:-------------------------------------------
Mon Mar 25 15:49:19 +03 2024: [SIMWAVE MSG]:scheduling info
Mon Mar 25 15:49:19 +03 2024: [SIMWAVE MSG]:t_len : 25, y_len_l : 16, y_lenr : 17
Mon Mar 25 15:49:19 +03 2024: [SIMWAVE MSG]:-------------------------------------------
Mon Mar 25 15:49:20 +03 2024: [SIMWAVE MSG]:grid info
Mon Mar 25 15:49:20 +03 2024: [SIMWAVE MSG]:stride       : (520,520,520)
Mon Mar 25 15:49:20 +03 2024: [SIMWAVE MSG]:stencil grid : (512,512,512)
Mon Mar 25 15:49:20 +03 2024: [SIMWAVE MSG]:halo : 4
Mon Mar 25 15:49:20 +03 2024: [SIMWAVE MSG]:-------------------------------------------
Mon Mar 25 15:49:20 +03 2024: [SIMWAVE MSG]:mode info
Mon Mar 25 15:49:20 +03 2024: [SIMWAVE MSG]:MODE (2) : SEPARATE MODE
Mon Mar 25 15:49:20 +03 2024: [SIMWAVE MSG]:-------------------------------------------
Mon Mar 25 15:49:20 +03 2024: [SIMWAVE MSG]:loop over the shots
Mon Mar 25 15:49:20 +03 2024: rcv_len 2601, time_steps 104
Mon Mar 25 15:49:20 +03 2024: [SIMWAVE MSG]:Processing shot 1301
Mon Mar 25 15:49:20 +03 2024: [SIMWAVE MSG]:... dealing with shot number 1301 (source @ 137038).
Mon Mar 25 15:49:20 +03 2024: [SIMWAVE MSG]:
Mon Mar 25 15:49:20 +03 2024: [SIMWAVE MSG]:-------------------------------------------
Mon Mar 25 15:49:20 +03 2024: [SIMWAVE MSG]:wave data info
Mon Mar 25 15:49:20 +03 2024: [SIMWAVE MSG]:-------------------------------------------
Mon Mar 25 15:49:20 +03 2024: [SIMWAVE MSG]:src_depth : 4
Mon Mar 25 15:49:20 +03 2024: [SIMWAVE MSG]:src_idx   : 137038
Mon Mar 25 15:49:20 +03 2024: [SIMWAVE MSG]:position  : (278,263,4)
Mon Mar 25 15:49:20 +03 2024: [SIMWAVE MSG]:-------------------------------------------
Mon Mar 25 15:49:20 +03 2024: [SIMWAVE MSG]:rcv_depth : 9
Mon Mar 25 15:49:20 +03 2024: [SIMWAVE MSG]:rcv_len   : 2601
Mon Mar 25 15:49:20 +03 2024: [SIMWAVE MSG]:-------------------------------------------
Mon Mar 25 15:49:20 +03 2024: WARNING: Could not set CPU Affinity (3 12 54)
Mon Mar 25 15:49:20 +03 2024: WARNING: Could not set CPU Affinity (3 13 55)
Mon Mar 25 15:49:20 +03 2024: WARNING: Could not set CPU Affinity (3 8 50)
Mon Mar 25 15:49:20 +03 2024: WARNING: Could not set CPU Affinity (3 10 52)
Mon Mar 25 15:49:20 +03 2024: WARNING: Could not set CPU Affinity (3 6 48)
Mon Mar 25 15:49:20 +03 2024: WARNING: Could not set CPU Affinity (3 11 53)
Mon Mar 25 15:49:20 +03 2024: WARNING: Could not set CPU Affinity (3 7 49)
Mon Mar 25 15:49:20 +03 2024: WARNING: Could not set CPU Affinity (3 9 51)
Mon Mar 25 15:49:20 +03 2024: WARNING: Could not set CPU Affinity (3 13 55)
Mon Mar 25 15:49:20 +03 2024: WARNING: Could not set CPU Affinity (3 8 50)
Mon Mar 25 15:49:20 +03 2024: WARNING: Could not set CPU Affinity (3 10 52)
Mon Mar 25 15:49:20 +03 2024: WARNING: Could not set CPU Affinity (3 6 48)
Mon Mar 25 15:49:20 +03 2024: WARNING: Could not set CPU Affinity (3 11 53)
Mon Mar 25 15:49:20 +03 2024: WARNING: Could not set CPU Affinity (3 9 51)
Mon Mar 25 15:49:20 +03 2024: WARNING: Could not set CPU Affinity (3 7 49)
Mon Mar 25 15:49:20 +03 2024: WARNING: Could not set CPU Affinity (3 12 54)
Mon Mar 25 15:49:20 +03 2024: WARNING: Could not set CPU Affinity (3 13 55)
Mon Mar 25 15:49:20 +03 2024: WARNING: Could not set CPU Affinity (3 12 54)
Mon Mar 25 15:49:20 +03 2024: WARNING: Could not set CPU Affinity (3 7 49)
Mon Mar 25 15:49:20 +03 2024: WARNING: Could not set CPU Affinity (3 11 53)
Mon Mar 25 15:49:20 +03 2024: WARNING: Could not set CPU Affinity (3 8 50)
Mon Mar 25 15:49:20 +03 2024: WARNING: Could not set CPU Affinity (3 10 52)
Mon Mar 25 15:49:20 +03 2024: WARNING: Could not set CPU Affinity (3 6 48)
Mon Mar 25 15:49:21 +03 2024: WARNING: Could not set CPU Affinity (3 9 51)
Mon Mar 25 15:49:21 +03 2024: WARNING: Could not set CPU Affinity (3 8 50)
Mon Mar 25 15:49:21 +03 2024: WARNING: Could not set CPU Affinity (3 11 53)
Mon Mar 25 15:49:21 +03 2024: WARNING: Could not set CPU Affinity (3 9 51)
Mon Mar 25 15:49:21 +03 2024: WARNING: Could not set CPU Affinity (3 6 48)
Mon Mar 25 15:49:21 +03 2024: WARNING: Could not set CPU Affinity (3 7 49)
Mon Mar 25 15:49:21 +03 2024: WARNING: Could not set CPU Affinity (3 13 55)
Mon Mar 25 15:49:21 +03 2024: WARNING: Could not set CPU Affinity (3 12 54)
Mon Mar 25 15:49:21 +03 2024: WARNING: Could not set CPU Affinity (3 10 52)
Mon Mar 25 15:49:21 +03 2024: WARNING: Could not set CPU Affinity (3 12 54)
Mon Mar 25 15:49:21 +03 2024: WARNING: Could not set CPU Affinity (3 7 49)
Mon Mar 25 15:49:21 +03 2024: WARNING: Could not set CPU Affinity (3 13 55)
Mon Mar 25 15:49:21 +03 2024: WARNING: Could not set CPU Affinity (3 8 50)
Mon Mar 25 15:49:21 +03 2024: WARNING: Could not set CPU Affinity (3 9 51)
Mon Mar 25 15:49:21 +03 2024: WARNING: Could not set CPU Affinity (3 10 52)
Mon Mar 25 15:49:21 +03 2024: WARNING: Could not set CPU Affinity (3 11 53)
Mon Mar 25 15:49:21 +03 2024: WARNING: Could not set CPU Affinity (3 6 48)
Mon Mar 25 15:49:21 +03 2024: WARNING: Could not set CPU Affinity (3 12 54)
Mon Mar 25 15:49:21 +03 2024: WARNING: Could not set CPU Affinity (3 6 48)
Mon Mar 25 15:49:21 +03 2024: WARNING: Could not set CPU Affinity (3 7 49)
Mon Mar 25 15:49:21 +03 2024: WARNING: Could not set CPU Affinity (3 13 55)
Mon Mar 25 15:49:21 +03 2024: WARNING: Could not set CPU Affinity (3 8 50)
Mon Mar 25 15:49:21 +03 2024: WARNING: Could not set CPU Affinity (3 9 51)
Mon Mar 25 15:49:21 +03 2024: WARNING: Could not set CPU Affinity (3 10 52)
Mon Mar 25 15:49:21 +03 2024: WARNING: Could not set CPU Affinity (3 11 53)
Mon Mar 25 15:49:21 +03 2024: WARNING: Could not set CPU Affinity (3 12 54)
Mon Mar 25 15:49:21 +03 2024: WARNING: Could not set CPU Affinity (3 8 50)
Mon Mar 25 15:49:21 +03 2024: WARNING: Could not set CPU Affinity (3 10 52)
Mon Mar 25 15:49:21 +03 2024: WARNING: Could not set CPU Affinity (3 9 51)
Mon Mar 25 15:49:21 +03 2024: WARNING: Could not set CPU Affinity (3 11 53)
Mon Mar 25 15:49:21 +03 2024: WARNING: Could not set CPU Affinity (3 6 48)
Mon Mar 25 15:49:21 +03 2024: WARNING: Could not set CPU Affinity (3 7 49)
Mon Mar 25 15:49:21 +03 2024: WARNING: Could not set CPU Affinity (3 13 55)
Mon Mar 25 15:49:21 +03 2024: WARNING: Could not set CPU Affinity (3 12 54)
Mon Mar 25 15:49:21 +03 2024: WARNING: Could not set CPU Affinity (3 8 50)
Mon Mar 25 15:49:21 +03 2024: WARNING: Could not set CPU Affinity (3 13 55)
Mon Mar 25 15:49:21 +03 2024: WARNING: Could not set CPU Affinity (3 10 52)
Mon Mar 25 15:49:21 +03 2024: WARNING: Could not set CPU Affinity (3 7 49)
Mon Mar 25 15:49:21 +03 2024: WARNING: Could not set CPU Affinity (3 6 48)
Mon Mar 25 15:49:21 +03 2024: WARNING: Could not set CPU Affinity (3 11 53)
Mon Mar 25 15:49:21 +03 2024: WARNING: Could not set CPU Affinity (3 9 51)
Mon Mar 25 15:49:21 +03 2024: WARNING: Could not set CPU Affinity (3 6 48)
Mon Mar 25 15:49:21 +03 2024: WARNING: Could not set CPU Affinity (3 9 51)
Mon Mar 25 15:49:21 +03 2024: WARNING: Could not set CPU Affinity (3 13 55)
Mon Mar 25 15:49:21 +03 2024: WARNING: Could not set CPU Affinity (3 7 49)
Mon Mar 25 15:49:21 +03 2024: WARNING: Could not set CPU Affinity (3 8 50)
Mon Mar 25 15:49:21 +03 2024: WARNING: Could not set CPU Affinity (3 10 52)
Mon Mar 25 15:49:21 +03 2024: WARNING: Could not set CPU Affinity (3 12 54)
Mon Mar 25 15:49:21 +03 2024: WARNING: Could not set CPU Affinity (3 11 53)
Mon Mar 25 15:49:21 +03 2024: [SIMWAVE MSG]:[SIMWAVE MSG]:... t0=: 1
Mon Mar 25 15:49:21 +03 2024: [SIMWAVE MSG]:[SIMWAVE MSG]:... t0=: 1
Mon Mar 25 15:49:21 +03 2024: ... t0=: 1
Mon Mar 25 15:49:21 +03 2024: 
Mon Mar 25 15:49:21 +03 2024: 
Mon Mar 25 15:49:21 +03 2024: 
Mon Mar 25 15:49:21 +03 2024: ... t0=: 1
Mon Mar 25 15:49:21 +03 2024: 
Mon Mar 25 15:49:21 +03 2024: WARNING: Could not set CPU Affinity (3 12 54)
Mon Mar 25 15:49:21 +03 2024: WARNING: Could not set CPU Affinity (3 13 55)
Mon Mar 25 15:49:21 +03 2024: WARNING: Could not set CPU Affinity (3 10 52)
Mon Mar 25 15:49:21 +03 2024: WARNING: Could not set CPU Affinity (3 6 48)
Mon Mar 25 15:49:21 +03 2024: WARNING: Could not set CPU Affinity (3 11 53)
Mon Mar 25 15:49:21 +03 2024: WARNING: Could not set CPU Affinity (3 7 49)
Mon Mar 25 15:49:21 +03 2024: WARNING: Could not set CPU Affinity (3 8 50)
Mon Mar 25 15:49:21 +03 2024: WARNING: Could not set CPU Affinity (3 9 51)
Mon Mar 25 15:49:21 +03 2024: WARNING: Could not set CPU Affinity (3 8 50)
Mon Mar 25 15:49:21 +03 2024: WARNING: Could not set CPU Affinity (3 10 52)
Mon Mar 25 15:49:21 +03 2024: WARNING: Could not set CPU Affinity (3 9 51)
Mon Mar 25 15:49:21 +03 2024: WARNING: Could not set CPU Affinity (3 11 53)
Mon Mar 25 15:49:21 +03 2024: WARNING: Could not set CPU Affinity (3 7 49)
Mon Mar 25 15:49:21 +03 2024: WARNING: Could not set CPU Affinity (3 6 48)
Mon Mar 25 15:49:21 +03 2024: WARNING: Could not set CPU Affinity (3 12 54)
Mon Mar 25 15:49:21 +03 2024: WARNING: Could not set CPU Affinity (3 13 55)
Mon Mar 25 15:49:21 +03 2024: WARNING: Could not set CPU Affinity (3 10 52)
Mon Mar 25 15:49:21 +03 2024: WARNING: Could not set CPU Affinity (3 11 53)
Mon Mar 25 15:49:21 +03 2024: WARNING: Could not set CPU Affinity (3 6 48)
Mon Mar 25 15:49:21 +03 2024: WARNING: Could not set CPU Affinity (3 7 49)
Mon Mar 25 15:49:21 +03 2024: WARNING: Could not set CPU Affinity (3 12 54)
Mon Mar 25 15:49:21 +03 2024: WARNING: Could not set CPU Affinity (3 9 51)
Mon Mar 25 15:49:21 +03 2024: WARNING: Could not set CPU Affinity (3 13 55)
Mon Mar 25 15:49:21 +03 2024: WARNING: Could not set CPU Affinity (3 8 50)
Mon Mar 25 15:49:21 +03 2024: [SIMWAVE MSG]:... t0=: 1
Mon Mar 25 15:49:21 +03 2024: 
Mon Mar 25 15:49:21 +03 2024: WARNING: Could not set CPU Affinity (3 12 54)
Mon Mar 25 15:49:21 +03 2024: WARNING: Could not set CPU Affinity (3 13 55)
Mon Mar 25 15:49:21 +03 2024: WARNING: Could not set CPU Affinity (3 6 48)
Mon Mar 25 15:49:21 +03 2024: WARNING: Could not set CPU Affinity (3 11 53)
Mon Mar 25 15:49:21 +03 2024: WARNING: Could not set CPU Affinity (3 9 51)
Mon Mar 25 15:49:21 +03 2024: WARNING: Could not set CPU Affinity (3 7 49)
Mon Mar 25 15:49:21 +03 2024: WARNING: Could not set CPU Affinity (3 10 52)
Mon Mar 25 15:49:21 +03 2024: WARNING: Could not set CPU Affinity (3 8 50)
Mon Mar 25 15:49:21 +03 2024: [SIMWAVE MSG]:... t0=: 1
Mon Mar 25 15:49:21 +03 2024: 
Mon Mar 25 15:49:21 +03 2024: WARNING: Could not set CPU Affinity (3 12 54)
Mon Mar 25 15:49:21 +03 2024: WARNING: Could not set CPU Affinity (3 13 55)
Mon Mar 25 15:49:21 +03 2024: WARNING: Could not set CPU Affinity (3 7 49)
Mon Mar 25 15:49:21 +03 2024: WARNING: Could not set CPU Affinity (3 6 48)
Mon Mar 25 15:49:21 +03 2024: WARNING: Could not set CPU Affinity (3 8 50)
Mon Mar 25 15:49:21 +03 2024: WARNING: Could not set CPU Affinity (3 11 53)
Mon Mar 25 15:49:21 +03 2024: WARNING: Could not set CPU Affinity (3 9 51)
Mon Mar 25 15:49:21 +03 2024: WARNING: Could not set CPU Affinity (3 10 52)
Mon Mar 25 15:49:21 +03 2024: [SIMWAVE MSG]:... t0=: 1
Mon Mar 25 15:49:21 +03 2024: 
Mon Mar 25 15:49:21 +03 2024: [SIMWAVE MSG]:... t0=: 1
Mon Mar 25 15:49:21 +03 2024: 
Mon Mar 25 15:49:21 +03 2024: [SIMWAVE MSG]:... t0=: 1
Mon Mar 25 15:49:21 +03 2024: 
Mon Mar 25 15:49:21 +03 2024: WARNING: Could not set CPU Affinity (3 8 50)
Mon Mar 25 15:49:21 +03 2024: WARNING: Could not set CPU Affinity (3 9 51)
Mon Mar 25 15:49:21 +03 2024: WARNING: Could not set CPU Affinity (3 6 48)
Mon Mar 25 15:49:21 +03 2024: WARNING: Could not set CPU Affinity (3 12 54)
Mon Mar 25 15:49:21 +03 2024: WARNING: Could not set CPU Affinity (3 10 52)
Mon Mar 25 15:49:21 +03 2024: WARNING: Could not set CPU Affinity (3 13 55)
Mon Mar 25 15:49:21 +03 2024: WARNING: Could not set CPU Affinity (3 7 49)
Mon Mar 25 15:49:21 +03 2024: WARNING: Could not set CPU Affinity (3 11 53)
Mon Mar 25 15:49:21 +03 2024: [SIMWAVE MSG]:... t0=: 1
Mon Mar 25 15:49:21 +03 2024: 
Mon Mar 25 15:49:21 +03 2024: WARNING: Could not set CPU Affinity (3 12 54)
Mon Mar 25 15:49:21 +03 2024: WARNING: Could not set CPU Affinity (3 8 50)
Mon Mar 25 15:49:21 +03 2024: WARNING: Could not set CPU Affinity (3 10 52)
Mon Mar 25 15:49:21 +03 2024: WARNING: Could not set CPU Affinity (3 9 51)
Mon Mar 25 15:49:21 +03 2024: WARNING: Could not set CPU Affinity (3 11 53)
Mon Mar 25 15:49:21 +03 2024: WARNING: Could not set CPU Affinity (3 13 55)
Mon Mar 25 15:49:21 +03 2024: WARNING: Could not set CPU Affinity (3 7 49)
Mon Mar 25 15:49:21 +03 2024: WARNING: Could not set CPU Affinity (3 6 48)
Mon Mar 25 15:49:21 +03 2024: WARNING: Could not set CPU Affinity (3 12 54)
Mon Mar 25 15:49:22 +03 2024: WARNING: Could not set CPU Affinity (3 13 55)
Mon Mar 25 15:49:22 +03 2024: WARNING: Could not set CPU Affinity (3 8 50)
Mon Mar 25 15:49:22 +03 2024: WARNING: Could not set CPU Affinity (3 9 51)
Mon Mar 25 15:49:22 +03 2024: WARNING: Could not set CPU Affinity (3 11 53)
Mon Mar 25 15:49:22 +03 2024: WARNING: Could not set CPU Affinity (3 10 52)
Mon Mar 25 15:49:22 +03 2024: WARNING: Could not set CPU Affinity (3 6 48)
Mon Mar 25 15:49:22 +03 2024: WARNING: Could not set CPU Affinity (3 7 49)
Mon Mar 25 15:49:22 +03 2024: [SIMWAVE MSG]:... t0=: 1
Mon Mar 25 15:49:22 +03 2024: 
Mon Mar 25 15:49:22 +03 2024: [SIMWAVE MSG]:... t0=: 1
Mon Mar 25 15:49:22 +03 2024: 
Mon Mar 25 15:49:22 +03 2024: [SIMWAVE MSG]:... t0=: 1
Mon Mar 25 15:49:22 +03 2024: 
Mon Mar 25 15:49:22 +03 2024: WARNING: Could not set CPU Affinity (3 8 50)
Mon Mar 25 15:49:22 +03 2024: WARNING: Could not set CPU Affinity (3 13 55)
Mon Mar 25 15:49:22 +03 2024: WARNING: Could not set CPU Affinity (3 10 52)
Mon Mar 25 15:49:22 +03 2024: WARNING: Could not set CPU Affinity (3 7 49)
Mon Mar 25 15:49:22 +03 2024: WARNING: Could not set CPU Affinity (3 6 48)
Mon Mar 25 15:49:22 +03 2024: WARNING: Could not set CPU Affinity (3 9 51)
Mon Mar 25 15:49:22 +03 2024: WARNING: Could not set CPU Affinity (3 11 53)
Mon Mar 25 15:49:22 +03 2024: WARNING: Could not set CPU Affinity (3 12 54)
Mon Mar 25 15:49:22 +03 2024: [SIMWAVE MSG]:... t0=: 1
Mon Mar 25 15:49:22 +03 2024: 
Mon Mar 25 15:49:22 +03 2024: WARNING: Could not set CPU Affinity (3 8 50)
Mon Mar 25 15:49:22 +03 2024: WARNING: Could not set CPU Affinity (3 11 53)
Mon Mar 25 15:49:22 +03 2024: WARNING: Could not set CPU Affinity (3 9 51)
Mon Mar 25 15:49:22 +03 2024: WARNING: Could not set CPU Affinity (3 6 48)
Mon Mar 25 15:49:22 +03 2024: WARNING: Could not set CPU Affinity (3 10 52)
Mon Mar 25 15:49:22 +03 2024: WARNING: Could not set CPU Affinity (3 13 55)
Mon Mar 25 15:49:22 +03 2024: WARNING: Could not set CPU Affinity (3 12 54)
Mon Mar 25 15:49:22 +03 2024: WARNING: Could not set CPU Affinity (3 7 49)
Mon Mar 25 15:49:22 +03 2024: WARNING: Could not set CPU Affinity (3 8 50)
Mon Mar 25 15:49:22 +03 2024: WARNING: Could not set CPU Affinity (3 11 53)
Mon Mar 25 15:49:22 +03 2024: WARNING: Could not set CPU Affinity (3 13 55)
Mon Mar 25 15:49:22 +03 2024: WARNING: Could not set CPU Affinity (3 9 51)
Mon Mar 25 15:49:22 +03 2024: WARNING: Could not set CPU Affinity (3 12 54)
Mon Mar 25 15:49:22 +03 2024: WARNING: Could not set CPU Affinity (3 6 48)
Mon Mar 25 15:49:22 +03 2024: WARNING: Could not set CPU Affinity (3 10 52)
Mon Mar 25 15:49:22 +03 2024: WARNING: Could not set CPU Affinity (3 7 49)
Mon Mar 25 15:49:22 +03 2024: [SIMWAVE MSG]:... t0=: 1
Mon Mar 25 15:49:22 +03 2024: 
Mon Mar 25 15:49:22 +03 2024: [SIMWAVE MSG]:... t0=: 1
Mon Mar 25 15:49:22 +03 2024: 
Mon Mar 25 15:49:22 +03 2024: WARNING: Could not set CPU Affinity (3 8 50)
Mon Mar 25 15:49:22 +03 2024: WARNING: Could not set CPU Affinity (3 11 53)
Mon Mar 25 15:49:22 +03 2024: WARNING: Could not set CPU Affinity (3 9 51)
Mon Mar 25 15:49:22 +03 2024: WARNING: Could not set CPU Affinity (3 6 48)
Mon Mar 25 15:49:22 +03 2024: WARNING: Could not set CPU Affinity (3 10 52)
Mon Mar 25 15:49:22 +03 2024: WARNING: Could not set CPU Affinity (3 13 55)
Mon Mar 25 15:49:22 +03 2024: WARNING: Could not set CPU Affinity (3 12 54)
Mon Mar 25 15:49:22 +03 2024: WARNING: Could not set CPU Affinity (3 7 49)
Mon Mar 25 15:49:22 +03 2024: [SIMWAVE MSG]:... t0=: 1
Mon Mar 25 15:49:22 +03 2024: 
Mon Mar 25 15:49:22 +03 2024: WARNING: Could not set CPU Affinity (3 8 50)
Mon Mar 25 15:49:22 +03 2024: WARNING: Could not set CPU Affinity (3 12 54)
Mon Mar 25 15:49:22 +03 2024: WARNING: Could not set CPU Affinity (3 10 52)
Mon Mar 25 15:49:22 +03 2024: WARNING: Could not set CPU Affinity (3 9 51)
Mon Mar 25 15:49:22 +03 2024: WARNING: Could not set CPU Affinity (3 11 53)
Mon Mar 25 15:49:22 +03 2024: WARNING: Could not set CPU Affinity (3 6 48)
Mon Mar 25 15:49:22 +03 2024: WARNING: Could not set CPU Affinity (3 13 55)
Mon Mar 25 15:49:22 +03 2024: WARNING: Could not set CPU Affinity (3 7 49)
Mon Mar 25 15:49:22 +03 2024: [SIMWAVE MSG]:... t0=: 5
Mon Mar 25 15:49:22 +03 2024: 
Mon Mar 25 15:49:22 +03 2024: WARNING: Could not set CPU Affinity (3 8 50)
Mon Mar 25 15:49:22 +03 2024: WARNING: Could not set CPU Affinity (3 12 54)
Mon Mar 25 15:49:22 +03 2024: WARNING: Could not set CPU Affinity (3 6 48)
Mon Mar 25 15:49:22 +03 2024: WARNING: Could not set CPU Affinity (3 13 55)
Mon Mar 25 15:49:22 +03 2024: WARNING: Could not set CPU Affinity (3 11 53)
Mon Mar 25 15:49:22 +03 2024: WARNING: Could not set CPU Affinity (3 9 51)
Mon Mar 25 15:49:22 +03 2024: WARNING: Could not set CPU Affinity (3 10 52)
Mon Mar 25 15:49:22 +03 2024: WARNING: Could not set CPU Affinity (3 7 49)
Mon Mar 25 15:49:22 +03 2024: [SIMWAVE MSG]:... t0=: 5
Mon Mar 25 15:49:22 +03 2024: 
Mon Mar 25 15:49:22 +03 2024: [SIMWAVE MSG]:... t0=: 5
Mon Mar 25 15:49:22 +03 2024: 
Mon Mar 25 15:49:22 +03 2024: WARNING: Could not set CPU Affinity (3 8 50)
Mon Mar 25 15:49:22 +03 2024: WARNING: Could not set CPU Affinity (3 11 53)
Mon Mar 25 15:49:22 +03 2024: WARNING: Could not set CPU Affinity (3 9 51)
Mon Mar 25 15:49:22 +03 2024: WARNING: Could not set CPU Affinity (3 6 48)
Mon Mar 25 15:49:22 +03 2024: WARNING: Could not set CPU Affinity (3 10 52)
Mon Mar 25 15:49:22 +03 2024: WARNING: Could not set CPU Affinity (3 12 54)
Mon Mar 25 15:49:22 +03 2024: WARNING: Could not set CPU Affinity (3 13 55)
Mon Mar 25 15:49:22 +03 2024: WARNING: Could not set CPU Affinity (3 7 49)
Mon Mar 25 15:49:22 +03 2024: [SIMWAVE MSG]:... t0=: 5
Mon Mar 25 15:49:22 +03 2024: 
Mon Mar 25 15:49:22 +03 2024: WARNING: Could not set CPU Affinity (3 12 54)
Mon Mar 25 15:49:22 +03 2024: WARNING: Could not set CPU Affinity (3 8 50)
Mon Mar 25 15:49:22 +03 2024: WARNING: Could not set CPU Affinity (3 10 52)
Mon Mar 25 15:49:22 +03 2024: WARNING: Could not set CPU Affinity (3 11 53)
Mon Mar 25 15:49:22 +03 2024: WARNING: Could not set CPU Affinity (3 7 49)
Mon Mar 25 15:49:22 +03 2024: WARNING: Could not set CPU Affinity (3 6 48)
Mon Mar 25 15:49:22 +03 2024: WARNING: Could not set CPU Affinity (3 9 51)
Mon Mar 25 15:49:22 +03 2024: WARNING: Could not set CPU Affinity (3 13 55)
Mon Mar 25 15:49:22 +03 2024: WARNING: Could not set CPU Affinity (3 12 54)
Mon Mar 25 15:49:22 +03 2024: WARNING: Could not set CPU Affinity (3 13 55)
Mon Mar 25 15:49:22 +03 2024: WARNING: Could not set CPU Affinity (3 10 52)
Mon Mar 25 15:49:22 +03 2024: WARNING: Could not set CPU Affinity (3 11 53)
Mon Mar 25 15:49:22 +03 2024: WARNING: Could not set CPU Affinity (3 6 48)
Mon Mar 25 15:49:22 +03 2024: WARNING: Could not set CPU Affinity (3 9 51)
Mon Mar 25 15:49:22 +03 2024: WARNING: Could not set CPU Affinity (3 7 49)
Mon Mar 25 15:49:22 +03 2024: WARNING: Could not set CPU Affinity (3 8 50)
Mon Mar 25 15:49:22 +03 2024: [SIMWAVE MSG]:... t0=: 5
Mon Mar 25 15:49:22 +03 2024: 
Mon Mar 25 15:49:22 +03 2024: [SIMWAVE MSG]:... t0=: 5
Mon Mar 25 15:49:22 +03 2024: 
Mon Mar 25 15:49:22 +03 2024: [SIMWAVE MSG]:... t0=: 5
Mon Mar 25 15:49:22 +03 2024: 
Mon Mar 25 15:49:22 +03 2024: [SIMWAVE MSG]:... t0=: 5
Mon Mar 25 15:49:22 +03 2024: 
Mon Mar 25 15:49:22 +03 2024: WARNING: Could not set CPU Affinity (3 12 54)
Mon Mar 25 15:49:22 +03 2024: WARNING: Could not set CPU Affinity (3 9 51)
Mon Mar 25 15:49:22 +03 2024: WARNING: Could not set CPU Affinity (3 6 48)
Mon Mar 25 15:49:22 +03 2024: WARNING: Could not set CPU Affinity (3 13 55)
Mon Mar 25 15:49:22 +03 2024: WARNING: Could not set CPU Affinity (3 11 53)
Mon Mar 25 15:49:22 +03 2024: WARNING: Could not set CPU Affinity (3 7 49)
Mon Mar 25 15:49:22 +03 2024: WARNING: Could not set CPU Affinity (3 10 52)
Mon Mar 25 15:49:22 +03 2024: WARNING: Could not set CPU Affinity (3 8 50)
Mon Mar 25 15:49:22 +03 2024: [SIMWAVE MSG]:... t0=: 5
Mon Mar 25 15:49:22 +03 2024: 
Mon Mar 25 15:49:22 +03 2024: WARNING: Could not set CPU Affinity (3 12 54)
Mon Mar 25 15:49:22 +03 2024: WARNING: Could not set CPU Affinity (3 13 55)
Mon Mar 25 15:49:22 +03 2024: WARNING: Could not set CPU Affinity (3 10 52)
Mon Mar 25 15:49:22 +03 2024: WARNING: Could not set CPU Affinity (3 8 50)
Mon Mar 25 15:49:22 +03 2024: WARNING: Could not set CPU Affinity (3 11 53)
Mon Mar 25 15:49:22 +03 2024: WARNING: Could not set CPU Affinity (3 9 51)
Mon Mar 25 15:49:22 +03 2024: WARNING: Could not set CPU Affinity (3 6 48)
Mon Mar 25 15:49:22 +03 2024: WARNING: Could not set CPU Affinity (3 7 49)
Mon Mar 25 15:49:22 +03 2024: WARNING: Could not set CPU Affinity (3 8 50)
Mon Mar 25 15:49:22 +03 2024: WARNING: Could not set CPU Affinity (3 10 52)
Mon Mar 25 15:49:22 +03 2024: WARNING: Could not set CPU Affinity (3 11 53)
Mon Mar 25 15:49:22 +03 2024: WARNING: Could not set CPU Affinity (3 9 51)
Mon Mar 25 15:49:22 +03 2024: WARNING: Could not set CPU Affinity (3 12 54)
Mon Mar 25 15:49:22 +03 2024: WARNING: Could not set CPU Affinity (3 6 48)
Mon Mar 25 15:49:22 +03 2024: WARNING: Could not set CPU Affinity (3 7 49)
Mon Mar 25 15:49:22 +03 2024: WARNING: Could not set CPU Affinity (3 13 55)
Mon Mar 25 15:49:22 +03 2024: [SIMWAVE MSG]:... t0=: 5
Mon Mar 25 15:49:22 +03 2024: 
Mon Mar 25 15:49:22 +03 2024: [SIMWAVE MSG]:... t0=: 5
Mon Mar 25 15:49:22 +03 2024: 
Mon Mar 25 15:49:22 +03 2024: WARNING: Could not set CPU Affinity (3 7 49)
Mon Mar 25 15:49:22 +03 2024: WARNING: Could not set CPU Affinity (3 6 48)
Mon Mar 25 15:49:22 +03 2024: WARNING: Could not set CPU Affinity (3 12 54)
Mon Mar 25 15:49:22 +03 2024: WARNING: Could not set CPU Affinity (3 8 50)
Mon Mar 25 15:49:22 +03 2024: WARNING: Could not set CPU Affinity (3 13 55)
Mon Mar 25 15:49:23 +03 2024: WARNING: Could not set CPU Affinity (3 9 51)
Mon Mar 25 15:49:23 +03 2024: WARNING: Could not set CPU Affinity (3 11 53)
Mon Mar 25 15:49:23 +03 2024: WARNING: Could not set CPU Affinity (3 10 52)
Mon Mar 25 15:49:23 +03 2024: [SIMWAVE MSG]:... t0=: 5
Mon Mar 25 15:49:23 +03 2024: 
Mon Mar 25 15:49:23 +03 2024: WARNING: Could not set CPU Affinity (3 13 55)
Mon Mar 25 15:49:23 +03 2024: WARNING: Could not set CPU Affinity (3 7 49)
Mon Mar 25 15:49:23 +03 2024: WARNING: Could not set CPU Affinity (3 6 48)
Mon Mar 25 15:49:23 +03 2024: WARNING: Could not set CPU Affinity (3 12 54)
Mon Mar 25 15:49:23 +03 2024: WARNING: Could not set CPU Affinity (3 8 50)
Mon Mar 25 15:49:23 +03 2024: WARNING: Could not set CPU Affinity (3 9 51)
Mon Mar 25 15:49:23 +03 2024: WARNING: Could not set CPU Affinity (3 10 52)
Mon Mar 25 15:49:23 +03 2024: WARNING: Could not set CPU Affinity (3 11 53)
Mon Mar 25 15:49:23 +03 2024: [SIMWAVE MSG]:... t0=: 5
Mon Mar 25 15:49:23 +03 2024: 
Mon Mar 25 15:49:23 +03 2024: WARNING: Could not set CPU Affinity (3 6 48)
Mon Mar 25 15:49:23 +03 2024: WARNING: Could not set CPU Affinity (3 8 50)
Mon Mar 25 15:49:23 +03 2024: WARNING: Could not set CPU Affinity (3 9 51)
Mon Mar 25 15:49:23 +03 2024: WARNING: Could not set CPU Affinity (3 10 52)
Mon Mar 25 15:49:23 +03 2024: WARNING: Could not set CPU Affinity (3 12 54)
Mon Mar 25 15:49:23 +03 2024: WARNING: Could not set CPU Affinity (3 13 55)
Mon Mar 25 15:49:23 +03 2024: WARNING: Could not set CPU Affinity (3 11 53)
Mon Mar 25 15:49:23 +03 2024: WARNING: Could not set CPU Affinity (3 7 49)
Mon Mar 25 15:49:23 +03 2024: [SIMWAVE MSG]:... t0=: 5
Mon Mar 25 15:49:23 +03 2024: 
Mon Mar 25 15:49:23 +03 2024: [SIMWAVE MSG]:... t0=: 5
Mon Mar 25 15:49:23 +03 2024: 
Mon Mar 25 15:49:23 +03 2024: WARNING: Could not set CPU Affinity (3 13 55)
Mon Mar 25 15:49:23 +03 2024: WARNING: Could not set CPU Affinity (3 6 48)
Mon Mar 25 15:49:23 +03 2024: WARNING: Could not set CPU Affinity (3 7 49)
Mon Mar 25 15:49:23 +03 2024: WARNING: Could not set CPU Affinity (3 10 52)
Mon Mar 25 15:49:23 +03 2024: WARNING: Could not set CPU Affinity (3 8 50)
Mon Mar 25 15:49:23 +03 2024: WARNING: Could not set CPU Affinity (3 11 53)
Mon Mar 25 15:49:23 +03 2024: WARNING: Could not set CPU Affinity (3 9 51)
Mon Mar 25 15:49:23 +03 2024: WARNING: Could not set CPU Affinity (3 12 54)
Mon Mar 25 15:49:23 +03 2024: [SIMWAVE MSG]:... t0=: 5
Mon Mar 25 15:49:23 +03 2024: 
Mon Mar 25 15:49:23 +03 2024: WARNING: Could not set CPU Affinity (3 8 50)
Mon Mar 25 15:49:23 +03 2024: WARNING: Could not set CPU Affinity (3 13 55)
Mon Mar 25 15:49:23 +03 2024: WARNING: Could not set CPU Affinity (3 9 51)
Mon Mar 25 15:49:23 +03 2024: WARNING: Could not set CPU Affinity (3 12 54)
Mon Mar 25 15:49:23 +03 2024: WARNING: Could not set CPU Affinity (3 6 48)
Mon Mar 25 15:49:23 +03 2024: WARNING: Could not set CPU Affinity (3 11 53)
Mon Mar 25 15:49:23 +03 2024: WARNING: Could not set CPU Affinity (3 10 52)
Mon Mar 25 15:49:23 +03 2024: WARNING: Could not set CPU Affinity (3 7 49)
Mon Mar 25 15:49:23 +03 2024: [SIMWAVE MSG]:... t0=: 9
Mon Mar 25 15:49:23 +03 2024: 
Mon Mar 25 15:49:23 +03 2024: WARNING: Could not set CPU Affinity (3 13 55)
Mon Mar 25 15:49:23 +03 2024: WARNING: Could not set CPU Affinity (3 10 52)
Mon Mar 25 15:49:23 +03 2024: WARNING: Could not set CPU Affinity (3 12 54)
Mon Mar 25 15:49:23 +03 2024: WARNING: Could not set CPU Affinity (3 8 50)
Mon Mar 25 15:49:23 +03 2024: WARNING: Could not set CPU Affinity (3 9 51)
Mon Mar 25 15:49:23 +03 2024: WARNING: Could not set CPU Affinity (3 7 49)
Mon Mar 25 15:49:23 +03 2024: WARNING: Could not set CPU Affinity (3 6 48)
Mon Mar 25 15:49:23 +03 2024: WARNING: Could not set CPU Affinity (3 11 53)
Mon Mar 25 15:49:23 +03 2024: [SIMWAVE MSG]:... t0=: 9
Mon Mar 25 15:49:23 +03 2024: 
Mon Mar 25 15:49:23 +03 2024: [SIMWAVE MSG]:... t0=: 9
Mon Mar 25 15:49:23 +03 2024: 
Mon Mar 25 15:49:23 +03 2024: WARNING: Could not set CPU Affinity (3 13 55)
Mon Mar 25 15:49:23 +03 2024: WARNING: Could not set CPU Affinity (3 11 53)
Mon Mar 25 15:49:23 +03 2024: WARNING: Could not set CPU Affinity (3 6 48)
Mon Mar 25 15:49:23 +03 2024: WARNING: Could not set CPU Affinity (3 7 49)
Mon Mar 25 15:49:23 +03 2024: WARNING: Could not set CPU Affinity (3 8 50)
Mon Mar 25 15:49:23 +03 2024: WARNING: Could not set CPU Affinity (3 9 51)
Mon Mar 25 15:49:23 +03 2024: WARNING: Could not set CPU Affinity (3 12 54)
Mon Mar 25 15:49:23 +03 2024: WARNING: Could not set CPU Affinity (3 10 52)
Mon Mar 25 15:49:23 +03 2024: [SIMWAVE MSG]:... t0=: 9
Mon Mar 25 15:49:23 +03 2024: 
Mon Mar 25 15:49:23 +03 2024: [SIMWAVE MSG]:... t0=: 9
Mon Mar 25 15:49:23 +03 2024: 
Mon Mar 25 15:49:23 +03 2024: WARNING: Could not set CPU Affinity (3 6 48)
Mon Mar 25 15:49:23 +03 2024: WARNING: Could not set CPU Affinity (3 7 49)
Mon Mar 25 15:49:23 +03 2024: WARNING: Could not set CPU Affinity (3 8 50)
Mon Mar 25 15:49:23 +03 2024: WARNING: Could not set CPU Affinity (3 12 54)
Mon Mar 25 15:49:23 +03 2024: WARNING: Could not set CPU Affinity (3 9 51)
Mon Mar 25 15:49:23 +03 2024: WARNING: Could not set CPU Affinity (3 11 53)
Mon Mar 25 15:49:23 +03 2024: WARNING: Could not set CPU Affinity (3 10 52)
Mon Mar 25 15:49:23 +03 2024: WARNING: Could not set CPU Affinity (3 13 55)
Mon Mar 25 15:49:23 +03 2024: [SIMWAVE MSG]:... t0=: 9
Mon Mar 25 15:49:23 +03 2024: 
Mon Mar 25 15:49:23 +03 2024: WARNING: Could not set CPU Affinity (3 12 54)
Mon Mar 25 15:49:23 +03 2024: WARNING: Could not set CPU Affinity (3 7 49)
Mon Mar 25 15:49:23 +03 2024: WARNING: Could not set CPU Affinity (3 6 48)
Mon Mar 25 15:49:23 +03 2024: WARNING: Could not set CPU Affinity (3 13 55)
Mon Mar 25 15:49:23 +03 2024: WARNING: Could not set CPU Affinity (3 8 50)
Mon Mar 25 15:49:23 +03 2024: WARNING: Could not set CPU Affinity (3 10 52)
Mon Mar 25 15:49:23 +03 2024: WARNING: Could not set CPU Affinity (3 9 51)
Mon Mar 25 15:49:23 +03 2024: WARNING: Could not set CPU Affinity (3 11 53)
Mon Mar 25 15:49:23 +03 2024: [SIMWAVE MSG]:... t0=: 9
Mon Mar 25 15:49:23 +03 2024: 
Mon Mar 25 15:49:23 +03 2024: [SIMWAVE MSG]:... t0=: 9
Mon Mar 25 15:49:23 +03 2024: 
Mon Mar 25 15:49:23 +03 2024: WARNING: Could not set CPU Affinity (3 6 48)
Mon Mar 25 15:49:23 +03 2024: WARNING: Could not set CPU Affinity (3 7 49)
Mon Mar 25 15:49:23 +03 2024: WARNING: Could not set CPU Affinity (3 8 50)
Mon Mar 25 15:49:23 +03 2024: WARNING: Could not set CPU Affinity (3 11 53)
Mon Mar 25 15:49:23 +03 2024: WARNING: Could not set CPU Affinity (3 9 51)
Mon Mar 25 15:49:23 +03 2024: WARNING: Could not set CPU Affinity (3 10 52)
Mon Mar 25 15:49:23 +03 2024: WARNING: Could not set CPU Affinity (3 12 54)
Mon Mar 25 15:49:23 +03 2024: WARNING: Could not set CPU Affinity (3 13 55)
Mon Mar 25 15:49:23 +03 2024: [SIMWAVE MSG]:... t0=: 9
Mon Mar 25 15:49:23 +03 2024: 
Mon Mar 25 15:49:23 +03 2024: WARNING: Could not set CPU Affinity (3 8 50)
Mon Mar 25 15:49:23 +03 2024: WARNING: Could not set CPU Affinity (3 10 52)
Mon Mar 25 15:49:23 +03 2024: WARNING: Could not set CPU Affinity (3 12 54)
Mon Mar 25 15:49:23 +03 2024: WARNING: Could not set CPU Affinity (3 9 51)
Mon Mar 25 15:49:23 +03 2024: WARNING: Could not set CPU Affinity (3 13 55)
Mon Mar 25 15:49:23 +03 2024: WARNING: Could not set CPU Affinity (3 6 48)
Mon Mar 25 15:49:23 +03 2024: WARNING: Could not set CPU Affinity (3 7 49)
Mon Mar 25 15:49:23 +03 2024: WARNING: Could not set CPU Affinity (3 11 53)
Mon Mar 25 15:49:23 +03 2024: WARNING: Could not set CPU Affinity (3 6 48)
Mon Mar 25 15:49:23 +03 2024: WARNING: Could not set CPU Affinity (3 7 49)
Mon Mar 25 15:49:23 +03 2024: WARNING: Could not set CPU Affinity (3 8 50)
Mon Mar 25 15:49:23 +03 2024: WARNING: Could not set CPU Affinity (3 11 53)
Mon Mar 25 15:49:23 +03 2024: WARNING: Could not set CPU Affinity (3 9 51)
Mon Mar 25 15:49:23 +03 2024: WARNING: Could not set CPU Affinity (3 10 52)
Mon Mar 25 15:49:23 +03 2024: WARNING: Could not set CPU Affinity (3 13 55)
Mon Mar 25 15:49:23 +03 2024: WARNING: Could not set CPU Affinity (3 12 54)
Mon Mar 25 15:49:23 +03 2024: [SIMWAVE MSG]:... t0=: 9
Mon Mar 25 15:49:23 +03 2024: 
Mon Mar 25 15:49:23 +03 2024: [SIMWAVE MSG]:... t0=: 9
Mon Mar 25 15:49:23 +03 2024: 
Mon Mar 25 15:49:23 +03 2024: [SIMWAVE MSG]:... t0=: 9
Mon Mar 25 15:49:23 +03 2024: 
Mon Mar 25 15:49:23 +03 2024: WARNING: Could not set CPU Affinity (3 13 55)
Mon Mar 25 15:49:23 +03 2024: WARNING: Could not set CPU Affinity (3 6 48)
Mon Mar 25 15:49:23 +03 2024: WARNING: Could not set CPU Affinity (3 12 54)
Mon Mar 25 15:49:24 +03 2024: WARNING: Could not set CPU Affinity (3 11 53)
Mon Mar 25 15:49:24 +03 2024: WARNING: Could not set CPU Affinity (3 10 52)
Mon Mar 25 15:49:24 +03 2024: WARNING: Could not set CPU Affinity (3 8 50)
Mon Mar 25 15:49:24 +03 2024: WARNING: Could not set CPU Affinity (3 9 51)
Mon Mar 25 15:49:24 +03 2024: WARNING: Could not set CPU Affinity (3 7 49)
Mon Mar 25 15:49:24 +03 2024: [SIMWAVE MSG]:... t0=: 9
Mon Mar 25 15:49:24 +03 2024: 
Mon Mar 25 15:49:24 +03 2024: WARNING: Could not set CPU Affinity (3 12 54)
Mon Mar 25 15:49:24 +03 2024: WARNING: Could not set CPU Affinity (3 7 49)
Mon Mar 25 15:49:24 +03 2024: WARNING: Could not set CPU Affinity (3 13 55)
Mon Mar 25 15:49:24 +03 2024: WARNING: Could not set CPU Affinity (3 6 48)
Mon Mar 25 15:49:24 +03 2024: WARNING: Could not set CPU Affinity (3 8 50)
Mon Mar 25 15:49:24 +03 2024: WARNING: Could not set CPU Affinity (3 9 51)
Mon Mar 25 15:49:24 +03 2024: WARNING: Could not set CPU Affinity (3 11 53)
Mon Mar 25 15:49:24 +03 2024: WARNING: Could not set CPU Affinity (3 10 52)
Mon Mar 25 15:49:24 +03 2024: WARNING: Could not set CPU Affinity (3 13 55)
Mon Mar 25 15:49:24 +03 2024: WARNING: Could not set CPU Affinity (3 12 54)
Mon Mar 25 15:49:24 +03 2024: WARNING: Could not set CPU Affinity (3 6 48)
Mon Mar 25 15:49:24 +03 2024: WARNING: Could not set CPU Affinity (3 7 49)
Mon Mar 25 15:49:24 +03 2024: WARNING: Could not set CPU Affinity (3 8 50)
Mon Mar 25 15:49:24 +03 2024: WARNING: Could not set CPU Affinity (3 11 53)
Mon Mar 25 15:49:24 +03 2024: WARNING: Could not set CPU Affinity (3 10 52)
Mon Mar 25 15:49:24 +03 2024: WARNING: Could not set CPU Affinity (3 9 51)
Mon Mar 25 15:49:24 +03 2024: [SIMWAVE MSG]:... t0=: 9
Mon Mar 25 15:49:24 +03 2024: 
Mon Mar 25 15:49:24 +03 2024: [SIMWAVE MSG]:... t0=: 9
Mon Mar 25 15:49:24 +03 2024: 
Mon Mar 25 15:49:24 +03 2024: [SIMWAVE MSG]:... t0=: 9
Mon Mar 25 15:49:24 +03 2024: 
Mon Mar 25 15:49:24 +03 2024: [SIMWAVE MSG]:... t0=: 9
Mon Mar 25 15:49:24 +03 2024: 
Mon Mar 25 15:49:24 +03 2024: WARNING: Could not set CPU Affinity (3 13 55)
Mon Mar 25 15:49:24 +03 2024: WARNING: Could not set CPU Affinity (3 6 48)
Mon Mar 25 15:49:24 +03 2024: WARNING: Could not set CPU Affinity (3 12 54)
Mon Mar 25 15:49:24 +03 2024: WARNING: Could not set CPU Affinity (3 7 49)
Mon Mar 25 15:49:24 +03 2024: WARNING: Could not set CPU Affinity (3 8 50)
Mon Mar 25 15:49:24 +03 2024: WARNING: Could not set CPU Affinity (3 11 53)
Mon Mar 25 15:49:24 +03 2024: WARNING: Could not set CPU Affinity (3 9 51)
Mon Mar 25 15:49:24 +03 2024: WARNING: Could not set CPU Affinity (3 10 52)
Mon Mar 25 15:49:24 +03 2024: [SIMWAVE MSG]:... t0=: 13
Mon Mar 25 15:49:24 +03 2024: 
Mon Mar 25 15:49:24 +03 2024: WARNING: Could not set CPU Affinity (3 8 50)
Mon Mar 25 15:49:24 +03 2024: WARNING: Could not set CPU Affinity (3 6 48)
Mon Mar 25 15:49:24 +03 2024: WARNING: Could not set CPU Affinity (3 11 53)
Mon Mar 25 15:49:24 +03 2024: WARNING: Could not set CPU Affinity (3 7 49)
Mon Mar 25 15:49:24 +03 2024: WARNING: Could not set CPU Affinity (3 9 51)
Mon Mar 25 15:49:24 +03 2024: WARNING: Could not set CPU Affinity (3 10 52)
Mon Mar 25 15:49:24 +03 2024: WARNING: Could not set CPU Affinity (3 12 54)
Mon Mar 25 15:49:24 +03 2024: WARNING: Could not set CPU Affinity (3 13 55)
Mon Mar 25 15:49:24 +03 2024: WARNING: Could not set CPU Affinity (3 12 54)
Mon Mar 25 15:49:24 +03 2024: WARNING: Could not set CPU Affinity (3 13 55)
Mon Mar 25 15:49:24 +03 2024: WARNING: Could not set CPU Affinity (3 6 48)
Mon Mar 25 15:49:24 +03 2024: WARNING: Could not set CPU Affinity (3 7 49)
Mon Mar 25 15:49:24 +03 2024: WARNING: Could not set CPU Affinity (3 8 50)
Mon Mar 25 15:49:24 +03 2024: WARNING: Could not set CPU Affinity (3 10 52)
Mon Mar 25 15:49:24 +03 2024: WARNING: Could not set CPU Affinity (3 9 51)
Mon Mar 25 15:49:24 +03 2024: WARNING: Could not set CPU Affinity (3 11 53)
Mon Mar 25 15:49:24 +03 2024: [SIMWAVE MSG]:... t0=: 13
Mon Mar 25 15:49:24 +03 2024: 
Mon Mar 25 15:49:24 +03 2024: [SIMWAVE MSG]:... t0=: 13
Mon Mar 25 15:49:24 +03 2024: 
Mon Mar 25 15:49:24 +03 2024: [SIMWAVE MSG]:... t0=: 13
Mon Mar 25 15:49:24 +03 2024: 
Mon Mar 25 15:49:24 +03 2024: WARNING: Could not set CPU Affinity (3 12 54)
Mon Mar 25 15:49:24 +03 2024: WARNING: Could not set CPU Affinity (3 6 48)
Mon Mar 25 15:49:24 +03 2024: WARNING: Could not set CPU Affinity (3 13 55)
Mon Mar 25 15:49:24 +03 2024: WARNING: Could not set CPU Affinity (3 7 49)
Mon Mar 25 15:49:24 +03 2024: WARNING: Could not set CPU Affinity (3 8 50)
Mon Mar 25 15:49:24 +03 2024: WARNING: Could not set CPU Affinity (3 9 51)
Mon Mar 25 15:49:24 +03 2024: WARNING: Could not set CPU Affinity (3 11 53)
Mon Mar 25 15:49:24 +03 2024: WARNING: Could not set CPU Affinity (3 10 52)
Mon Mar 25 15:49:24 +03 2024: [SIMWAVE MSG]:... t0=: 13
Mon Mar 25 15:49:24 +03 2024: 
Mon Mar 25 15:49:24 +03 2024: WARNING: Could not set CPU Affinity (3 13 55)
Mon Mar 25 15:49:24 +03 2024: WARNING: Could not set CPU Affinity (3 10 52)
Mon Mar 25 15:49:24 +03 2024: WARNING: Could not set CPU Affinity (3 9 51)
Mon Mar 25 15:49:24 +03 2024: WARNING: Could not set CPU Affinity (3 6 48)
Mon Mar 25 15:49:24 +03 2024: WARNING: Could not set CPU Affinity (3 7 49)
Mon Mar 25 15:49:24 +03 2024: WARNING: Could not set CPU Affinity (3 11 53)
Mon Mar 25 15:49:24 +03 2024: WARNING: Could not set CPU Affinity (3 8 50)
Mon Mar 25 15:49:24 +03 2024: WARNING: Could not set CPU Affinity (3 12 54)
Mon Mar 25 15:49:24 +03 2024: WARNING: Could not set CPU Affinity (3 12 54)
Mon Mar 25 15:49:24 +03 2024: WARNING: Could not set CPU Affinity (3 8 50)
Mon Mar 25 15:49:24 +03 2024: WARNING: Could not set CPU Affinity (3 13 55)
Mon Mar 25 15:49:24 +03 2024: WARNING: Could not set CPU Affinity (3 10 52)
Mon Mar 25 15:49:24 +03 2024: WARNING: Could not set CPU Affinity (3 7 49)
Mon Mar 25 15:49:24 +03 2024: WARNING: Could not set CPU Affinity (3 6 48)
Mon Mar 25 15:49:24 +03 2024: WARNING: Could not set CPU Affinity (3 9 51)
Mon Mar 25 15:49:24 +03 2024: WARNING: Could not set CPU Affinity (3 11 53)
Mon Mar 25 15:49:24 +03 2024: [SIMWAVE MSG]:... t0=: 13
Mon Mar 25 15:49:24 +03 2024: 
Mon Mar 25 15:49:24 +03 2024: [SIMWAVE MSG]:... t0=: 13
Mon Mar 25 15:49:24 +03 2024: 
Mon Mar 25 15:49:24 +03 2024: [SIMWAVE MSG]:... t0=: 13
Mon Mar 25 15:49:24 +03 2024: 
Mon Mar 25 15:49:24 +03 2024: WARNING: Could not set CPU Affinity (3 8 50)
Mon Mar 25 15:49:24 +03 2024: WARNING: Could not set CPU Affinity (3 13 55)
Mon Mar 25 15:49:24 +03 2024: WARNING: Could not set CPU Affinity (3 9 51)
Mon Mar 25 15:49:24 +03 2024: WARNING: Could not set CPU Affinity (3 6 48)
Mon Mar 25 15:49:24 +03 2024: WARNING: Could not set CPU Affinity (3 12 54)
Mon Mar 25 15:49:24 +03 2024: WARNING: Could not set CPU Affinity (3 10 52)
Mon Mar 25 15:49:24 +03 2024: WARNING: Could not set CPU Affinity (3 11 53)
Mon Mar 25 15:49:24 +03 2024: WARNING: Could not set CPU Affinity (3 7 49)
Mon Mar 25 15:49:24 +03 2024: [SIMWAVE MSG]:... t0=: 13
Mon Mar 25 15:49:24 +03 2024: 
Mon Mar 25 15:49:24 +03 2024: WARNING: Could not set CPU Affinity (3 12 54)
Mon Mar 25 15:49:24 +03 2024: WARNING: Could not set CPU Affinity (3 13 55)
Mon Mar 25 15:49:24 +03 2024: WARNING: Could not set CPU Affinity (3 7 49)
Mon Mar 25 15:49:24 +03 2024: WARNING: Could not set CPU Affinity (3 6 48)
Mon Mar 25 15:49:24 +03 2024: WARNING: Could not set CPU Affinity (3 8 50)
Mon Mar 25 15:49:24 +03 2024: WARNING: Could not set CPU Affinity (3 9 51)
Mon Mar 25 15:49:24 +03 2024: WARNING: Could not set CPU Affinity (3 10 52)
Mon Mar 25 15:49:24 +03 2024: WARNING: Could not set CPU Affinity (3 11 53)
Mon Mar 25 15:49:24 +03 2024: WARNING: Could not set CPU Affinity (3 8 50)
Mon Mar 25 15:49:24 +03 2024: WARNING: Could not set CPU Affinity (3 12 54)
Mon Mar 25 15:49:24 +03 2024: WARNING: Could not set CPU Affinity (3 13 55)
Mon Mar 25 15:49:24 +03 2024: WARNING: Could not set CPU Affinity (3 9 51)
Mon Mar 25 15:49:24 +03 2024: WARNING: Could not set CPU Affinity (3 7 49)
Mon Mar 25 15:49:24 +03 2024: WARNING: Could not set CPU Affinity (3 10 52)
Mon Mar 25 15:49:24 +03 2024: WARNING: Could not set CPU Affinity (3 11 53)
Mon Mar 25 15:49:24 +03 2024: WARNING: Could not set CPU Affinity (3 6 48)
Mon Mar 25 15:49:24 +03 2024: [SIMWAVE MSG]:... t0=: 13
Mon Mar 25 15:49:24 +03 2024: 
Mon Mar 25 15:49:24 +03 2024: [SIMWAVE MSG]:... t0=: 13
Mon Mar 25 15:49:24 +03 2024: 
Mon Mar 25 15:49:24 +03 2024: [SIMWAVE MSG]:... t0=: 13
Mon Mar 25 15:49:24 +03 2024: 
Mon Mar 25 15:49:24 +03 2024: WARNING: Could not set CPU Affinity (3 8 50)
Mon Mar 25 15:49:24 +03 2024: WARNING: Could not set CPU Affinity (3 11 53)
Mon Mar 25 15:49:24 +03 2024: WARNING: Could not set CPU Affinity (3 6 48)
Mon Mar 25 15:49:24 +03 2024: WARNING: Could not set CPU Affinity (3 10 52)
Mon Mar 25 15:49:24 +03 2024: WARNING: Could not set CPU Affinity (3 12 54)
Mon Mar 25 15:49:24 +03 2024: WARNING: Could not set CPU Affinity (3 7 49)
Mon Mar 25 15:49:24 +03 2024: WARNING: Could not set CPU Affinity (3 13 55)
Mon Mar 25 15:49:24 +03 2024: WARNING: Could not set CPU Affinity (3 9 51)
Mon Mar 25 15:49:24 +03 2024: [SIMWAVE MSG]:... t0=: 13
Mon Mar 25 15:49:24 +03 2024: 
Mon Mar 25 15:49:24 +03 2024: WARNING: Could not set CPU Affinity (3 8 50)
Mon Mar 25 15:49:24 +03 2024: WARNING: Could not set CPU Affinity (3 10 52)
Mon Mar 25 15:49:24 +03 2024: WARNING: Could not set CPU Affinity (3 9 51)
Mon Mar 25 15:49:24 +03 2024: WARNING: Could not set CPU Affinity (3 11 53)
Mon Mar 25 15:49:24 +03 2024: WARNING: Could not set CPU Affinity (3 6 48)
Mon Mar 25 15:49:24 +03 2024: WARNING: Could not set CPU Affinity (3 7 49)
Mon Mar 25 15:49:24 +03 2024: WARNING: Could not set CPU Affinity (3 12 54)
Mon Mar 25 15:49:24 +03 2024: WARNING: Could not set CPU Affinity (3 13 55)
Mon Mar 25 15:49:24 +03 2024: WARNING: Could not set CPU Affinity (3 9 51)
Mon Mar 25 15:49:24 +03 2024: WARNING: Could not set CPU Affinity (3 8 50)
Mon Mar 25 15:49:24 +03 2024: WARNING: Could not set CPU Affinity (3 13 55)
Mon Mar 25 15:49:24 +03 2024: WARNING: Could not set CPU Affinity (3 11 53)
Mon Mar 25 15:49:24 +03 2024: WARNING: Could not set CPU Affinity (3 6 48)
Mon Mar 25 15:49:24 +03 2024: WARNING: Could not set CPU Affinity (3 12 54)
Mon Mar 25 15:49:24 +03 2024: WARNING: Could not set CPU Affinity (3 10 52)
Mon Mar 25 15:49:24 +03 2024: WARNING: Could not set CPU Affinity (3 7 49)
Mon Mar 25 15:49:24 +03 2024: [SIMWAVE MSG]:... t0=: 13
Mon Mar 25 15:49:24 +03 2024: 
Mon Mar 25 15:49:24 +03 2024: [SIMWAVE MSG]:... t0=: 13
Mon Mar 25 15:49:24 +03 2024: 
Mon Mar 25 15:49:25 +03 2024: [SIMWAVE MSG]:... t0=: 13
Mon Mar 25 15:49:25 +03 2024: 
Mon Mar 25 15:49:25 +03 2024: WARNING: Could not set CPU Affinity (3 8 50)
Mon Mar 25 15:49:25 +03 2024: WARNING: Could not set CPU Affinity (3 11 53)
Mon Mar 25 15:49:25 +03 2024: WARNING: Could not set CPU Affinity (3 6 48)
Mon Mar 25 15:49:25 +03 2024: WARNING: Could not set CPU Affinity (3 10 52)
Mon Mar 25 15:49:25 +03 2024: WARNING: Could not set CPU Affinity (3 12 54)
Mon Mar 25 15:49:25 +03 2024: WARNING: Could not set CPU Affinity (3 7 49)
Mon Mar 25 15:49:25 +03 2024: WARNING: Could not set CPU Affinity (3 13 55)
Mon Mar 25 15:49:25 +03 2024: WARNING: Could not set CPU Affinity (3 9 51)
Mon Mar 25 15:49:25 +03 2024: [SIMWAVE MSG]:... t0=: 17
Mon Mar 25 15:49:25 +03 2024: 
Mon Mar 25 15:49:25 +03 2024: WARNING: Could not set CPU Affinity (3 12 54)
Mon Mar 25 15:49:25 +03 2024: WARNING: Could not set CPU Affinity (3 7 49)
Mon Mar 25 15:49:25 +03 2024: WARNING: Could not set CPU Affinity (3 13 55)
Mon Mar 25 15:49:25 +03 2024: WARNING: Could not set CPU Affinity (3 6 48)
Mon Mar 25 15:49:25 +03 2024: WARNING: Could not set CPU Affinity (3 8 50)
Mon Mar 25 15:49:25 +03 2024: WARNING: Could not set CPU Affinity (3 11 53)
Mon Mar 25 15:49:25 +03 2024: WARNING: Could not set CPU Affinity (3 9 51)
Mon Mar 25 15:49:25 +03 2024: WARNING: Could not set CPU Affinity (3 10 52)
Mon Mar 25 15:49:25 +03 2024: WARNING: Could not set CPU Affinity (3 12 54)
Mon Mar 25 15:49:25 +03 2024: WARNING: Could not set CPU Affinity (3 6 48)
Mon Mar 25 15:49:25 +03 2024: WARNING: Could not set CPU Affinity (3 13 55)
Mon Mar 25 15:49:25 +03 2024: WARNING: Could not set CPU Affinity (3 11 53)
Mon Mar 25 15:49:25 +03 2024: WARNING: Could not set CPU Affinity (3 9 51)
Mon Mar 25 15:49:25 +03 2024: WARNING: Could not set CPU Affinity (3 8 50)
Mon Mar 25 15:49:25 +03 2024: WARNING: Could not set CPU Affinity (3 10 52)
Mon Mar 25 15:49:25 +03 2024: WARNING: Could not set CPU Affinity (3 7 49)
Mon Mar 25 15:49:25 +03 2024: [SIMWAVE MSG]:... t0=: 17
Mon Mar 25 15:49:25 +03 2024: 
Mon Mar 25 15:49:25 +03 2024: [SIMWAVE MSG]:... t0=: 17
Mon Mar 25 15:49:25 +03 2024: 
Mon Mar 25 15:49:25 +03 2024: WARNING: Could not set CPU Affinity (3 12 54)
Mon Mar 25 15:49:25 +03 2024: WARNING: Could not set CPU Affinity (3 13 55)
Mon Mar 25 15:49:25 +03 2024: WARNING: Could not set CPU Affinity (3 7 49)
Mon Mar 25 15:49:25 +03 2024: WARNING: Could not set CPU Affinity (3 6 48)
Mon Mar 25 15:49:25 +03 2024: WARNING: Could not set CPU Affinity (3 8 50)
Mon Mar 25 15:49:25 +03 2024: WARNING: Could not set CPU Affinity (3 10 52)
Mon Mar 25 15:49:25 +03 2024: WARNING: Could not set CPU Affinity (3 11 53)
Mon Mar 25 15:49:25 +03 2024: WARNING: Could not set CPU Affinity (3 9 51)
Mon Mar 25 15:49:25 +03 2024: [SIMWAVE MSG]:... t0=: 17
Mon Mar 25 15:49:25 +03 2024: 
Mon Mar 25 15:49:25 +03 2024: WARNING: Could not set CPU Affinity (3 12 54)
Mon Mar 25 15:49:25 +03 2024: WARNING: Could not set CPU Affinity (3 8 50)
Mon Mar 25 15:49:25 +03 2024: WARNING: Could not set CPU Affinity (3 6 48)
Mon Mar 25 15:49:25 +03 2024: WARNING: Could not set CPU Affinity (3 11 53)
Mon Mar 25 15:49:25 +03 2024: WARNING: Could not set CPU Affinity (3 7 49)
Mon Mar 25 15:49:25 +03 2024: WARNING: Could not set CPU Affinity (3 13 55)
Mon Mar 25 15:49:25 +03 2024: WARNING: Could not set CPU Affinity (3 9 51)
Mon Mar 25 15:49:25 +03 2024: WARNING: Could not set CPU Affinity (3 10 52)
Mon Mar 25 15:49:25 +03 2024: WARNING: Could not set CPU Affinity (3 12 54)
Mon Mar 25 15:49:25 +03 2024: WARNING: Could not set CPU Affinity (3 10 52)
Mon Mar 25 15:49:25 +03 2024: WARNING: Could not set CPU Affinity (3 13 55)
Mon Mar 25 15:49:25 +03 2024: WARNING: Could not set CPU Affinity (3 6 48)
Mon Mar 25 15:49:25 +03 2024: WARNING: Could not set CPU Affinity (3 8 50)
Mon Mar 25 15:49:25 +03 2024: WARNING: Could not set CPU Affinity (3 11 53)
Mon Mar 25 15:49:25 +03 2024: WARNING: Could not set CPU Affinity (3 7 49)
Mon Mar 25 15:49:25 +03 2024: WARNING: Could not set CPU Affinity (3 9 51)
Mon Mar 25 15:49:25 +03 2024: [SIMWAVE MSG]:... t0=: 17
Mon Mar 25 15:49:25 +03 2024: 
Mon Mar 25 15:49:25 +03 2024: [SIMWAVE MSG]:... t0=: 17
Mon Mar 25 15:49:25 +03 2024: 
Mon Mar 25 15:49:25 +03 2024: WARNING: Could not set CPU Affinity (3 7 49)
Mon Mar 25 15:49:25 +03 2024: WARNING: Could not set CPU Affinity (3 6 48)
Mon Mar 25 15:49:25 +03 2024: WARNING: Could not set CPU Affinity (3 12 54)
Mon Mar 25 15:49:25 +03 2024: WARNING: Could not set CPU Affinity (3 13 55)
Mon Mar 25 15:49:25 +03 2024: WARNING: Could not set CPU Affinity (3 8 50)
Mon Mar 25 15:49:25 +03 2024: WARNING: Could not set CPU Affinity (3 9 51)
Mon Mar 25 15:49:25 +03 2024: WARNING: Could not set CPU Affinity (3 11 53)
Mon Mar 25 15:49:25 +03 2024: WARNING: Could not set CPU Affinity (3 10 52)
Mon Mar 25 15:49:25 +03 2024: [SIMWAVE MSG]:... t0=: 17
Mon Mar 25 15:49:25 +03 2024: 
Mon Mar 25 15:49:25 +03 2024: WARNING: Could not set CPU Affinity (3 12 54)
Mon Mar 25 15:49:25 +03 2024: WARNING: Could not set CPU Affinity (3 13 55)
Mon Mar 25 15:49:25 +03 2024: WARNING: Could not set CPU Affinity (3 6 48)
Mon Mar 25 15:49:25 +03 2024: WARNING: Could not set CPU Affinity (3 7 49)
Mon Mar 25 15:49:25 +03 2024: WARNING: Could not set CPU Affinity (3 8 50)
Mon Mar 25 15:49:25 +03 2024: WARNING: Could not set CPU Affinity (3 11 53)
Mon Mar 25 15:49:25 +03 2024: WARNING: Could not set CPU Affinity (3 9 51)
Mon Mar 25 15:49:25 +03 2024: WARNING: Could not set CPU Affinity (3 10 52)
Mon Mar 25 15:49:25 +03 2024: WARNING: Could not set CPU Affinity (3 13 55)
Mon Mar 25 15:49:25 +03 2024: WARNING: Could not set CPU Affinity (3 12 54)
Mon Mar 25 15:49:25 +03 2024: WARNING: Could not set CPU Affinity (3 6 48)
Mon Mar 25 15:49:25 +03 2024: [SIMWAVE MSG]:... t0=: 17
Mon Mar 25 15:49:25 +03 2024: 
Mon Mar 25 15:49:25 +03 2024: WARNING: Could not set CPU Affinity (3 7 49)
Mon Mar 25 15:49:25 +03 2024: WARNING: Could not set CPU Affinity (3 8 50)
Mon Mar 25 15:49:25 +03 2024: WARNING: Could not set CPU Affinity (3 11 53)
Mon Mar 25 15:49:25 +03 2024: WARNING: Could not set CPU Affinity (3 9 51)
Mon Mar 25 15:49:25 +03 2024: WARNING: Could not set CPU Affinity (3 10 52)
Mon Mar 25 15:49:25 +03 2024: [SIMWAVE MSG]:... t0=: 17
Mon Mar 25 15:49:25 +03 2024: 
Mon Mar 25 15:49:25 +03 2024: [SIMWAVE MSG]:... t0=: 17
Mon Mar 25 15:49:25 +03 2024: 
Mon Mar 25 15:49:25 +03 2024: WARNING: Could not set CPU Affinity (3 8 50)
Mon Mar 25 15:49:25 +03 2024: WARNING: Could not set CPU Affinity (3 6 48)
Mon Mar 25 15:49:25 +03 2024: WARNING: Could not set CPU Affinity (3 9 51)
Mon Mar 25 15:49:25 +03 2024: WARNING: Could not set CPU Affinity (3 11 53)
Mon Mar 25 15:49:25 +03 2024: WARNING: Could not set CPU Affinity (3 7 49)
Mon Mar 25 15:49:25 +03 2024: WARNING: Could not set CPU Affinity (3 10 52)
Mon Mar 25 15:49:25 +03 2024: WARNING: Could not set CPU Affinity (3 13 55)
Mon Mar 25 15:49:25 +03 2024: WARNING: Could not set CPU Affinity (3 12 54)
Mon Mar 25 15:49:25 +03 2024: [SIMWAVE MSG]:... t0=: 17
Mon Mar 25 15:49:25 +03 2024: 
Mon Mar 25 15:49:25 +03 2024: WARNING: Could not set CPU Affinity (3 8 50)
Mon Mar 25 15:49:25 +03 2024: WARNING: Could not set CPU Affinity (3 10 52)
Mon Mar 25 15:49:25 +03 2024: WARNING: Could not set CPU Affinity (3 12 54)
Mon Mar 25 15:49:25 +03 2024: WARNING: Could not set CPU Affinity (3 9 51)
Mon Mar 25 15:49:25 +03 2024: WARNING: Could not set CPU Affinity (3 11 53)
Mon Mar 25 15:49:25 +03 2024: WARNING: Could not set CPU Affinity (3 6 48)
Mon Mar 25 15:49:25 +03 2024: WARNING: Could not set CPU Affinity (3 13 55)
Mon Mar 25 15:49:25 +03 2024: WARNING: Could not set CPU Affinity (3 7 49)
Mon Mar 25 15:49:25 +03 2024: WARNING: Could not set CPU Affinity (3 9 51)
Mon Mar 25 15:49:25 +03 2024: WARNING: Could not set CPU Affinity (3 12 54)
Mon Mar 25 15:49:25 +03 2024: WARNING: Could not set CPU Affinity (3 13 55)
Mon Mar 25 15:49:25 +03 2024: WARNING: Could not set CPU Affinity (3 10 52)
Mon Mar 25 15:49:25 +03 2024: WARNING: Could not set CPU Affinity (3 11 53)
Mon Mar 25 15:49:25 +03 2024: WARNING: Could not set CPU Affinity (3 7 49)
Mon Mar 25 15:49:25 +03 2024: WARNING: Could not set CPU Affinity (3 6 48)
Mon Mar 25 15:49:25 +03 2024: WARNING: Could not set CPU Affinity (3 8 50)
Mon Mar 25 15:49:25 +03 2024: [SIMWAVE MSG]:... t0=: 17
Mon Mar 25 15:49:25 +03 2024: 
Mon Mar 25 15:49:25 +03 2024: [SIMWAVE MSG]:... t0=: 17
Mon Mar 25 15:49:25 +03 2024: 
Mon Mar 25 15:49:25 +03 2024: [SIMWAVE MSG]:... t0=: 17
Mon Mar 25 15:49:25 +03 2024: 
Mon Mar 25 15:49:25 +03 2024: WARNING: Could not set CPU Affinity (3 8 50)
Mon Mar 25 15:49:25 +03 2024: WARNING: Could not set CPU Affinity (3 12 54)
Mon Mar 25 15:49:25 +03 2024: WARNING: Could not set CPU Affinity (3 7 49)
Mon Mar 25 15:49:25 +03 2024: WARNING: Could not set CPU Affinity (3 13 55)
Mon Mar 25 15:49:25 +03 2024: WARNING: Could not set CPU Affinity (3 9 51)
Mon Mar 25 15:49:25 +03 2024: WARNING: Could not set CPU Affinity (3 11 53)
Mon Mar 25 15:49:25 +03 2024: WARNING: Could not set CPU Affinity (3 6 48)
Mon Mar 25 15:49:25 +03 2024: WARNING: Could not set CPU Affinity (3 10 52)
Mon Mar 25 15:49:25 +03 2024: [SIMWAVE MSG]:... t0=: 17
Mon Mar 25 15:49:25 +03 2024: 
Mon Mar 25 15:49:25 +03 2024: [SIMWAVE MSG]:... t0=: 17
Mon Mar 25 15:49:25 +03 2024: 
Mon Mar 25 15:49:25 +03 2024: WARNING: Could not set CPU Affinity (3 9 51)
Mon Mar 25 15:49:25 +03 2024: WARNING: Could not set CPU Affinity (3 10 52)
Mon Mar 25 15:49:25 +03 2024: WARNING: Could not set CPU Affinity (3 8 50)
Mon Mar 25 15:49:25 +03 2024: WARNING: Could not set CPU Affinity (3 13 55)
Mon Mar 25 15:49:25 +03 2024: WARNING: Could not set CPU Affinity (3 6 48)
Mon Mar 25 15:49:25 +03 2024: WARNING: Could not set CPU Affinity (3 11 53)
Mon Mar 25 15:49:25 +03 2024: WARNING: Could not set CPU Affinity (3 12 54)
Mon Mar 25 15:49:25 +03 2024: WARNING: Could not set CPU Affinity (3 7 49)
Mon Mar 25 15:49:25 +03 2024: WARNING: Could not set CPU Affinity (3 12 54)
Mon Mar 25 15:49:25 +03 2024: WARNING: Could not set CPU Affinity (3 6 48)
Mon Mar 25 15:49:26 +03 2024: WARNING: Could not set CPU Affinity (3 13 55)
Mon Mar 25 15:49:26 +03 2024: WARNING: Could not set CPU Affinity (3 7 49)
Mon Mar 25 15:49:26 +03 2024: WARNING: Could not set CPU Affinity (3 8 50)
Mon Mar 25 15:49:26 +03 2024: WARNING: Could not set CPU Affinity (3 11 53)
Mon Mar 25 15:49:26 +03 2024: WARNING: Could not set CPU Affinity (3 9 51)
Mon Mar 25 15:49:26 +03 2024: WARNING: Could not set CPU Affinity (3 10 52)
Mon Mar 25 15:49:26 +03 2024: [SIMWAVE MSG]:... t0=: 17
Mon Mar 25 15:49:26 +03 2024: 
Mon Mar 25 15:49:26 +03 2024: [SIMWAVE MSG]:... t0=: 21
Mon Mar 25 15:49:26 +03 2024: 
Mon Mar 25 15:49:26 +03 2024: [SIMWAVE MSG]:... t0=: 21
Mon Mar 25 15:49:26 +03 2024: 
Mon Mar 25 15:49:26 +03 2024: [SIMWAVE MSG]:... t0=: 21
Mon Mar 25 15:49:26 +03 2024: 
Mon Mar 25 15:49:26 +03 2024: WARNING: Could not set CPU Affinity (3 8 50)
Mon Mar 25 15:49:26 +03 2024: WARNING: Could not set CPU Affinity (3 9 51)
Mon Mar 25 15:49:26 +03 2024: WARNING: Could not set CPU Affinity (3 7 49)
Mon Mar 25 15:49:26 +03 2024: WARNING: Could not set CPU Affinity (3 11 53)
Mon Mar 25 15:49:26 +03 2024: WARNING: Could not set CPU Affinity (3 6 48)
Mon Mar 25 15:49:26 +03 2024: WARNING: Could not set CPU Affinity (3 13 55)
Mon Mar 25 15:49:26 +03 2024: WARNING: Could not set CPU Affinity (3 12 54)
Mon Mar 25 15:49:26 +03 2024: WARNING: Could not set CPU Affinity (3 10 52)
Mon Mar 25 15:49:26 +03 2024: [SIMWAVE MSG]:... t0=: 21
Mon Mar 25 15:49:26 +03 2024: 
Mon Mar 25 15:49:26 +03 2024: WARNING: Could not set CPU Affinity (3 8 50)
Mon Mar 25 15:49:26 +03 2024: WARNING: Could not set CPU Affinity (3 7 49)
Mon Mar 25 15:49:26 +03 2024: WARNING: Could not set CPU Affinity (3 6 48)
Mon Mar 25 15:49:26 +03 2024: WARNING: Could not set CPU Affinity (3 9 51)
Mon Mar 25 15:49:26 +03 2024: WARNING: Could not set CPU Affinity (3 11 53)
Mon Mar 25 15:49:26 +03 2024: WARNING: Could not set CPU Affinity (3 10 52)
Mon Mar 25 15:49:26 +03 2024: WARNING: Could not set CPU Affinity (3 12 54)
Mon Mar 25 15:49:26 +03 2024: WARNING: Could not set CPU Affinity (3 13 55)
Mon Mar 25 15:49:26 +03 2024: WARNING: Could not set CPU Affinity (3 12 54)
Mon Mar 25 15:49:26 +03 2024: WARNING: Could not set CPU Affinity (3 9 51)
Mon Mar 25 15:49:26 +03 2024: WARNING: Could not set CPU Affinity (3 11 53)
Mon Mar 25 15:49:26 +03 2024: WARNING: Could not set CPU Affinity (3 13 55)
Mon Mar 25 15:49:26 +03 2024: WARNING: Could not set CPU Affinity (3 10 52)
Mon Mar 25 15:49:26 +03 2024: WARNING: Could not set CPU Affinity (3 6 48)
Mon Mar 25 15:49:26 +03 2024: WARNING: Could not set CPU Affinity (3 7 49)
Mon Mar 25 15:49:26 +03 2024: WARNING: Could not set CPU Affinity (3 8 50)
Mon Mar 25 15:49:26 +03 2024: [SIMWAVE MSG]:... t0=: 21
Mon Mar 25 15:49:26 +03 2024: 
Mon Mar 25 15:49:26 +03 2024: [SIMWAVE MSG]:... t0=: 21
Mon Mar 25 15:49:26 +03 2024: 
Mon Mar 25 15:49:26 +03 2024: [SIMWAVE MSG]:... t0=: 21
Mon Mar 25 15:49:26 +03 2024: 
Mon Mar 25 15:49:26 +03 2024: WARNING: Could not set CPU Affinity (3 12 54)
Mon Mar 25 15:49:26 +03 2024: WARNING: Could not set CPU Affinity (3 8 50)
Mon Mar 25 15:49:26 +03 2024: WARNING: Could not set CPU Affinity (3 13 55)
Mon Mar 25 15:49:26 +03 2024: WARNING: Could not set CPU Affinity (3 9 51)
Mon Mar 25 15:49:26 +03 2024: WARNING: Could not set CPU Affinity (3 10 52)
Mon Mar 25 15:49:26 +03 2024: WARNING: Could not set CPU Affinity (3 7 49)
Mon Mar 25 15:49:26 +03 2024: WARNING: Could not set CPU Affinity (3 6 48)
Mon Mar 25 15:49:26 +03 2024: WARNING: Could not set CPU Affinity (3 11 53)
Mon Mar 25 15:49:26 +03 2024: [SIMWAVE MSG]:... t0=: 21
Mon Mar 25 15:49:26 +03 2024: 
Mon Mar 25 15:49:26 +03 2024: WARNING: Could not set CPU Affinity (3 12 54)
Mon Mar 25 15:49:26 +03 2024: WARNING: Could not set CPU Affinity (3 6 48)
Mon Mar 25 15:49:26 +03 2024: WARNING: Could not set CPU Affinity (3 7 49)
Mon Mar 25 15:49:26 +03 2024: WARNING: Could not set CPU Affinity (3 13 55)
Mon Mar 25 15:49:26 +03 2024: WARNING: Could not set CPU Affinity (3 8 50)
Mon Mar 25 15:49:26 +03 2024: WARNING: Could not set CPU Affinity (3 11 53)
Mon Mar 25 15:49:26 +03 2024: WARNING: Could not set CPU Affinity (3 10 52)
Mon Mar 25 15:49:26 +03 2024: WARNING: Could not set CPU Affinity (3 9 51)
Mon Mar 25 15:49:26 +03 2024: WARNING: Could not set CPU Affinity (3 12 54)
Mon Mar 25 15:49:26 +03 2024: WARNING: Could not set CPU Affinity (3 13 55)
Mon Mar 25 15:49:26 +03 2024: WARNING: Could not set CPU Affinity (3 11 53)
Mon Mar 25 15:49:26 +03 2024: WARNING: Could not set CPU Affinity (3 6 48)
Mon Mar 25 15:49:26 +03 2024: WARNING: Could not set CPU Affinity (3 9 51)
Mon Mar 25 15:49:26 +03 2024: WARNING: Could not set CPU Affinity (3 7 49)
Mon Mar 25 15:49:26 +03 2024: WARNING: Could not set CPU Affinity (3 8 50)
Mon Mar 25 15:49:26 +03 2024: WARNING: Could not set CPU Affinity (3 10 52)
Mon Mar 25 15:49:26 +03 2024: [SIMWAVE MSG]:... t0=: 21
Mon Mar 25 15:49:26 +03 2024: 
Mon Mar 25 15:49:26 +03 2024: [SIMWAVE MSG]:... t0=: 21
Mon Mar 25 15:49:26 +03 2024: 
Mon Mar 25 15:49:26 +03 2024: [SIMWAVE MSG]:... t0=: 21
Mon Mar 25 15:49:26 +03 2024: 
Mon Mar 25 15:49:26 +03 2024: WARNING: Could not set CPU Affinity (3 8 50)
Mon Mar 25 15:49:26 +03 2024: WARNING: Could not set CPU Affinity (3 6 48)
Mon Mar 25 15:49:26 +03 2024: WARNING: Could not set CPU Affinity (3 11 53)
Mon Mar 25 15:49:26 +03 2024: WARNING: Could not set CPU Affinity (3 7 49)
Mon Mar 25 15:49:26 +03 2024: WARNING: Could not set CPU Affinity (3 12 54)
Mon Mar 25 15:49:26 +03 2024: WARNING: Could not set CPU Affinity (3 13 55)
Mon Mar 25 15:49:26 +03 2024: WARNING: Could not set CPU Affinity (3 9 51)
Mon Mar 25 15:49:26 +03 2024: WARNING: Could not set CPU Affinity (3 10 52)
Mon Mar 25 15:49:26 +03 2024: [SIMWAVE MSG]:... t0=: 21
Mon Mar 25 15:49:26 +03 2024: 
Mon Mar 25 15:49:26 +03 2024: WARNING: Could not set CPU Affinity (3 8 50)
Mon Mar 25 15:49:26 +03 2024: WARNING: Could not set CPU Affinity (3 11 53)
Mon Mar 25 15:49:26 +03 2024: WARNING: Could not set CPU Affinity (3 12 54)
Mon Mar 25 15:49:26 +03 2024: WARNING: Could not set CPU Affinity (3 9 51)
Mon Mar 25 15:49:26 +03 2024: WARNING: Could not set CPU Affinity (3 10 52)
Mon Mar 25 15:49:26 +03 2024: WARNING: Could not set CPU Affinity (3 13 55)
Mon Mar 25 15:49:26 +03 2024: WARNING: Could not set CPU Affinity (3 6 48)
Mon Mar 25 15:49:26 +03 2024: WARNING: Could not set CPU Affinity (3 7 49)
Mon Mar 25 15:49:26 +03 2024: WARNING: Could not set CPU Affinity (3 12 54)
Mon Mar 25 15:49:26 +03 2024: WARNING: Could not set CPU Affinity (3 6 48)
Mon Mar 25 15:49:26 +03 2024: WARNING: Could not set CPU Affinity (3 13 55)
Mon Mar 25 15:49:26 +03 2024: WARNING: Could not set CPU Affinity (3 7 49)
Mon Mar 25 15:49:26 +03 2024: WARNING: Could not set CPU Affinity (3 8 50)
Mon Mar 25 15:49:26 +03 2024: WARNING: Could not set CPU Affinity (3 10 52)
Mon Mar 25 15:49:26 +03 2024: WARNING: Could not set CPU Affinity (3 9 51)
Mon Mar 25 15:49:26 +03 2024: WARNING: Could not set CPU Affinity (3 11 53)
Mon Mar 25 15:49:26 +03 2024: [SIMWAVE MSG]:... t0=: 21
Mon Mar 25 15:49:26 +03 2024: 
Mon Mar 25 15:49:26 +03 2024: [SIMWAVE MSG]:... t0=: 21
Mon Mar 25 15:49:26 +03 2024: 
Mon Mar 25 15:49:26 +03 2024: [SIMWAVE MSG]:... t0=: 21
Mon Mar 25 15:49:26 +03 2024: 
Mon Mar 25 15:49:26 +03 2024: WARNING: Could not set CPU Affinity (3 8 50)
Mon Mar 25 15:49:26 +03 2024: WARNING: Could not set CPU Affinity (3 9 51)
Mon Mar 25 15:49:26 +03 2024: WARNING: Could not set CPU Affinity (3 11 53)
Mon Mar 25 15:49:26 +03 2024: WARNING: Could not set CPU Affinity (3 6 48)
Mon Mar 25 15:49:26 +03 2024: WARNING: Could not set CPU Affinity (3 12 54)
Mon Mar 25 15:49:26 +03 2024: WARNING: Could not set CPU Affinity (3 7 49)
Mon Mar 25 15:49:26 +03 2024: WARNING: Could not set CPU Affinity (3 13 55)
Mon Mar 25 15:49:26 +03 2024: WARNING: Could not set CPU Affinity (3 10 52)
Mon Mar 25 15:49:26 +03 2024: [SIMWAVE MSG]:... t0=: 21
Mon Mar 25 15:49:26 +03 2024: 
Mon Mar 25 15:49:26 +03 2024: WARNING: Could not set CPU Affinity (3 12 54)
Mon Mar 25 15:49:26 +03 2024: WARNING: Could not set CPU Affinity (3 13 55)
Mon Mar 25 15:49:26 +03 2024: WARNING: Could not set CPU Affinity (3 6 48)
Mon Mar 25 15:49:26 +03 2024: WARNING: Could not set CPU Affinity (3 7 49)
Mon Mar 25 15:49:26 +03 2024: WARNING: Could not set CPU Affinity (3 8 50)
Mon Mar 25 15:49:26 +03 2024: WARNING: Could not set CPU Affinity (3 11 53)
Mon Mar 25 15:49:26 +03 2024: WARNING: Could not set CPU Affinity (3 9 51)
Mon Mar 25 15:49:26 +03 2024: WARNING: Could not set CPU Affinity (3 10 52)
Mon Mar 25 15:49:26 +03 2024: WARNING: Could not set CPU Affinity (3 12 54)
Mon Mar 25 15:49:26 +03 2024: WARNING: Could not set CPU Affinity (3 13 55)
Mon Mar 25 15:49:26 +03 2024: WARNING: Could not set CPU Affinity (3 8 50)
Mon Mar 25 15:49:26 +03 2024: WARNING: Could not set CPU Affinity (3 9 51)
Mon Mar 25 15:49:26 +03 2024: WARNING: Could not set CPU Affinity (3 6 48)
Mon Mar 25 15:49:27 +03 2024: WARNING: Could not set CPU Affinity (3 7 49)
Mon Mar 25 15:49:27 +03 2024: WARNING: Could not set CPU Affinity (3 10 52)
Mon Mar 25 15:49:27 +03 2024: WARNING: Could not set CPU Affinity (3 11 53)
Mon Mar 25 15:49:27 +03 2024: [SIMWAVE MSG]:... t0=: 25
Mon Mar 25 15:49:27 +03 2024: 
Mon Mar 25 15:49:27 +03 2024: [SIMWAVE MSG]:... t0=: 25
Mon Mar 25 15:49:27 +03 2024: 
Mon Mar 25 15:49:27 +03 2024: [SIMWAVE MSG]:... t0=: 25
Mon Mar 25 15:49:27 +03 2024: 
Mon Mar 25 15:49:27 +03 2024: WARNING: Could not set CPU Affinity (3 7 49)
Mon Mar 25 15:49:27 +03 2024: WARNING: Could not set CPU Affinity (3 6 48)
Mon Mar 25 15:49:27 +03 2024: WARNING: Could not set CPU Affinity (3 13 55)
Mon Mar 25 15:49:27 +03 2024: WARNING: Could not set CPU Affinity (3 8 50)
Mon Mar 25 15:49:27 +03 2024: WARNING: Could not set CPU Affinity (3 11 53)
Mon Mar 25 15:49:27 +03 2024: WARNING: Could not set CPU Affinity (3 12 54)
Mon Mar 25 15:49:27 +03 2024: WARNING: Could not set CPU Affinity (3 9 51)
Mon Mar 25 15:49:27 +03 2024: WARNING: Could not set CPU Affinity (3 10 52)
Mon Mar 25 15:49:27 +03 2024: [SIMWAVE MSG]:... t0=: 25
Mon Mar 25 15:49:27 +03 2024: 
Mon Mar 25 15:49:27 +03 2024: WARNING: Could not set CPU Affinity (3 9 51)
Mon Mar 25 15:49:27 +03 2024: WARNING: Could not set CPU Affinity (3 8 50)
Mon Mar 25 15:49:27 +03 2024: WARNING: Could not set CPU Affinity (3 12 54)
Mon Mar 25 15:49:27 +03 2024: WARNING: Could not set CPU Affinity (3 6 48)
Mon Mar 25 15:49:27 +03 2024: WARNING: Could not set CPU Affinity (3 13 55)
Mon Mar 25 15:49:27 +03 2024: WARNING: Could not set CPU Affinity (3 11 53)
Mon Mar 25 15:49:27 +03 2024: WARNING: Could not set CPU Affinity (3 7 49)
Mon Mar 25 15:49:27 +03 2024: WARNING: Could not set CPU Affinity (3 10 52)
Mon Mar 25 15:49:27 +03 2024: WARNING: Could not set CPU Affinity (3 13 55)
Mon Mar 25 15:49:27 +03 2024: WARNING: Could not set CPU Affinity (3 10 52)
Mon Mar 25 15:49:27 +03 2024: WARNING: Could not set CPU Affinity (3 9 51)
Mon Mar 25 15:49:27 +03 2024: WARNING: Could not set CPU Affinity (3 11 53)
Mon Mar 25 15:49:27 +03 2024: WARNING: Could not set CPU Affinity (3 6 48)
Mon Mar 25 15:49:27 +03 2024: WARNING: Could not set CPU Affinity (3 12 54)
Mon Mar 25 15:49:27 +03 2024: WARNING: Could not set CPU Affinity (3 8 50)
Mon Mar 25 15:49:27 +03 2024: WARNING: Could not set CPU Affinity (3 7 49)
Mon Mar 25 15:49:27 +03 2024: [SIMWAVE MSG]:... t0=: 25
Mon Mar 25 15:49:27 +03 2024: 
Mon Mar 25 15:49:27 +03 2024: [SIMWAVE MSG]:... t0=: 25
Mon Mar 25 15:49:27 +03 2024: 
Mon Mar 25 15:49:27 +03 2024: [SIMWAVE MSG]:... t0=: 25
Mon Mar 25 15:49:27 +03 2024: 
Mon Mar 25 15:49:27 +03 2024: WARNING: Could not set CPU Affinity (3 8 50)
Mon Mar 25 15:49:27 +03 2024: WARNING: Could not set CPU Affinity (3 11 53)
Mon Mar 25 15:49:27 +03 2024: WARNING: Could not set CPU Affinity (3 7 49)
Mon Mar 25 15:49:27 +03 2024: WARNING: Could not set CPU Affinity (3 9 51)
Mon Mar 25 15:49:27 +03 2024: WARNING: Could not set CPU Affinity (3 6 48)
Mon Mar 25 15:49:27 +03 2024: WARNING: Could not set CPU Affinity (3 10 52)
Mon Mar 25 15:49:27 +03 2024: WARNING: Could not set CPU Affinity (3 12 54)
Mon Mar 25 15:49:27 +03 2024: WARNING: Could not set CPU Affinity (3 13 55)
Mon Mar 25 15:49:27 +03 2024: [SIMWAVE MSG]:... t0=: 25
Mon Mar 25 15:49:27 +03 2024: 
Mon Mar 25 15:49:27 +03 2024: WARNING: Could not set CPU Affinity (3 13 55)
Mon Mar 25 15:49:27 +03 2024: WARNING: Could not set CPU Affinity (3 12 54)
Mon Mar 25 15:49:27 +03 2024: WARNING: Could not set CPU Affinity (3 10 52)
Mon Mar 25 15:49:27 +03 2024: WARNING: Could not set CPU Affinity (3 8 50)
Mon Mar 25 15:49:27 +03 2024: WARNING: Could not set CPU Affinity (3 9 51)
Mon Mar 25 15:49:27 +03 2024: WARNING: Could not set CPU Affinity (3 11 53)
Mon Mar 25 15:49:27 +03 2024: WARNING: Could not set CPU Affinity (3 6 48)
Mon Mar 25 15:49:27 +03 2024: WARNING: Could not set CPU Affinity (3 7 49)
Mon Mar 25 15:49:27 +03 2024: WARNING: Could not set CPU Affinity (3 8 50)
Mon Mar 25 15:49:27 +03 2024: WARNING: Could not set CPU Affinity (3 10 52)
Mon Mar 25 15:49:27 +03 2024: WARNING: Could not set CPU Affinity (3 6 48)
Mon Mar 25 15:49:27 +03 2024: WARNING: Could not set CPU Affinity (3 9 51)
Mon Mar 25 15:49:27 +03 2024: WARNING: Could not set CPU Affinity (3 7 49)
Mon Mar 25 15:49:27 +03 2024: WARNING: Could not set CPU Affinity (3 11 53)
Mon Mar 25 15:49:27 +03 2024: WARNING: Could not set CPU Affinity (3 12 54)
Mon Mar 25 15:49:27 +03 2024: WARNING: Could not set CPU Affinity (3 13 55)
Mon Mar 25 15:49:27 +03 2024: [SIMWAVE MSG]:... t0=: 25
Mon Mar 25 15:49:27 +03 2024: 
Mon Mar 25 15:49:27 +03 2024: [SIMWAVE MSG]:... t0=: 25
Mon Mar 25 15:49:27 +03 2024: 
Mon Mar 25 15:49:27 +03 2024: [SIMWAVE MSG]:... t0=: 25
Mon Mar 25 15:49:27 +03 2024: 
Mon Mar 25 15:49:27 +03 2024: [SIMWAVE MSG]:... t0=: 25
Mon Mar 25 15:49:27 +03 2024: 
Mon Mar 25 15:49:27 +03 2024: WARNING: Could not set CPU Affinity (3 12 54)
Mon Mar 25 15:49:27 +03 2024: WARNING: Could not set CPU Affinity (3 9 51)
Mon Mar 25 15:49:27 +03 2024: WARNING: Could not set CPU Affinity (3 6 48)
Mon Mar 25 15:49:27 +03 2024: WARNING: Could not set CPU Affinity (3 11 53)
Mon Mar 25 15:49:27 +03 2024: WARNING: Could not set CPU Affinity (3 13 55)
Mon Mar 25 15:49:27 +03 2024: WARNING: Could not set CPU Affinity (3 10 52)
Mon Mar 25 15:49:27 +03 2024: WARNING: Could not set CPU Affinity (3 7 49)
Mon Mar 25 15:49:27 +03 2024: WARNING: Could not set CPU Affinity (3 8 50)
Mon Mar 25 15:49:27 +03 2024: [SIMWAVE MSG]:... t0=: 25
Mon Mar 25 15:49:27 +03 2024: 
Mon Mar 25 15:49:27 +03 2024: WARNING: Could not set CPU Affinity (3 13 55)
Mon Mar 25 15:49:27 +03 2024: WARNING: Could not set CPU Affinity (3 12 54)
Mon Mar 25 15:49:27 +03 2024: WARNING: Could not set CPU Affinity (3 10 52)
Mon Mar 25 15:49:27 +03 2024: WARNING: Could not set CPU Affinity (3 8 50)
Mon Mar 25 15:49:27 +03 2024: WARNING: Could not set CPU Affinity (3 11 53)
Mon Mar 25 15:49:27 +03 2024: WARNING: Could not set CPU Affinity (3 9 51)
Mon Mar 25 15:49:27 +03 2024: WARNING: Could not set CPU Affinity (3 7 49)
Mon Mar 25 15:49:27 +03 2024: WARNING: Could not set CPU Affinity (3 6 48)
Mon Mar 25 15:49:27 +03 2024: WARNING: Could not set CPU Affinity (3 12 54)
Mon Mar 25 15:49:27 +03 2024: WARNING: Could not set CPU Affinity (3 13 55)
Mon Mar 25 15:49:27 +03 2024: WARNING: Could not set CPU Affinity (3 8 50)
Mon Mar 25 15:49:27 +03 2024: WARNING: Could not set CPU Affinity (3 9 51)
Mon Mar 25 15:49:27 +03 2024: WARNING: Could not set CPU Affinity (3 10 52)
Mon Mar 25 15:49:27 +03 2024: WARNING: Could not set CPU Affinity (3 6 48)
Mon Mar 25 15:49:27 +03 2024: WARNING: Could not set CPU Affinity (3 7 49)
Mon Mar 25 15:49:27 +03 2024: WARNING: Could not set CPU Affinity (3 11 53)
Mon Mar 25 15:49:27 +03 2024: [SIMWAVE MSG]:... t0=: 25
Mon Mar 25 15:49:27 +03 2024: 
Mon Mar 25 15:49:27 +03 2024: [SIMWAVE MSG]:... t0=: 25
Mon Mar 25 15:49:27 +03 2024: 
Mon Mar 25 15:49:27 +03 2024: [SIMWAVE MSG]:... t0=: 25
Mon Mar 25 15:49:27 +03 2024: 
Mon Mar 25 15:49:27 +03 2024: WARNING: Could not set CPU Affinity (3 7 49)
Mon Mar 25 15:49:27 +03 2024: WARNING: Could not set CPU Affinity (3 6 48)
Mon Mar 25 15:49:27 +03 2024: WARNING: Could not set CPU Affinity (3 8 50)
Mon Mar 25 15:49:27 +03 2024: WARNING: Could not set CPU Affinity (3 9 51)
Mon Mar 25 15:49:27 +03 2024: WARNING: Could not set CPU Affinity (3 11 53)
Mon Mar 25 15:49:27 +03 2024: WARNING: Could not set CPU Affinity (3 10 52)
Mon Mar 25 15:49:27 +03 2024: WARNING: Could not set CPU Affinity (3 13 55)
Mon Mar 25 15:49:27 +03 2024: WARNING: Could not set CPU Affinity (3 12 54)
Mon Mar 25 15:49:27 +03 2024: [SIMWAVE MSG]:... t0=: 25
Mon Mar 25 15:49:27 +03 2024: 
Mon Mar 25 15:49:27 +03 2024: WARNING: Could not set CPU Affinity (3 12 54)
Mon Mar 25 15:49:27 +03 2024: WARNING: Could not set CPU Affinity (3 13 55)
Mon Mar 25 15:49:27 +03 2024: WARNING: Could not set CPU Affinity (3 6 48)
Mon Mar 25 15:49:27 +03 2024: WARNING: Could not set CPU Affinity (3 7 49)
Mon Mar 25 15:49:27 +03 2024: WARNING: Could not set CPU Affinity (3 8 50)
Mon Mar 25 15:49:27 +03 2024: WARNING: Could not set CPU Affinity (3 11 53)
Mon Mar 25 15:49:27 +03 2024: WARNING: Could not set CPU Affinity (3 9 51)
Mon Mar 25 15:49:27 +03 2024: WARNING: Could not set CPU Affinity (3 10 52)
Mon Mar 25 15:49:27 +03 2024: WARNING: Could not set CPU Affinity (3 12 54)
Mon Mar 25 15:49:27 +03 2024: WARNING: Could not set CPU Affinity (3 13 55)
Mon Mar 25 15:49:27 +03 2024: WARNING: Could not set CPU Affinity (3 10 52)
Mon Mar 25 15:49:28 +03 2024: WARNING: Could not set CPU Affinity (3 9 51)
Mon Mar 25 15:49:28 +03 2024: WARNING: Could not set CPU Affinity (3 11 53)
Mon Mar 25 15:49:28 +03 2024: WARNING: Could not set CPU Affinity (3 6 48)
Mon Mar 25 15:49:28 +03 2024: WARNING: Could not set CPU Affinity (3 7 49)
Mon Mar 25 15:49:28 +03 2024: WARNING: Could not set CPU Affinity (3 8 50)
Mon Mar 25 15:49:28 +03 2024: [SIMWAVE MSG]:... t0=: 29
Mon Mar 25 15:49:28 +03 2024: 
Mon Mar 25 15:49:28 +03 2024: [SIMWAVE MSG]:... t0=: 29
Mon Mar 25 15:49:28 +03 2024: 
Mon Mar 25 15:49:28 +03 2024: [SIMWAVE MSG]:... t0=: 29
Mon Mar 25 15:49:28 +03 2024: 
Mon Mar 25 15:49:28 +03 2024: WARNING: Could not set CPU Affinity (3 8 50)
Mon Mar 25 15:49:28 +03 2024: WARNING: Could not set CPU Affinity (3 9 51)
Mon Mar 25 15:49:28 +03 2024: WARNING: Could not set CPU Affinity (3 13 55)
Mon Mar 25 15:49:28 +03 2024: WARNING: Could not set CPU Affinity (3 12 54)
Mon Mar 25 15:49:28 +03 2024: WARNING: Could not set CPU Affinity (3 11 53)
Mon Mar 25 15:49:28 +03 2024: WARNING: Could not set CPU Affinity (3 7 49)
Mon Mar 25 15:49:28 +03 2024: WARNING: Could not set CPU Affinity (3 6 48)
Mon Mar 25 15:49:28 +03 2024: WARNING: Could not set CPU Affinity (3 10 52)
Mon Mar 25 15:49:28 +03 2024: [SIMWAVE MSG]:... t0=: 29
Mon Mar 25 15:49:28 +03 2024: 
Mon Mar 25 15:49:28 +03 2024: WARNING: Could not set CPU Affinity (3 12 54)
Mon Mar 25 15:49:28 +03 2024: WARNING: Could not set CPU Affinity (3 13 55)
Mon Mar 25 15:49:28 +03 2024: WARNING: Could not set CPU Affinity (3 6 48)
Mon Mar 25 15:49:28 +03 2024: WARNING: Could not set CPU Affinity (3 7 49)
Mon Mar 25 15:49:28 +03 2024: WARNING: Could not set CPU Affinity (3 8 50)
Mon Mar 25 15:49:28 +03 2024: WARNING: Could not set CPU Affinity (3 11 53)
Mon Mar 25 15:49:28 +03 2024: WARNING: Could not set CPU Affinity (3 9 51)
Mon Mar 25 15:49:28 +03 2024: WARNING: Could not set CPU Affinity (3 10 52)
Mon Mar 25 15:49:28 +03 2024: WARNING: Could not set CPU Affinity (3 13 55)
Mon Mar 25 15:49:28 +03 2024: WARNING: Could not set CPU Affinity (3 12 54)
Mon Mar 25 15:49:28 +03 2024: WARNING: Could not set CPU Affinity (3 10 52)
Mon Mar 25 15:49:28 +03 2024: WARNING: Could not set CPU Affinity (3 8 50)
Mon Mar 25 15:49:28 +03 2024: WARNING: Could not set CPU Affinity (3 9 51)
Mon Mar 25 15:49:28 +03 2024: WARNING: Could not set CPU Affinity (3 6 48)
Mon Mar 25 15:49:28 +03 2024: WARNING: Could not set CPU Affinity (3 11 53)
Mon Mar 25 15:49:28 +03 2024: WARNING: Could not set CPU Affinity (3 7 49)
Mon Mar 25 15:49:28 +03 2024: [SIMWAVE MSG]:... t0=: 29
Mon Mar 25 15:49:28 +03 2024: 
Mon Mar 25 15:49:28 +03 2024: [SIMWAVE MSG]:... t0=: 29
Mon Mar 25 15:49:28 +03 2024: 
Mon Mar 25 15:49:28 +03 2024: [SIMWAVE MSG]:... t0=: 29
Mon Mar 25 15:49:28 +03 2024: 
Mon Mar 25 15:49:28 +03 2024: WARNING: Could not set CPU Affinity (3 12 54)
Mon Mar 25 15:49:28 +03 2024: WARNING: Could not set CPU Affinity (3 13 55)
Mon Mar 25 15:49:28 +03 2024: WARNING: Could not set CPU Affinity (3 6 48)
Mon Mar 25 15:49:28 +03 2024: WARNING: Could not set CPU Affinity (3 11 53)
Mon Mar 25 15:49:28 +03 2024: WARNING: Could not set CPU Affinity (3 9 51)
Mon Mar 25 15:49:28 +03 2024: WARNING: Could not set CPU Affinity (3 10 52)
Mon Mar 25 15:49:28 +03 2024: WARNING: Could not set CPU Affinity (3 7 49)
Mon Mar 25 15:49:28 +03 2024: WARNING: Could not set CPU Affinity (3 8 50)
Mon Mar 25 15:49:28 +03 2024: [SIMWAVE MSG]:... t0=: 29
Mon Mar 25 15:49:28 +03 2024: 
Mon Mar 25 15:49:28 +03 2024: WARNING: Could not set CPU Affinity (3 13 55)
Mon Mar 25 15:49:28 +03 2024: WARNING: Could not set CPU Affinity (3 12 54)
Mon Mar 25 15:49:28 +03 2024: WARNING: Could not set CPU Affinity (3 6 48)
Mon Mar 25 15:49:28 +03 2024: WARNING: Could not set CPU Affinity (3 7 49)
Mon Mar 25 15:49:28 +03 2024: WARNING: Could not set CPU Affinity (3 8 50)
Mon Mar 25 15:49:28 +03 2024: WARNING: Could not set CPU Affinity (3 10 52)
Mon Mar 25 15:49:28 +03 2024: WARNING: Could not set CPU Affinity (3 9 51)
Mon Mar 25 15:49:28 +03 2024: WARNING: Could not set CPU Affinity (3 11 53)
Mon Mar 25 15:49:28 +03 2024: [SIMWAVE MSG]:... t0=: 29
Mon Mar 25 15:49:28 +03 2024: 
Mon Mar 25 15:49:28 +03 2024: WARNING: Could not set CPU Affinity (3 12 54)
Mon Mar 25 15:49:28 +03 2024: WARNING: Could not set CPU Affinity (3 8 50)
Mon Mar 25 15:49:28 +03 2024: WARNING: Could not set CPU Affinity (3 10 52)
Mon Mar 25 15:49:28 +03 2024: WARNING: Could not set CPU Affinity (3 7 49)
Mon Mar 25 15:49:28 +03 2024: WARNING: Could not set CPU Affinity (3 11 53)
Mon Mar 25 15:49:28 +03 2024: WARNING: Could not set CPU Affinity (3 9 51)
Mon Mar 25 15:49:28 +03 2024: WARNING: Could not set CPU Affinity (3 6 48)
Mon Mar 25 15:49:28 +03 2024: WARNING: Could not set CPU Affinity (3 13 55)
Mon Mar 25 15:49:28 +03 2024: [SIMWAVE MSG]:... t0=: 29
Mon Mar 25 15:49:28 +03 2024: 
Mon Mar 25 15:49:28 +03 2024: [SIMWAVE MSG]:... t0=: 29
Mon Mar 25 15:49:28 +03 2024: 
Mon Mar 25 15:49:28 +03 2024: WARNING: Could not set CPU Affinity (3 8 50)
Mon Mar 25 15:49:28 +03 2024: WARNING: Could not set CPU Affinity (3 9 51)
Mon Mar 25 15:49:28 +03 2024: WARNING: Could not set CPU Affinity (3 11 53)
Mon Mar 25 15:49:28 +03 2024: WARNING: Could not set CPU Affinity (3 13 55)
Mon Mar 25 15:49:28 +03 2024: WARNING: Could not set CPU Affinity (3 6 48)
Mon Mar 25 15:49:28 +03 2024: WARNING: Could not set CPU Affinity (3 12 54)
Mon Mar 25 15:49:28 +03 2024: WARNING: Could not set CPU Affinity (3 7 49)
Mon Mar 25 15:49:28 +03 2024: WARNING: Could not set CPU Affinity (3 10 52)
Mon Mar 25 15:49:28 +03 2024: [SIMWAVE MSG]:... t0=: 29
Mon Mar 25 15:49:28 +03 2024: 
Mon Mar 25 15:49:28 +03 2024: WARNING: Could not set CPU Affinity (3 12 54)
Mon Mar 25 15:49:28 +03 2024: WARNING: Could not set CPU Affinity (3 13 55)
Mon Mar 25 15:49:28 +03 2024: WARNING: Could not set CPU Affinity (3 8 50)
Mon Mar 25 15:49:28 +03 2024: WARNING: Could not set CPU Affinity (3 9 51)
Mon Mar 25 15:49:28 +03 2024: WARNING: Could not set CPU Affinity (3 7 49)
Mon Mar 25 15:49:28 +03 2024: WARNING: Could not set CPU Affinity (3 11 53)
Mon Mar 25 15:49:28 +03 2024: WARNING: Could not set CPU Affinity (3 10 52)
Mon Mar 25 15:49:28 +03 2024: WARNING: Could not set CPU Affinity (3 6 48)
Mon Mar 25 15:49:28 +03 2024: WARNING: Could not set CPU Affinity (3 6 48)
Mon Mar 25 15:49:28 +03 2024: WARNING: Could not set CPU Affinity (3 13 55)
Mon Mar 25 15:49:28 +03 2024: WARNING: Could not set CPU Affinity (3 7 49)
Mon Mar 25 15:49:28 +03 2024: WARNING: Could not set CPU Affinity (3 8 50)
Mon Mar 25 15:49:28 +03 2024: WARNING: Could not set CPU Affinity (3 11 53)
Mon Mar 25 15:49:28 +03 2024: WARNING: Could not set CPU Affinity (3 9 51)
Mon Mar 25 15:49:28 +03 2024: WARNING: Could not set CPU Affinity (3 12 54)
Mon Mar 25 15:49:28 +03 2024: WARNING: Could not set CPU Affinity (3 10 52)
Mon Mar 25 15:49:28 +03 2024: [SIMWAVE MSG]:... t0=: 29
Mon Mar 25 15:49:28 +03 2024: 
Mon Mar 25 15:49:28 +03 2024: [SIMWAVE MSG]:... t0=: 29
Mon Mar 25 15:49:28 +03 2024: 
Mon Mar 25 15:49:28 +03 2024: [SIMWAVE MSG]:... t0=: 29
Mon Mar 25 15:49:28 +03 2024: 
Mon Mar 25 15:49:28 +03 2024: WARNING: Could not set CPU Affinity (3 12 54)
Mon Mar 25 15:49:28 +03 2024: WARNING: Could not set CPU Affinity (3 11 53)
Mon Mar 25 15:49:28 +03 2024: WARNING: Could not set CPU Affinity (3 9 51)
Mon Mar 25 15:49:28 +03 2024: WARNING: Could not set CPU Affinity (3 6 48)
Mon Mar 25 15:49:28 +03 2024: WARNING: Could not set CPU Affinity (3 13 55)
Mon Mar 25 15:49:28 +03 2024: WARNING: Could not set CPU Affinity (3 7 49)
Mon Mar 25 15:49:28 +03 2024: WARNING: Could not set CPU Affinity (3 10 52)
Mon Mar 25 15:49:28 +03 2024: WARNING: Could not set CPU Affinity (3 8 50)
Mon Mar 25 15:49:28 +03 2024: [SIMWAVE MSG]:... t0=: 29
Mon Mar 25 15:49:28 +03 2024: 
Mon Mar 25 15:49:28 +03 2024: WARNING: Could not set CPU Affinity (3 13 55)
Mon Mar 25 15:49:28 +03 2024: WARNING: Could not set CPU Affinity (3 7 49)
Mon Mar 25 15:49:28 +03 2024: WARNING: Could not set CPU Affinity (3 6 48)
Mon Mar 25 15:49:28 +03 2024: WARNING: Could not set CPU Affinity (3 12 54)
Mon Mar 25 15:49:28 +03 2024: WARNING: Could not set CPU Affinity (3 8 50)
Mon Mar 25 15:49:28 +03 2024: WARNING: Could not set CPU Affinity (3 11 53)
Mon Mar 25 15:49:28 +03 2024: WARNING: Could not set CPU Affinity (3 9 51)
Mon Mar 25 15:49:28 +03 2024: WARNING: Could not set CPU Affinity (3 10 52)
Mon Mar 25 15:49:28 +03 2024: WARNING: Could not set CPU Affinity (3 12 54)
Mon Mar 25 15:49:28 +03 2024: WARNING: Could not set CPU Affinity (3 8 50)
Mon Mar 25 15:49:28 +03 2024: WARNING: Could not set CPU Affinity (3 13 55)
Mon Mar 25 15:49:28 +03 2024: WARNING: Could not set CPU Affinity (3 6 48)
Mon Mar 25 15:49:28 +03 2024: WARNING: Could not set CPU Affinity (3 11 53)
Mon Mar 25 15:49:28 +03 2024: WARNING: Could not set CPU Affinity (3 9 51)
Mon Mar 25 15:49:28 +03 2024: WARNING: Could not set CPU Affinity (3 7 49)
Mon Mar 25 15:49:28 +03 2024: WARNING: Could not set CPU Affinity (3 10 52)
Mon Mar 25 15:49:28 +03 2024: [SIMWAVE MSG]:... t0=: 33
Mon Mar 25 15:49:28 +03 2024: 
Mon Mar 25 15:49:28 +03 2024: [SIMWAVE MSG]:... t0=: 33
Mon Mar 25 15:49:28 +03 2024: 
Mon Mar 25 15:49:28 +03 2024: [SIMWAVE MSG]:... t0=: 33
Mon Mar 25 15:49:28 +03 2024: 
Mon Mar 25 15:49:28 +03 2024: [SIMWAVE MSG]:... t0=: 33
Mon Mar 25 15:49:28 +03 2024: 
Mon Mar 25 15:49:28 +03 2024: WARNING: Could not set CPU Affinity (3 8 50)
Mon Mar 25 15:49:28 +03 2024: WARNING: Could not set CPU Affinity (3 9 51)
Mon Mar 25 15:49:28 +03 2024: WARNING: Could not set CPU Affinity (3 7 49)
Mon Mar 25 15:49:28 +03 2024: WARNING: Could not set CPU Affinity (3 6 48)
Mon Mar 25 15:49:28 +03 2024: WARNING: Could not set CPU Affinity (3 11 53)
Mon Mar 25 15:49:28 +03 2024: WARNING: Could not set CPU Affinity (3 10 52)
Mon Mar 25 15:49:28 +03 2024: WARNING: Could not set CPU Affinity (3 13 55)
Mon Mar 25 15:49:28 +03 2024: WARNING: Could not set CPU Affinity (3 12 54)
Mon Mar 25 15:49:28 +03 2024: [SIMWAVE MSG]:... t0=: 33
Mon Mar 25 15:49:28 +03 2024: 
Mon Mar 25 15:49:28 +03 2024: WARNING: Could not set CPU Affinity (3 12 54)
Mon Mar 25 15:49:29 +03 2024: WARNING: Could not set CPU Affinity (3 13 55)
Mon Mar 25 15:49:29 +03 2024: WARNING: Could not set CPU Affinity (3 7 49)
Mon Mar 25 15:49:29 +03 2024: WARNING: Could not set CPU Affinity (3 6 48)
Mon Mar 25 15:49:29 +03 2024: WARNING: Could not set CPU Affinity (3 8 50)
Mon Mar 25 15:49:29 +03 2024: WARNING: Could not set CPU Affinity (3 11 53)
Mon Mar 25 15:49:29 +03 2024: WARNING: Could not set CPU Affinity (3 9 51)
Mon Mar 25 15:49:29 +03 2024: WARNING: Could not set CPU Affinity (3 10 52)
Mon Mar 25 15:49:29 +03 2024: WARNING: Could not set CPU Affinity (3 13 55)
Mon Mar 25 15:49:29 +03 2024: WARNING: Could not set CPU Affinity (3 12 54)
Mon Mar 25 15:49:29 +03 2024: WARNING: Could not set CPU Affinity (3 6 48)
Mon Mar 25 15:49:29 +03 2024: WARNING: Could not set CPU Affinity (3 10 52)
Mon Mar 25 15:49:29 +03 2024: WARNING: Could not set CPU Affinity (3 9 51)
Mon Mar 25 15:49:29 +03 2024: WARNING: Could not set CPU Affinity (3 11 53)
Mon Mar 25 15:49:29 +03 2024: WARNING: Could not set CPU Affinity (3 7 49)
Mon Mar 25 15:49:29 +03 2024: WARNING: Could not set CPU Affinity (3 8 50)
Mon Mar 25 15:49:29 +03 2024: [SIMWAVE MSG]:... t0=: 33
Mon Mar 25 15:49:29 +03 2024: 
Mon Mar 25 15:49:29 +03 2024: [SIMWAVE MSG]:... t0=: 33
Mon Mar 25 15:49:29 +03 2024: 
Mon Mar 25 15:49:29 +03 2024: [SIMWAVE MSG]:... t0=: 33
Mon Mar 25 15:49:29 +03 2024: 
Mon Mar 25 15:49:29 +03 2024: WARNING: Could not set CPU Affinity (3 6 48)
Mon Mar 25 15:49:29 +03 2024: WARNING: Could not set CPU Affinity (3 13 55)
Mon Mar 25 15:49:29 +03 2024: WARNING: Could not set CPU Affinity (3 12 54)
Mon Mar 25 15:49:29 +03 2024: WARNING: Could not set CPU Affinity (3 7 49)
Mon Mar 25 15:49:29 +03 2024: WARNING: Could not set CPU Affinity (3 8 50)
Mon Mar 25 15:49:29 +03 2024: WARNING: Could not set CPU Affinity (3 11 53)
Mon Mar 25 15:49:29 +03 2024: WARNING: Could not set CPU Affinity (3 9 51)
Mon Mar 25 15:49:29 +03 2024: WARNING: Could not set CPU Affinity (3 10 52)
Mon Mar 25 15:49:29 +03 2024: [SIMWAVE MSG]:... t0=: 33
Mon Mar 25 15:49:29 +03 2024: 
Mon Mar 25 15:49:29 +03 2024: WARNING: Could not set CPU Affinity (3 12 54)
Mon Mar 25 15:49:29 +03 2024: WARNING: Could not set CPU Affinity (3 7 49)
Mon Mar 25 15:49:29 +03 2024: WARNING: Could not set CPU Affinity (3 6 48)
Mon Mar 25 15:49:29 +03 2024: WARNING: Could not set CPU Affinity (3 13 55)
Mon Mar 25 15:49:29 +03 2024: WARNING: Could not set CPU Affinity (3 8 50)
Mon Mar 25 15:49:29 +03 2024: WARNING: Could not set CPU Affinity (3 11 53)
Mon Mar 25 15:49:29 +03 2024: WARNING: Could not set CPU Affinity (3 9 51)
Mon Mar 25 15:49:29 +03 2024: WARNING: Could not set CPU Affinity (3 10 52)
Mon Mar 25 15:49:29 +03 2024: WARNING: Could not set CPU Affinity (3 13 55)
Mon Mar 25 15:49:29 +03 2024: WARNING: Could not set CPU Affinity (3 9 51)
Mon Mar 25 15:49:29 +03 2024: WARNING: Could not set CPU Affinity (3 10 52)
Mon Mar 25 15:49:29 +03 2024: WARNING: Could not set CPU Affinity (3 11 53)
Mon Mar 25 15:49:29 +03 2024: WARNING: Could not set CPU Affinity (3 12 54)
Mon Mar 25 15:49:29 +03 2024: WARNING: Could not set CPU Affinity (3 8 50)
Mon Mar 25 15:49:29 +03 2024: WARNING: Could not set CPU Affinity (3 7 49)
Mon Mar 25 15:49:29 +03 2024: WARNING: Could not set CPU Affinity (3 6 48)
Mon Mar 25 15:49:29 +03 2024: [SIMWAVE MSG]:... t0=: 33
Mon Mar 25 15:49:29 +03 2024: 
Mon Mar 25 15:49:29 +03 2024: [SIMWAVE MSG]:... t0=: 33
Mon Mar 25 15:49:29 +03 2024: 
Mon Mar 25 15:49:29 +03 2024: [SIMWAVE MSG]:... t0=: 33
Mon Mar 25 15:49:29 +03 2024: 
Mon Mar 25 15:49:29 +03 2024: WARNING: Could not set CPU Affinity (3 9 51)
Mon Mar 25 15:49:29 +03 2024: WARNING: Could not set CPU Affinity (3 11 53)
Mon Mar 25 15:49:29 +03 2024: WARNING: Could not set CPU Affinity (3 6 48)
Mon Mar 25 15:49:29 +03 2024: WARNING: Could not set CPU Affinity (3 13 55)
Mon Mar 25 15:49:29 +03 2024: WARNING: Could not set CPU Affinity (3 10 52)
Mon Mar 25 15:49:29 +03 2024: WARNING: Could not set CPU Affinity (3 12 54)
Mon Mar 25 15:49:29 +03 2024: WARNING: Could not set CPU Affinity (3 7 49)
Mon Mar 25 15:49:29 +03 2024: WARNING: Could not set CPU Affinity (3 8 50)
Mon Mar 25 15:49:29 +03 2024: [SIMWAVE MSG]:... t0=: 33
Mon Mar 25 15:49:29 +03 2024: 
Mon Mar 25 15:49:29 +03 2024: WARNING: Could not set CPU Affinity (3 8 50)
Mon Mar 25 15:49:29 +03 2024: WARNING: Could not set CPU Affinity (3 9 51)
Mon Mar 25 15:49:29 +03 2024: WARNING: Could not set CPU Affinity (3 7 49)
Mon Mar 25 15:49:29 +03 2024: WARNING: Could not set CPU Affinity (3 11 53)
Mon Mar 25 15:49:29 +03 2024: WARNING: Could not set CPU Affinity (3 6 48)
Mon Mar 25 15:49:29 +03 2024: WARNING: Could not set CPU Affinity (3 10 52)
Mon Mar 25 15:49:29 +03 2024: WARNING: Could not set CPU Affinity (3 12 54)
Mon Mar 25 15:49:29 +03 2024: WARNING: Could not set CPU Affinity (3 13 55)
Mon Mar 25 15:49:29 +03 2024: WARNING: Could not set CPU Affinity (3 6 48)
Mon Mar 25 15:49:29 +03 2024: WARNING: Could not set CPU Affinity (3 7 49)
Mon Mar 25 15:49:29 +03 2024: WARNING: Could not set CPU Affinity (3 8 50)
Mon Mar 25 15:49:29 +03 2024: WARNING: Could not set CPU Affinity (3 9 51)
Mon Mar 25 15:49:29 +03 2024: WARNING: Could not set CPU Affinity (3 11 53)
Mon Mar 25 15:49:29 +03 2024: WARNING: Could not set CPU Affinity (3 12 54)
Mon Mar 25 15:49:29 +03 2024: WARNING: Could not set CPU Affinity (3 13 55)
Mon Mar 25 15:49:29 +03 2024: WARNING: Could not set CPU Affinity (3 10 52)
Mon Mar 25 15:49:29 +03 2024: [SIMWAVE MSG]:... t0=: 33
Mon Mar 25 15:49:29 +03 2024: 
Mon Mar 25 15:49:29 +03 2024: [SIMWAVE MSG]:... t0=: 33
Mon Mar 25 15:49:29 +03 2024: 
Mon Mar 25 15:49:29 +03 2024: WARNING: Could not set CPU Affinity (3 13 55)
Mon Mar 25 15:49:29 +03 2024: WARNING: Could not set CPU Affinity (3 10 52)
Mon Mar 25 15:49:29 +03 2024: WARNING: Could not set CPU Affinity (3 9 51)
Mon Mar 25 15:49:29 +03 2024: WARNING: Could not set CPU Affinity (3 11 53)
Mon Mar 25 15:49:29 +03 2024: WARNING: Could not set CPU Affinity (3 6 48)
Mon Mar 25 15:49:29 +03 2024: WARNING: Could not set CPU Affinity (3 12 54)
Mon Mar 25 15:49:29 +03 2024: WARNING: Could not set CPU Affinity (3 7 49)
Mon Mar 25 15:49:29 +03 2024: WARNING: Could not set CPU Affinity (3 8 50)
Mon Mar 25 15:49:29 +03 2024: [SIMWAVE MSG]:... t0=: 33
Mon Mar 25 15:49:29 +03 2024: 
Mon Mar 25 15:49:29 +03 2024: WARNING: Could not set CPU Affinity (3 12 54)
Mon Mar 25 15:49:29 +03 2024: WARNING: Could not set CPU Affinity (3 13 55)
Mon Mar 25 15:49:29 +03 2024: WARNING: Could not set CPU Affinity (3 6 48)
Mon Mar 25 15:49:29 +03 2024: WARNING: Could not set CPU Affinity (3 7 49)
Mon Mar 25 15:49:29 +03 2024: WARNING: Could not set CPU Affinity (3 8 50)
Mon Mar 25 15:49:29 +03 2024: WARNING: Could not set CPU Affinity (3 11 53)
Mon Mar 25 15:49:29 +03 2024: WARNING: Could not set CPU Affinity (3 9 51)
Mon Mar 25 15:49:29 +03 2024: WARNING: Could not set CPU Affinity (3 10 52)
Mon Mar 25 15:49:29 +03 2024: WARNING: Could not set CPU Affinity (3 8 50)
Mon Mar 25 15:49:29 +03 2024: WARNING: Could not set CPU Affinity (3 11 53)
Mon Mar 25 15:49:29 +03 2024: WARNING: Could not set CPU Affinity (3 13 55)
Mon Mar 25 15:49:29 +03 2024: WARNING: Could not set CPU Affinity (3 12 54)
Mon Mar 25 15:49:29 +03 2024: WARNING: Could not set CPU Affinity (3 9 51)
Mon Mar 25 15:49:29 +03 2024: WARNING: Could not set CPU Affinity (3 6 48)
Mon Mar 25 15:49:29 +03 2024: WARNING: Could not set CPU Affinity (3 7 49)
Mon Mar 25 15:49:29 +03 2024: WARNING: Could not set CPU Affinity (3 10 52)
Mon Mar 25 15:49:29 +03 2024: [SIMWAVE MSG]:... t0=: 33
Mon Mar 25 15:49:29 +03 2024: 
Mon Mar 25 15:49:29 +03 2024: [SIMWAVE MSG]:... t0=: 37
Mon Mar 25 15:49:29 +03 2024: 
Mon Mar 25 15:49:29 +03 2024: [SIMWAVE MSG]:... t0=: 37
Mon Mar 25 15:49:29 +03 2024: 
Mon Mar 25 15:49:29 +03 2024: WARNING: Could not set CPU Affinity (3 8 50)
Mon Mar 25 15:49:29 +03 2024: WARNING: Could not set CPU Affinity (3 6 48)
Mon Mar 25 15:49:29 +03 2024: WARNING: Could not set CPU Affinity (3 9 51)
Mon Mar 25 15:49:29 +03 2024: WARNING: Could not set CPU Affinity (3 11 53)
Mon Mar 25 15:49:29 +03 2024: WARNING: Could not set CPU Affinity (3 7 49)
Mon Mar 25 15:49:29 +03 2024: WARNING: Could not set CPU Affinity (3 10 52)
Mon Mar 25 15:49:29 +03 2024: WARNING: Could not set CPU Affinity (3 13 55)
Mon Mar 25 15:49:29 +03 2024: WARNING: Could not set CPU Affinity (3 12 54)
Mon Mar 25 15:49:29 +03 2024: [SIMWAVE MSG]:... t0=: 37
Mon Mar 25 15:49:29 +03 2024: 
Mon Mar 25 15:49:29 +03 2024: [SIMWAVE MSG]:... t0=: 37
Mon Mar 25 15:49:29 +03 2024: 
Mon Mar 25 15:49:29 +03 2024: WARNING: Could not set CPU Affinity (3 13 55)
Mon Mar 25 15:49:29 +03 2024: WARNING: Could not set CPU Affinity (3 8 50)
Mon Mar 25 15:49:29 +03 2024: WARNING: Could not set CPU Affinity (3 10 52)
Mon Mar 25 15:49:29 +03 2024: WARNING: Could not set CPU Affinity (3 9 51)
Mon Mar 25 15:49:29 +03 2024: WARNING: Could not set CPU Affinity (3 12 54)
Mon Mar 25 15:49:29 +03 2024: WARNING: Could not set CPU Affinity (3 11 53)
Mon Mar 25 15:49:29 +03 2024: WARNING: Could not set CPU Affinity (3 7 49)
Mon Mar 25 15:49:29 +03 2024: WARNING: Could not set CPU Affinity (3 6 48)
Mon Mar 25 15:49:29 +03 2024: WARNING: Could not set CPU Affinity (3 8 50)
Mon Mar 25 15:49:29 +03 2024: WARNING: Could not set CPU Affinity (3 13 55)
Mon Mar 25 15:49:29 +03 2024: WARNING: Could not set CPU Affinity (3 11 53)
Mon Mar 25 15:49:29 +03 2024: WARNING: Could not set CPU Affinity (3 10 52)
Mon Mar 25 15:49:29 +03 2024: WARNING: Could not set CPU Affinity (3 9 51)
Mon Mar 25 15:49:30 +03 2024: WARNING: Could not set CPU Affinity (3 6 48)
Mon Mar 25 15:49:30 +03 2024: WARNING: Could not set CPU Affinity (3 7 49)
Mon Mar 25 15:49:30 +03 2024: WARNING: Could not set CPU Affinity (3 12 54)
Mon Mar 25 15:49:30 +03 2024: [SIMWAVE MSG]:... t0=: 37
Mon Mar 25 15:49:30 +03 2024: 
Mon Mar 25 15:49:30 +03 2024: [SIMWAVE MSG]:... t0=: 37
Mon Mar 25 15:49:30 +03 2024: 
Mon Mar 25 15:49:30 +03 2024: [SIMWAVE MSG]:... t0=: 37
Mon Mar 25 15:49:30 +03 2024: 
Mon Mar 25 15:49:30 +03 2024: WARNING: Could not set CPU Affinity (3 6 48)
Mon Mar 25 15:49:30 +03 2024: WARNING: Could not set CPU Affinity (3 13 55)
Mon Mar 25 15:49:30 +03 2024: WARNING: Could not set CPU Affinity (3 12 54)
Mon Mar 25 15:49:30 +03 2024: WARNING: Could not set CPU Affinity (3 7 49)
Mon Mar 25 15:49:30 +03 2024: WARNING: Could not set CPU Affinity (3 8 50)
Mon Mar 25 15:49:30 +03 2024: WARNING: Could not set CPU Affinity (3 9 51)
Mon Mar 25 15:49:30 +03 2024: WARNING: Could not set CPU Affinity (3 10 52)
Mon Mar 25 15:49:30 +03 2024: WARNING: Could not set CPU Affinity (3 11 53)
Mon Mar 25 15:49:30 +03 2024: [SIMWAVE MSG]:... t0=: 37
Mon Mar 25 15:49:30 +03 2024: 
Mon Mar 25 15:49:30 +03 2024: WARNING: Could not set CPU Affinity (3 6 48)
Mon Mar 25 15:49:30 +03 2024: WARNING: Could not set CPU Affinity (3 12 54)
Mon Mar 25 15:49:30 +03 2024: WARNING: Could not set CPU Affinity (3 13 55)
Mon Mar 25 15:49:30 +03 2024: WARNING: Could not set CPU Affinity (3 7 49)
Mon Mar 25 15:49:30 +03 2024: WARNING: Could not set CPU Affinity (3 8 50)
Mon Mar 25 15:49:30 +03 2024: WARNING: Could not set CPU Affinity (3 11 53)
Mon Mar 25 15:49:30 +03 2024: WARNING: Could not set CPU Affinity (3 10 52)
Mon Mar 25 15:49:30 +03 2024: WARNING: Could not set CPU Affinity (3 9 51)
Mon Mar 25 15:49:30 +03 2024: WARNING: Could not set CPU Affinity (3 8 50)
Mon Mar 25 15:49:30 +03 2024: WARNING: Could not set CPU Affinity (3 13 55)
Mon Mar 25 15:49:30 +03 2024: WARNING: Could not set CPU Affinity (3 10 52)
Mon Mar 25 15:49:30 +03 2024: WARNING: Could not set CPU Affinity (3 9 51)
Mon Mar 25 15:49:30 +03 2024: WARNING: Could not set CPU Affinity (3 6 48)
Mon Mar 25 15:49:30 +03 2024: WARNING: Could not set CPU Affinity (3 11 53)
Mon Mar 25 15:49:30 +03 2024: WARNING: Could not set CPU Affinity (3 12 54)
Mon Mar 25 15:49:30 +03 2024: WARNING: Could not set CPU Affinity (3 7 49)
Mon Mar 25 15:49:30 +03 2024: [SIMWAVE MSG]:... t0=: 37
Mon Mar 25 15:49:30 +03 2024: 
Mon Mar 25 15:49:30 +03 2024: [SIMWAVE MSG]:... t0=: 37
Mon Mar 25 15:49:30 +03 2024: 
Mon Mar 25 15:49:30 +03 2024: [SIMWAVE MSG]:... t0=: 37
Mon Mar 25 15:49:30 +03 2024: 
Mon Mar 25 15:49:30 +03 2024: WARNING: Could not set CPU Affinity (3 12 54)
Mon Mar 25 15:49:30 +03 2024: WARNING: Could not set CPU Affinity (3 13 55)
Mon Mar 25 15:49:30 +03 2024: WARNING: Could not set CPU Affinity (3 6 48)
Mon Mar 25 15:49:30 +03 2024: WARNING: Could not set CPU Affinity (3 7 49)
Mon Mar 25 15:49:30 +03 2024: WARNING: Could not set CPU Affinity (3 8 50)
Mon Mar 25 15:49:30 +03 2024: WARNING: Could not set CPU Affinity (3 11 53)
Mon Mar 25 15:49:30 +03 2024: WARNING: Could not set CPU Affinity (3 9 51)
Mon Mar 25 15:49:30 +03 2024: WARNING: Could not set CPU Affinity (3 10 52)
Mon Mar 25 15:49:30 +03 2024: [SIMWAVE MSG]:... t0=: 37
Mon Mar 25 15:49:30 +03 2024: 
Mon Mar 25 15:49:30 +03 2024: WARNING: Could not set CPU Affinity (3 12 54)
Mon Mar 25 15:49:30 +03 2024: WARNING: Could not set CPU Affinity (3 13 55)
Mon Mar 25 15:49:30 +03 2024: WARNING: Could not set CPU Affinity (3 6 48)
Mon Mar 25 15:49:30 +03 2024: WARNING: Could not set CPU Affinity (3 7 49)
Mon Mar 25 15:49:30 +03 2024: WARNING: Could not set CPU Affinity (3 8 50)
Mon Mar 25 15:49:30 +03 2024: WARNING: Could not set CPU Affinity (3 11 53)
Mon Mar 25 15:49:30 +03 2024: WARNING: Could not set CPU Affinity (3 9 51)
Mon Mar 25 15:49:30 +03 2024: WARNING: Could not set CPU Affinity (3 10 52)
Mon Mar 25 15:49:30 +03 2024: WARNING: Could not set CPU Affinity (3 12 54)
Mon Mar 25 15:49:30 +03 2024: WARNING: Could not set CPU Affinity (3 8 50)
Mon Mar 25 15:49:30 +03 2024: WARNING: Could not set CPU Affinity (3 10 52)
Mon Mar 25 15:49:30 +03 2024: WARNING: Could not set CPU Affinity (3 9 51)
Mon Mar 25 15:49:30 +03 2024: WARNING: Could not set CPU Affinity (3 11 53)
Mon Mar 25 15:49:30 +03 2024: WARNING: Could not set CPU Affinity (3 6 48)
Mon Mar 25 15:49:30 +03 2024: WARNING: Could not set CPU Affinity (3 13 55)
Mon Mar 25 15:49:30 +03 2024: WARNING: Could not set CPU Affinity (3 7 49)
Mon Mar 25 15:49:30 +03 2024: [SIMWAVE MSG]:... t0=: 37
Mon Mar 25 15:49:30 +03 2024: 
Mon Mar 25 15:49:30 +03 2024: [SIMWAVE MSG]:... t0=: 37
Mon Mar 25 15:49:30 +03 2024: 
Mon Mar 25 15:49:30 +03 2024: [SIMWAVE MSG]:... t0=: 37
Mon Mar 25 15:49:30 +03 2024: 
Mon Mar 25 15:49:30 +03 2024: WARNING: Could not set CPU Affinity (3 6 48)
Mon Mar 25 15:49:30 +03 2024: WARNING: Could not set CPU Affinity (3 7 49)
Mon Mar 25 15:49:30 +03 2024: WARNING: Could not set CPU Affinity (3 8 50)
Mon Mar 25 15:49:30 +03 2024: WARNING: Could not set CPU Affinity (3 11 53)
Mon Mar 25 15:49:30 +03 2024: WARNING: Could not set CPU Affinity (3 12 54)
Mon Mar 25 15:49:30 +03 2024: WARNING: Could not set CPU Affinity (3 9 51)
Mon Mar 25 15:49:30 +03 2024: WARNING: Could not set CPU Affinity (3 10 52)
Mon Mar 25 15:49:30 +03 2024: WARNING: Could not set CPU Affinity (3 13 55)
Mon Mar 25 15:49:30 +03 2024: [SIMWAVE MSG]:... t0=: 37
Mon Mar 25 15:49:30 +03 2024: 
Mon Mar 25 15:49:30 +03 2024: WARNING: Could not set CPU Affinity (3 8 50)
Mon Mar 25 15:49:30 +03 2024: WARNING: Could not set CPU Affinity (3 12 54)
Mon Mar 25 15:49:30 +03 2024: WARNING: Could not set CPU Affinity (3 10 52)
Mon Mar 25 15:49:30 +03 2024: WARNING: Could not set CPU Affinity (3 9 51)
Mon Mar 25 15:49:30 +03 2024: WARNING: Could not set CPU Affinity (3 6 48)
Mon Mar 25 15:49:30 +03 2024: WARNING: Could not set CPU Affinity (3 13 55)
Mon Mar 25 15:49:30 +03 2024: WARNING: Could not set CPU Affinity (3 11 53)
Mon Mar 25 15:49:30 +03 2024: WARNING: Could not set CPU Affinity (3 7 49)
Mon Mar 25 15:49:30 +03 2024: WARNING: Could not set CPU Affinity (3 12 54)
Mon Mar 25 15:49:30 +03 2024: WARNING: Could not set CPU Affinity (3 13 55)
Mon Mar 25 15:49:30 +03 2024: WARNING: Could not set CPU Affinity (3 7 49)
Mon Mar 25 15:49:30 +03 2024: WARNING: Could not set CPU Affinity (3 6 48)
Mon Mar 25 15:49:30 +03 2024: WARNING: Could not set CPU Affinity (3 8 50)
Mon Mar 25 15:49:30 +03 2024: WARNING: Could not set CPU Affinity (3 9 51)
Mon Mar 25 15:49:30 +03 2024: WARNING: Could not set CPU Affinity (3 10 52)
Mon Mar 25 15:49:30 +03 2024: WARNING: Could not set CPU Affinity (3 11 53)
Mon Mar 25 15:49:30 +03 2024: [SIMWAVE MSG]:... t0=: 41
Mon Mar 25 15:49:30 +03 2024: 
Mon Mar 25 15:49:30 +03 2024: [SIMWAVE MSG]:... t0=: 41
Mon Mar 25 15:49:30 +03 2024: 
Mon Mar 25 15:49:30 +03 2024: [SIMWAVE MSG]:... t0=: 41
Mon Mar 25 15:49:30 +03 2024: 
Mon Mar 25 15:49:30 +03 2024: WARNING: Could not set CPU Affinity (3 11 53)
Mon Mar 25 15:49:30 +03 2024: WARNING: Could not set CPU Affinity (3 9 51)
Mon Mar 25 15:49:30 +03 2024: WARNING: Could not set CPU Affinity (3 13 55)
Mon Mar 25 15:49:30 +03 2024: WARNING: Could not set CPU Affinity (3 12 54)
Mon Mar 25 15:49:30 +03 2024: WARNING: Could not set CPU Affinity (3 6 48)
Mon Mar 25 15:49:30 +03 2024: WARNING: Could not set CPU Affinity (3 10 52)
Mon Mar 25 15:49:30 +03 2024: WARNING: Could not set CPU Affinity (3 7 49)
Mon Mar 25 15:49:30 +03 2024: WARNING: Could not set CPU Affinity (3 8 50)
Mon Mar 25 15:49:30 +03 2024: [SIMWAVE MSG]:... t0=: 41
Mon Mar 25 15:49:30 +03 2024: 
Mon Mar 25 15:49:30 +03 2024: WARNING: Could not set CPU Affinity (3 8 50)
Mon Mar 25 15:49:30 +03 2024: WARNING: Could not set CPU Affinity (3 6 48)
Mon Mar 25 15:49:30 +03 2024: WARNING: Could not set CPU Affinity (3 7 49)
Mon Mar 25 15:49:30 +03 2024: WARNING: Could not set CPU Affinity (3 9 51)
Mon Mar 25 15:49:30 +03 2024: WARNING: Could not set CPU Affinity (3 11 53)
Mon Mar 25 15:49:30 +03 2024: WARNING: Could not set CPU Affinity (3 10 52)
Mon Mar 25 15:49:30 +03 2024: WARNING: Could not set CPU Affinity (3 12 54)
Mon Mar 25 15:49:30 +03 2024: WARNING: Could not set CPU Affinity (3 13 55)
Mon Mar 25 15:49:30 +03 2024: WARNING: Could not set CPU Affinity (3 6 48)
Mon Mar 25 15:49:30 +03 2024: WARNING: Could not set CPU Affinity (3 12 54)
Mon Mar 25 15:49:30 +03 2024: WARNING: Could not set CPU Affinity (3 13 55)
Mon Mar 25 15:49:30 +03 2024: WARNING: Could not set CPU Affinity (3 9 51)
Mon Mar 25 15:49:30 +03 2024: WARNING: Could not set CPU Affinity (3 8 50)
Mon Mar 25 15:49:30 +03 2024: WARNING: Could not set CPU Affinity (3 11 53)
Mon Mar 25 15:49:30 +03 2024: WARNING: Could not set CPU Affinity (3 7 49)
Mon Mar 25 15:49:30 +03 2024: WARNING: Could not set CPU Affinity (3 10 52)
Mon Mar 25 15:49:30 +03 2024: [SIMWAVE MSG]:... t0=: 41
Mon Mar 25 15:49:30 +03 2024: 
Mon Mar 25 15:49:30 +03 2024: [SIMWAVE MSG]:... t0=: 41
Mon Mar 25 15:49:30 +03 2024: 
Mon Mar 25 15:49:30 +03 2024: [SIMWAVE MSG]:... t0=: 41
Mon Mar 25 15:49:30 +03 2024: 
Mon Mar 25 15:49:30 +03 2024: WARNING: Could not set CPU Affinity (3 12 54)
Mon Mar 25 15:49:30 +03 2024: WARNING: Could not set CPU Affinity (3 6 48)
Mon Mar 25 15:49:30 +03 2024: WARNING: Could not set CPU Affinity (3 7 49)
Mon Mar 25 15:49:30 +03 2024: WARNING: Could not set CPU Affinity (3 13 55)
Mon Mar 25 15:49:30 +03 2024: WARNING: Could not set CPU Affinity (3 8 50)
Mon Mar 25 15:49:30 +03 2024: WARNING: Could not set CPU Affinity (3 9 51)
Mon Mar 25 15:49:30 +03 2024: WARNING: Could not set CPU Affinity (3 10 52)
Mon Mar 25 15:49:30 +03 2024: WARNING: Could not set CPU Affinity (3 11 53)
Mon Mar 25 15:49:30 +03 2024: [SIMWAVE MSG]:... t0=: 41
Mon Mar 25 15:49:30 +03 2024: 
Mon Mar 25 15:49:31 +03 2024: WARNING: Could not set CPU Affinity (3 12 54)
Mon Mar 25 15:49:31 +03 2024: WARNING: Could not set CPU Affinity (3 8 50)
Mon Mar 25 15:49:31 +03 2024: WARNING: Could not set CPU Affinity (3 10 52)
Mon Mar 25 15:49:31 +03 2024: WARNING: Could not set CPU Affinity (3 9 51)
Mon Mar 25 15:49:31 +03 2024: WARNING: Could not set CPU Affinity (3 11 53)
Mon Mar 25 15:49:31 +03 2024: WARNING: Could not set CPU Affinity (3 7 49)
Mon Mar 25 15:49:31 +03 2024: WARNING: Could not set CPU Affinity (3 6 48)
Mon Mar 25 15:49:31 +03 2024: WARNING: Could not set CPU Affinity (3 13 55)
Mon Mar 25 15:49:31 +03 2024: WARNING: Could not set CPU Affinity (3 11 53)
Mon Mar 25 15:49:31 +03 2024: WARNING: Could not set CPU Affinity (3 8 50)
Mon Mar 25 15:49:31 +03 2024: WARNING: Could not set CPU Affinity (3 9 51)
Mon Mar 25 15:49:31 +03 2024: WARNING: Could not set CPU Affinity (3 10 52)
Mon Mar 25 15:49:31 +03 2024: WARNING: Could not set CPU Affinity (3 13 55)
Mon Mar 25 15:49:31 +03 2024: WARNING: Could not set CPU Affinity (3 6 48)
Mon Mar 25 15:49:31 +03 2024: WARNING: Could not set CPU Affinity (3 12 54)
Mon Mar 25 15:49:31 +03 2024: WARNING: Could not set CPU Affinity (3 7 49)
Mon Mar 25 15:49:31 +03 2024: [SIMWAVE MSG]:... t0=: 41
Mon Mar 25 15:49:31 +03 2024: 
Mon Mar 25 15:49:31 +03 2024: [SIMWAVE MSG]:... t0=: 41
Mon Mar 25 15:49:31 +03 2024: 
Mon Mar 25 15:49:31 +03 2024: [SIMWAVE MSG]:... t0=: 41
Mon Mar 25 15:49:31 +03 2024: 
Mon Mar 25 15:49:31 +03 2024: WARNING: Could not set CPU Affinity (3 7 49)
Mon Mar 25 15:49:31 +03 2024: WARNING: Could not set CPU Affinity (3 13 55)
Mon Mar 25 15:49:31 +03 2024: WARNING: Could not set CPU Affinity (3 6 48)
Mon Mar 25 15:49:31 +03 2024: WARNING: Could not set CPU Affinity (3 12 54)
Mon Mar 25 15:49:31 +03 2024: WARNING: Could not set CPU Affinity (3 8 50)
Mon Mar 25 15:49:31 +03 2024: WARNING: Could not set CPU Affinity (3 9 51)
Mon Mar 25 15:49:31 +03 2024: WARNING: Could not set CPU Affinity (3 10 52)
Mon Mar 25 15:49:31 +03 2024: WARNING: Could not set CPU Affinity (3 11 53)
Mon Mar 25 15:49:31 +03 2024: [SIMWAVE MSG]:... t0=: 41
Mon Mar 25 15:49:31 +03 2024: 
Mon Mar 25 15:49:31 +03 2024: WARNING: Could not set CPU Affinity (3 8 50)
Mon Mar 25 15:49:31 +03 2024: WARNING: Could not set CPU Affinity (3 10 52)
Mon Mar 25 15:49:31 +03 2024: WARNING: Could not set CPU Affinity (3 12 54)
Mon Mar 25 15:49:31 +03 2024: WARNING: Could not set CPU Affinity (3 9 51)
Mon Mar 25 15:49:31 +03 2024: WARNING: Could not set CPU Affinity (3 11 53)
Mon Mar 25 15:49:31 +03 2024: WARNING: Could not set CPU Affinity (3 6 48)
Mon Mar 25 15:49:31 +03 2024: WARNING: Could not set CPU Affinity (3 13 55)
Mon Mar 25 15:49:31 +03 2024: WARNING: Could not set CPU Affinity (3 7 49)
Mon Mar 25 15:49:31 +03 2024: WARNING: Could not set CPU Affinity (3 12 54)
Mon Mar 25 15:49:31 +03 2024: WARNING: Could not set CPU Affinity (3 8 50)
Mon Mar 25 15:49:31 +03 2024: WARNING: Could not set CPU Affinity (3 9 51)
Mon Mar 25 15:49:31 +03 2024: WARNING: Could not set CPU Affinity (3 10 52)
Mon Mar 25 15:49:31 +03 2024: WARNING: Could not set CPU Affinity (3 11 53)
Mon Mar 25 15:49:31 +03 2024: WARNING: Could not set CPU Affinity (3 13 55)
Mon Mar 25 15:49:31 +03 2024: WARNING: Could not set CPU Affinity (3 7 49)
Mon Mar 25 15:49:31 +03 2024: WARNING: Could not set CPU Affinity (3 6 48)
Mon Mar 25 15:49:31 +03 2024: [SIMWAVE MSG]:... t0=: 41
Mon Mar 25 15:49:31 +03 2024: 
Mon Mar 25 15:49:31 +03 2024: [SIMWAVE MSG]:... t0=: 41
Mon Mar 25 15:49:31 +03 2024: 
Mon Mar 25 15:49:31 +03 2024: [SIMWAVE MSG]:... t0=: 41
Mon Mar 25 15:49:31 +03 2024: 
Mon Mar 25 15:49:31 +03 2024: [SIMWAVE MSG]:... t0=: 41
Mon Mar 25 15:49:31 +03 2024: 
Mon Mar 25 15:49:31 +03 2024: WARNING: Could not set CPU Affinity (3 10 52)
Mon Mar 25 15:49:31 +03 2024: WARNING: Could not set CPU Affinity (3 9 51)
Mon Mar 25 15:49:31 +03 2024: WARNING: Could not set CPU Affinity (3 6 48)
Mon Mar 25 15:49:31 +03 2024: WARNING: Could not set CPU Affinity (3 7 49)
Mon Mar 25 15:49:31 +03 2024: WARNING: Could not set CPU Affinity (3 12 54)
Mon Mar 25 15:49:31 +03 2024: WARNING: Could not set CPU Affinity (3 8 50)
Mon Mar 25 15:49:31 +03 2024: WARNING: Could not set CPU Affinity (3 11 53)
Mon Mar 25 15:49:31 +03 2024: WARNING: Could not set CPU Affinity (3 13 55)
Mon Mar 25 15:49:31 +03 2024: [SIMWAVE MSG]:... t0=: 41
Mon Mar 25 15:49:31 +03 2024: 
Mon Mar 25 15:49:31 +03 2024: WARNING: Could not set CPU Affinity (3 12 54)
Mon Mar 25 15:49:31 +03 2024: WARNING: Could not set CPU Affinity (3 10 52)
Mon Mar 25 15:49:31 +03 2024: WARNING: Could not set CPU Affinity (3 8 50)
Mon Mar 25 15:49:31 +03 2024: WARNING: Could not set CPU Affinity (3 11 53)
Mon Mar 25 15:49:31 +03 2024: WARNING: Could not set CPU Affinity (3 9 51)
Mon Mar 25 15:49:31 +03 2024: WARNING: Could not set CPU Affinity (3 6 48)
Mon Mar 25 15:49:31 +03 2024: WARNING: Could not set CPU Affinity (3 7 49)
Mon Mar 25 15:49:31 +03 2024: WARNING: Could not set CPU Affinity (3 13 55)
Mon Mar 25 15:49:31 +03 2024: WARNING: Could not set CPU Affinity (3 12 54)
Mon Mar 25 15:49:31 +03 2024: WARNING: Could not set CPU Affinity (3 7 49)
Mon Mar 25 15:49:31 +03 2024: WARNING: Could not set CPU Affinity (3 6 48)
Mon Mar 25 15:49:31 +03 2024: WARNING: Could not set CPU Affinity (3 13 55)
Mon Mar 25 15:49:31 +03 2024: WARNING: Could not set CPU Affinity (3 8 50)
Mon Mar 25 15:49:31 +03 2024: WARNING: Could not set CPU Affinity (3 9 51)
Mon Mar 25 15:49:31 +03 2024: WARNING: Could not set CPU Affinity (3 11 53)
Mon Mar 25 15:49:31 +03 2024: WARNING: Could not set CPU Affinity (3 10 52)
Mon Mar 25 15:49:31 +03 2024: [SIMWAVE MSG]:... t0=: 45
Mon Mar 25 15:49:31 +03 2024: 
Mon Mar 25 15:49:31 +03 2024: [SIMWAVE MSG]:... t0=: 45
Mon Mar 25 15:49:31 +03 2024: 
Mon Mar 25 15:49:31 +03 2024: [SIMWAVE MSG]:... t0=: 45
Mon Mar 25 15:49:31 +03 2024: 
Mon Mar 25 15:49:31 +03 2024: WARNING: Could not set CPU Affinity (3 12 54)
Mon Mar 25 15:49:31 +03 2024: WARNING: Could not set CPU Affinity (3 7 49)
Mon Mar 25 15:49:31 +03 2024: WARNING: Could not set CPU Affinity (3 8 50)
Mon Mar 25 15:49:31 +03 2024: WARNING: Could not set CPU Affinity (3 13 55)
Mon Mar 25 15:49:31 +03 2024: WARNING: Could not set CPU Affinity (3 10 52)
Mon Mar 25 15:49:31 +03 2024: WARNING: Could not set CPU Affinity (3 9 51)
Mon Mar 25 15:49:31 +03 2024: WARNING: Could not set CPU Affinity (3 11 53)
Mon Mar 25 15:49:31 +03 2024: WARNING: Could not set CPU Affinity (3 6 48)
Mon Mar 25 15:49:31 +03 2024: [SIMWAVE MSG]:... t0=: 45
Mon Mar 25 15:49:31 +03 2024: 
Mon Mar 25 15:49:31 +03 2024: WARNING: Could not set CPU Affinity (3 12 54)
Mon Mar 25 15:49:31 +03 2024: WARNING: Could not set CPU Affinity (3 13 55)
Mon Mar 25 15:49:31 +03 2024: WARNING: Could not set CPU Affinity (3 6 48)
Mon Mar 25 15:49:31 +03 2024: WARNING: Could not set CPU Affinity (3 7 49)
Mon Mar 25 15:49:31 +03 2024: WARNING: Could not set CPU Affinity (3 8 50)
Mon Mar 25 15:49:31 +03 2024: WARNING: Could not set CPU Affinity (3 11 53)
Mon Mar 25 15:49:31 +03 2024: WARNING: Could not set CPU Affinity (3 9 51)
Mon Mar 25 15:49:31 +03 2024: WARNING: Could not set CPU Affinity (3 10 52)
Mon Mar 25 15:49:31 +03 2024: WARNING: Could not set CPU Affinity (3 12 54)
Mon Mar 25 15:49:31 +03 2024: WARNING: Could not set CPU Affinity (3 10 52)
Mon Mar 25 15:49:31 +03 2024: WARNING: Could not set CPU Affinity (3 11 53)
Mon Mar 25 15:49:31 +03 2024: WARNING: Could not set CPU Affinity (3 8 50)
Mon Mar 25 15:49:31 +03 2024: WARNING: Could not set CPU Affinity (3 13 55)
Mon Mar 25 15:49:31 +03 2024: WARNING: Could not set CPU Affinity (3 9 51)
Mon Mar 25 15:49:31 +03 2024: WARNING: Could not set CPU Affinity (3 6 48)
Mon Mar 25 15:49:31 +03 2024: WARNING: Could not set CPU Affinity (3 7 49)
Mon Mar 25 15:49:31 +03 2024: [SIMWAVE MSG]:... t0=: 45
Mon Mar 25 15:49:31 +03 2024: 
Mon Mar 25 15:49:31 +03 2024: [SIMWAVE MSG]:... t0=: 45
Mon Mar 25 15:49:31 +03 2024: 
Mon Mar 25 15:49:31 +03 2024: [SIMWAVE MSG]:... t0=: 45
Mon Mar 25 15:49:31 +03 2024: 
Mon Mar 25 15:49:31 +03 2024: WARNING: Could not set CPU Affinity (3 13 55)
Mon Mar 25 15:49:31 +03 2024: WARNING: Could not set CPU Affinity (3 9 51)
Mon Mar 25 15:49:31 +03 2024: WARNING: Could not set CPU Affinity (3 12 54)
Mon Mar 25 15:49:31 +03 2024: WARNING: Could not set CPU Affinity (3 7 49)
Mon Mar 25 15:49:31 +03 2024: WARNING: Could not set CPU Affinity (3 6 48)
Mon Mar 25 15:49:31 +03 2024: WARNING: Could not set CPU Affinity (3 8 50)
Mon Mar 25 15:49:31 +03 2024: WARNING: Could not set CPU Affinity (3 10 52)
Mon Mar 25 15:49:31 +03 2024: WARNING: Could not set CPU Affinity (3 11 53)
Mon Mar 25 15:49:31 +03 2024: [SIMWAVE MSG]:... t0=: 45
Mon Mar 25 15:49:31 +03 2024: 
Mon Mar 25 15:49:31 +03 2024: WARNING: Could not set CPU Affinity (3 8 50)
Mon Mar 25 15:49:31 +03 2024: WARNING: Could not set CPU Affinity (3 12 54)
Mon Mar 25 15:49:31 +03 2024: WARNING: Could not set CPU Affinity (3 10 52)
Mon Mar 25 15:49:31 +03 2024: WARNING: Could not set CPU Affinity (3 9 51)
Mon Mar 25 15:49:31 +03 2024: WARNING: Could not set CPU Affinity (3 7 49)
Mon Mar 25 15:49:31 +03 2024: WARNING: Could not set CPU Affinity (3 6 48)
Mon Mar 25 15:49:31 +03 2024: WARNING: Could not set CPU Affinity (3 13 55)
Mon Mar 25 15:49:31 +03 2024: WARNING: Could not set CPU Affinity (3 11 53)
Mon Mar 25 15:49:31 +03 2024: WARNING: Could not set CPU Affinity (3 10 52)
Mon Mar 25 15:49:31 +03 2024: WARNING: Could not set CPU Affinity (3 11 53)
Mon Mar 25 15:49:31 +03 2024: WARNING: Could not set CPU Affinity (3 6 48)
Mon Mar 25 15:49:31 +03 2024: WARNING: Could not set CPU Affinity (3 13 55)
Mon Mar 25 15:49:31 +03 2024: WARNING: Could not set CPU Affinity (3 12 54)
Mon Mar 25 15:49:31 +03 2024: WARNING: Could not set CPU Affinity (3 9 51)
Mon Mar 25 15:49:31 +03 2024: WARNING: Could not set CPU Affinity (3 8 50)
Mon Mar 25 15:49:31 +03 2024: WARNING: Could not set CPU Affinity (3 7 49)
Mon Mar 25 15:49:31 +03 2024: [SIMWAVE MSG]:... t0=: 45
Mon Mar 25 15:49:31 +03 2024: 
Mon Mar 25 15:49:31 +03 2024: [SIMWAVE MSG]:... t0=: 45
Mon Mar 25 15:49:31 +03 2024: 
Mon Mar 25 15:49:31 +03 2024: [SIMWAVE MSG]:... t0=: 45
Mon Mar 25 15:49:31 +03 2024: 
Mon Mar 25 15:49:31 +03 2024: WARNING: Could not set CPU Affinity (3 8 50)
Mon Mar 25 15:49:31 +03 2024: WARNING: Could not set CPU Affinity (3 6 48)
Mon Mar 25 15:49:32 +03 2024: WARNING: Could not set CPU Affinity (3 9 51)
Mon Mar 25 15:49:32 +03 2024: WARNING: Could not set CPU Affinity (3 11 53)
Mon Mar 25 15:49:32 +03 2024: WARNING: Could not set CPU Affinity (3 7 49)
Mon Mar 25 15:49:32 +03 2024: WARNING: Could not set CPU Affinity (3 10 52)
Mon Mar 25 15:49:32 +03 2024: WARNING: Could not set CPU Affinity (3 13 55)
Mon Mar 25 15:49:32 +03 2024: WARNING: Could not set CPU Affinity (3 12 54)
Mon Mar 25 15:49:32 +03 2024: [SIMWAVE MSG]:... t0=: 45
Mon Mar 25 15:49:32 +03 2024: 
Mon Mar 25 15:49:32 +03 2024: WARNING: Could not set CPU Affinity (3 8 50)
Mon Mar 25 15:49:32 +03 2024: WARNING: Could not set CPU Affinity (3 6 48)
Mon Mar 25 15:49:32 +03 2024: WARNING: Could not set CPU Affinity (3 11 53)
Mon Mar 25 15:49:32 +03 2024: WARNING: Could not set CPU Affinity (3 7 49)
Mon Mar 25 15:49:32 +03 2024: WARNING: Could not set CPU Affinity (3 9 51)
Mon Mar 25 15:49:32 +03 2024: WARNING: Could not set CPU Affinity (3 10 52)
Mon Mar 25 15:49:32 +03 2024: WARNING: Could not set CPU Affinity (3 12 54)
Mon Mar 25 15:49:32 +03 2024: WARNING: Could not set CPU Affinity (3 13 55)
Mon Mar 25 15:49:32 +03 2024: WARNING: Could not set CPU Affinity (3 12 54)
Mon Mar 25 15:49:32 +03 2024: WARNING: Could not set CPU Affinity (3 7 49)
Mon Mar 25 15:49:32 +03 2024: WARNING: Could not set CPU Affinity (3 6 48)
Mon Mar 25 15:49:32 +03 2024: WARNING: Could not set CPU Affinity (3 13 55)
Mon Mar 25 15:49:32 +03 2024: WARNING: Could not set CPU Affinity (3 9 51)
Mon Mar 25 15:49:32 +03 2024: WARNING: Could not set CPU Affinity (3 8 50)
Mon Mar 25 15:49:32 +03 2024: WARNING: Could not set CPU Affinity (3 11 53)
Mon Mar 25 15:49:32 +03 2024: WARNING: Could not set CPU Affinity (3 10 52)
Mon Mar 25 15:49:32 +03 2024: [SIMWAVE MSG]:... t0=: 45
Mon Mar 25 15:49:32 +03 2024: 
Mon Mar 25 15:49:32 +03 2024: [SIMWAVE MSG]:... t0=: 45
Mon Mar 25 15:49:32 +03 2024: 
Mon Mar 25 15:49:32 +03 2024: [SIMWAVE MSG]:... t0=: 45
Mon Mar 25 15:49:32 +03 2024: 
Mon Mar 25 15:49:32 +03 2024: WARNING: Could not set CPU Affinity (3 12 54)
Mon Mar 25 15:49:32 +03 2024: WARNING: Could not set CPU Affinity (3 9 51)
Mon Mar 25 15:49:32 +03 2024: WARNING: Could not set CPU Affinity (3 6 48)
Mon Mar 25 15:49:32 +03 2024: WARNING: Could not set CPU Affinity (3 13 55)
Mon Mar 25 15:49:32 +03 2024: WARNING: Could not set CPU Affinity (3 8 50)
Mon Mar 25 15:49:32 +03 2024: WARNING: Could not set CPU Affinity (3 10 52)
Mon Mar 25 15:49:32 +03 2024: WARNING: Could not set CPU Affinity (3 11 53)
Mon Mar 25 15:49:32 +03 2024: WARNING: Could not set CPU Affinity (3 7 49)
Mon Mar 25 15:49:32 +03 2024: [SIMWAVE MSG]:... t0=: 45
Mon Mar 25 15:49:32 +03 2024: 
Mon Mar 25 15:49:32 +03 2024: WARNING: Could not set CPU Affinity (3 8 50)
Mon Mar 25 15:49:32 +03 2024: WARNING: Could not set CPU Affinity (3 6 48)
Mon Mar 25 15:49:32 +03 2024: WARNING: Could not set CPU Affinity (3 9 51)
Mon Mar 25 15:49:32 +03 2024: WARNING: Could not set CPU Affinity (3 12 54)
Mon Mar 25 15:49:32 +03 2024: WARNING: Could not set CPU Affinity (3 13 55)
Mon Mar 25 15:49:32 +03 2024: WARNING: Could not set CPU Affinity (3 7 49)
Mon Mar 25 15:49:32 +03 2024: WARNING: Could not set CPU Affinity (3 10 52)
Mon Mar 25 15:49:32 +03 2024: WARNING: Could not set CPU Affinity (3 11 53)
Mon Mar 25 15:49:32 +03 2024: WARNING: Could not set CPU Affinity (3 8 50)
Mon Mar 25 15:49:32 +03 2024: WARNING: Could not set CPU Affinity (3 9 51)
Mon Mar 25 15:49:32 +03 2024: WARNING: Could not set CPU Affinity (3 7 49)
Mon Mar 25 15:49:32 +03 2024: WARNING: Could not set CPU Affinity (3 6 48)
Mon Mar 25 15:49:32 +03 2024: WARNING: Could not set CPU Affinity (3 11 53)
Mon Mar 25 15:49:32 +03 2024: WARNING: Could not set CPU Affinity (3 10 52)
Mon Mar 25 15:49:32 +03 2024: WARNING: Could not set CPU Affinity (3 12 54)
Mon Mar 25 15:49:32 +03 2024: WARNING: Could not set CPU Affinity (3 13 55)
Mon Mar 25 15:49:32 +03 2024: [SIMWAVE MSG]:... t0=: 49
Mon Mar 25 15:49:32 +03 2024: 
Mon Mar 25 15:49:32 +03 2024: [SIMWAVE MSG]:... t0=: 49
Mon Mar 25 15:49:32 +03 2024: 
Mon Mar 25 15:49:32 +03 2024: [SIMWAVE MSG]:... t0=: 49
Mon Mar 25 15:49:32 +03 2024: 
Mon Mar 25 15:49:32 +03 2024: WARNING: Could not set CPU Affinity (3 12 54)
Mon Mar 25 15:49:32 +03 2024: WARNING: Could not set CPU Affinity (3 6 48)
Mon Mar 25 15:49:32 +03 2024: WARNING: Could not set CPU Affinity (3 8 50)
Mon Mar 25 15:49:32 +03 2024: WARNING: Could not set CPU Affinity (3 9 51)
Mon Mar 25 15:49:32 +03 2024: WARNING: Could not set CPU Affinity (3 10 52)
Mon Mar 25 15:49:32 +03 2024: WARNING: Could not set CPU Affinity (3 7 49)
Mon Mar 25 15:49:32 +03 2024: WARNING: Could not set CPU Affinity (3 13 55)
Mon Mar 25 15:49:32 +03 2024: WARNING: Could not set CPU Affinity (3 11 53)
Mon Mar 25 15:49:32 +03 2024: [SIMWAVE MSG]:... t0=: 49
Mon Mar 25 15:49:32 +03 2024: 
Mon Mar 25 15:49:32 +03 2024: WARNING: Could not set CPU Affinity (3 12 54)
Mon Mar 25 15:49:32 +03 2024: WARNING: Could not set CPU Affinity (3 8 50)
Mon Mar 25 15:49:32 +03 2024: WARNING: Could not set CPU Affinity (3 10 52)
Mon Mar 25 15:49:32 +03 2024: WARNING: Could not set CPU Affinity (3 9 51)
Mon Mar 25 15:49:32 +03 2024: WARNING: Could not set CPU Affinity (3 11 53)
Mon Mar 25 15:49:32 +03 2024: WARNING: Could not set CPU Affinity (3 6 48)
Mon Mar 25 15:49:32 +03 2024: WARNING: Could not set CPU Affinity (3 13 55)
Mon Mar 25 15:49:32 +03 2024: WARNING: Could not set CPU Affinity (3 7 49)
Mon Mar 25 15:49:32 +03 2024: WARNING: Could not set CPU Affinity (3 8 50)
Mon Mar 25 15:49:32 +03 2024: WARNING: Could not set CPU Affinity (3 6 48)
Mon Mar 25 15:49:32 +03 2024: WARNING: Could not set CPU Affinity (3 13 55)
Mon Mar 25 15:49:32 +03 2024: WARNING: Could not set CPU Affinity (3 11 53)
Mon Mar 25 15:49:32 +03 2024: WARNING: Could not set CPU Affinity (3 9 51)
Mon Mar 25 15:49:32 +03 2024: WARNING: Could not set CPU Affinity (3 12 54)
Mon Mar 25 15:49:32 +03 2024: WARNING: Could not set CPU Affinity (3 7 49)
Mon Mar 25 15:49:32 +03 2024: WARNING: Could not set CPU Affinity (3 10 52)
Mon Mar 25 15:49:32 +03 2024: [SIMWAVE MSG]:... t0=: 49
Mon Mar 25 15:49:32 +03 2024: 
Mon Mar 25 15:49:32 +03 2024: [SIMWAVE MSG]:... t0=: 49
Mon Mar 25 15:49:32 +03 2024: 
Mon Mar 25 15:49:32 +03 2024: [SIMWAVE MSG]:... t0=: 49
Mon Mar 25 15:49:32 +03 2024: 
Mon Mar 25 15:49:32 +03 2024: WARNING: Could not set CPU Affinity (3 7 49)
Mon Mar 25 15:49:32 +03 2024: WARNING: Could not set CPU Affinity (3 6 48)
Mon Mar 25 15:49:32 +03 2024: WARNING: Could not set CPU Affinity (3 8 50)
Mon Mar 25 15:49:32 +03 2024: WARNING: Could not set CPU Affinity (3 9 51)
Mon Mar 25 15:49:32 +03 2024: WARNING: Could not set CPU Affinity (3 11 53)
Mon Mar 25 15:49:32 +03 2024: WARNING: Could not set CPU Affinity (3 10 52)
Mon Mar 25 15:49:32 +03 2024: WARNING: Could not set CPU Affinity (3 13 55)
Mon Mar 25 15:49:32 +03 2024: WARNING: Could not set CPU Affinity (3 12 54)
Mon Mar 25 15:49:32 +03 2024: [SIMWAVE MSG]:... t0=: 49
Mon Mar 25 15:49:32 +03 2024: 
Mon Mar 25 15:49:32 +03 2024: WARNING: Could not set CPU Affinity (3 12 54)
Mon Mar 25 15:49:32 +03 2024: WARNING: Could not set CPU Affinity (3 10 52)
Mon Mar 25 15:49:32 +03 2024: WARNING: Could not set CPU Affinity (3 6 48)
Mon Mar 25 15:49:32 +03 2024: WARNING: Could not set CPU Affinity (3 9 51)
Mon Mar 25 15:49:32 +03 2024: WARNING: Could not set CPU Affinity (3 13 55)
Mon Mar 25 15:49:32 +03 2024: WARNING: Could not set CPU Affinity (3 11 53)
Mon Mar 25 15:49:32 +03 2024: WARNING: Could not set CPU Affinity (3 7 49)
Mon Mar 25 15:49:32 +03 2024: WARNING: Could not set CPU Affinity (3 8 50)
Mon Mar 25 15:49:32 +03 2024: WARNING: Could not set CPU Affinity (3 8 50)
Mon Mar 25 15:49:32 +03 2024: WARNING: Could not set CPU Affinity (3 10 52)
Mon Mar 25 15:49:32 +03 2024: WARNING: Could not set CPU Affinity (3 9 51)
Mon Mar 25 15:49:32 +03 2024: WARNING: Could not set CPU Affinity (3 7 49)
Mon Mar 25 15:49:32 +03 2024: WARNING: Could not set CPU Affinity (3 11 53)
Mon Mar 25 15:49:32 +03 2024: WARNING: Could not set CPU Affinity (3 6 48)
Mon Mar 25 15:49:32 +03 2024: WARNING: Could not set CPU Affinity (3 12 54)
Mon Mar 25 15:49:32 +03 2024: WARNING: Could not set CPU Affinity (3 13 55)
Mon Mar 25 15:49:32 +03 2024: [SIMWAVE MSG]:... t0=: 49
Mon Mar 25 15:49:32 +03 2024: 
Mon Mar 25 15:49:32 +03 2024: [SIMWAVE MSG]:... t0=: 49
Mon Mar 25 15:49:32 +03 2024: 
Mon Mar 25 15:49:32 +03 2024: [SIMWAVE MSG]:... t0=: 49
Mon Mar 25 15:49:32 +03 2024: 
Mon Mar 25 15:49:32 +03 2024: WARNING: Could not set CPU Affinity (3 6 48)
Mon Mar 25 15:49:32 +03 2024: WARNING: Could not set CPU Affinity (3 7 49)
Mon Mar 25 15:49:32 +03 2024: WARNING: Could not set CPU Affinity (3 8 50)
Mon Mar 25 15:49:32 +03 2024: WARNING: Could not set CPU Affinity (3 11 53)
Mon Mar 25 15:49:32 +03 2024: WARNING: Could not set CPU Affinity (3 9 51)
Mon Mar 25 15:49:32 +03 2024: WARNING: Could not set CPU Affinity (3 10 52)
Mon Mar 25 15:49:32 +03 2024: WARNING: Could not set CPU Affinity (3 12 54)
Mon Mar 25 15:49:32 +03 2024: WARNING: Could not set CPU Affinity (3 13 55)
Mon Mar 25 15:49:32 +03 2024: [SIMWAVE MSG]:... t0=: 49
Mon Mar 25 15:49:32 +03 2024: 
Mon Mar 25 15:49:32 +03 2024: WARNING: Could not set CPU Affinity (3 8 50)
Mon Mar 25 15:49:32 +03 2024: WARNING: Could not set CPU Affinity (3 11 53)
Mon Mar 25 15:49:32 +03 2024: WARNING: Could not set CPU Affinity (3 9 51)
Mon Mar 25 15:49:32 +03 2024: WARNING: Could not set CPU Affinity (3 7 49)
Mon Mar 25 15:49:32 +03 2024: WARNING: Could not set CPU Affinity (3 6 48)
Mon Mar 25 15:49:32 +03 2024: WARNING: Could not set CPU Affinity (3 12 54)
Mon Mar 25 15:49:32 +03 2024: WARNING: Could not set CPU Affinity (3 13 55)
Mon Mar 25 15:49:32 +03 2024: WARNING: Could not set CPU Affinity (3 10 52)
Mon Mar 25 15:49:33 +03 2024: WARNING: Could not set CPU Affinity (3 12 54)
Mon Mar 25 15:49:33 +03 2024: WARNING: Could not set CPU Affinity (3 13 55)
Mon Mar 25 15:49:33 +03 2024: WARNING: Could not set CPU Affinity (3 10 52)
Mon Mar 25 15:49:33 +03 2024: WARNING: Could not set CPU Affinity (3 6 48)
Mon Mar 25 15:49:33 +03 2024: WARNING: Could not set CPU Affinity (3 8 50)
Mon Mar 25 15:49:33 +03 2024: WARNING: Could not set CPU Affinity (3 11 53)
Mon Mar 25 15:49:33 +03 2024: WARNING: Could not set CPU Affinity (3 9 51)
Mon Mar 25 15:49:33 +03 2024: WARNING: Could not set CPU Affinity (3 7 49)
Mon Mar 25 15:49:33 +03 2024: [SIMWAVE MSG]:... t0=: 49
Mon Mar 25 15:49:33 +03 2024: 
Mon Mar 25 15:49:33 +03 2024: [SIMWAVE MSG]:... t0=: 49
Mon Mar 25 15:49:33 +03 2024: 
Mon Mar 25 15:49:33 +03 2024: [SIMWAVE MSG]:... t0=: 49
Mon Mar 25 15:49:33 +03 2024: 
Mon Mar 25 15:49:33 +03 2024: WARNING: Could not set CPU Affinity (3 12 54)
Mon Mar 25 15:49:33 +03 2024: WARNING: Could not set CPU Affinity (3 9 51)
Mon Mar 25 15:49:33 +03 2024: WARNING: Could not set CPU Affinity (3 11 53)
Mon Mar 25 15:49:33 +03 2024: WARNING: Could not set CPU Affinity (3 13 55)
Mon Mar 25 15:49:33 +03 2024: WARNING: Could not set CPU Affinity (3 6 48)
Mon Mar 25 15:49:33 +03 2024: WARNING: Could not set CPU Affinity (3 7 49)
Mon Mar 25 15:49:33 +03 2024: WARNING: Could not set CPU Affinity (3 8 50)
Mon Mar 25 15:49:33 +03 2024: WARNING: Could not set CPU Affinity (3 10 52)
Mon Mar 25 15:49:33 +03 2024: [SIMWAVE MSG]:... t0=: 49
Mon Mar 25 15:49:33 +03 2024: 
Mon Mar 25 15:49:33 +03 2024: WARNING: Could not set CPU Affinity (3 13 55)
Mon Mar 25 15:49:33 +03 2024: WARNING: Could not set CPU Affinity (3 8 50)
Mon Mar 25 15:49:33 +03 2024: WARNING: Could not set CPU Affinity (3 10 52)
Mon Mar 25 15:49:33 +03 2024: WARNING: Could not set CPU Affinity (3 9 51)
Mon Mar 25 15:49:33 +03 2024: WARNING: Could not set CPU Affinity (3 7 49)
Mon Mar 25 15:49:33 +03 2024: WARNING: Could not set CPU Affinity (3 11 53)
Mon Mar 25 15:49:33 +03 2024: WARNING: Could not set CPU Affinity (3 6 48)
Mon Mar 25 15:49:33 +03 2024: WARNING: Could not set CPU Affinity (3 12 54)
Mon Mar 25 15:49:33 +03 2024: WARNING: Could not set CPU Affinity (3 8 50)
Mon Mar 25 15:49:33 +03 2024: WARNING: Could not set CPU Affinity (3 6 48)
Mon Mar 25 15:49:33 +03 2024: WARNING: Could not set CPU Affinity (3 12 54)
Mon Mar 25 15:49:33 +03 2024: WARNING: Could not set CPU Affinity (3 7 49)
Mon Mar 25 15:49:33 +03 2024: WARNING: Could not set CPU Affinity (3 9 51)
Mon Mar 25 15:49:33 +03 2024: WARNING: Could not set CPU Affinity (3 11 53)
Mon Mar 25 15:49:33 +03 2024: WARNING: Could not set CPU Affinity (3 13 55)
Mon Mar 25 15:49:33 +03 2024: WARNING: Could not set CPU Affinity (3 10 52)
Mon Mar 25 15:49:33 +03 2024: [SIMWAVE MSG]:... t0=: 49
Mon Mar 25 15:49:33 +03 2024: 
Mon Mar 25 15:49:33 +03 2024: [SIMWAVE MSG]:... t0=: 53
Mon Mar 25 15:49:33 +03 2024: 
Mon Mar 25 15:49:33 +03 2024: [SIMWAVE MSG]:... t0=: 53
Mon Mar 25 15:49:33 +03 2024: 
Mon Mar 25 15:49:33 +03 2024: WARNING: Could not set CPU Affinity (3 13 55)
Mon Mar 25 15:49:33 +03 2024: WARNING: Could not set CPU Affinity (3 6 48)
Mon Mar 25 15:49:33 +03 2024: WARNING: Could not set CPU Affinity (3 12 54)
Mon Mar 25 15:49:33 +03 2024: WARNING: Could not set CPU Affinity (3 9 51)
Mon Mar 25 15:49:33 +03 2024: WARNING: Could not set CPU Affinity (3 11 53)
Mon Mar 25 15:49:33 +03 2024: WARNING: Could not set CPU Affinity (3 10 52)
Mon Mar 25 15:49:33 +03 2024: WARNING: Could not set CPU Affinity (3 7 49)
Mon Mar 25 15:49:33 +03 2024: WARNING: Could not set CPU Affinity (3 8 50)
Mon Mar 25 15:49:33 +03 2024: [SIMWAVE MSG]:... t0=: 53
Mon Mar 25 15:49:33 +03 2024: 
Mon Mar 25 15:49:33 +03 2024: WARNING: Could not set CPU Affinity (3 8 50)
Mon Mar 25 15:49:33 +03 2024: WARNING: Could not set CPU Affinity (3 10 52)
Mon Mar 25 15:49:33 +03 2024: WARNING: Could not set CPU Affinity (3 6 48)
Mon Mar 25 15:49:33 +03 2024: WARNING: Could not set CPU Affinity (3 9 51)
Mon Mar 25 15:49:33 +03 2024: WARNING: Could not set CPU Affinity (3 7 49)
Mon Mar 25 15:49:33 +03 2024: WARNING: Could not set CPU Affinity (3 11 53)
Mon Mar 25 15:49:33 +03 2024: WARNING: Could not set CPU Affinity (3 13 55)
Mon Mar 25 15:49:33 +03 2024: WARNING: Could not set CPU Affinity (3 12 54)
Mon Mar 25 15:49:33 +03 2024: WARNING: Could not set CPU Affinity (3 13 55)
Mon Mar 25 15:49:33 +03 2024: WARNING: Could not set CPU Affinity (3 8 50)
Mon Mar 25 15:49:33 +03 2024: WARNING: Could not set CPU Affinity (3 10 52)
Mon Mar 25 15:49:33 +03 2024: WARNING: Could not set CPU Affinity (3 9 51)
Mon Mar 25 15:49:33 +03 2024: WARNING: Could not set CPU Affinity (3 11 53)
Mon Mar 25 15:49:33 +03 2024: WARNING: Could not set CPU Affinity (3 7 49)
Mon Mar 25 15:49:33 +03 2024: WARNING: Could not set CPU Affinity (3 12 54)
Mon Mar 25 15:49:33 +03 2024: WARNING: Could not set CPU Affinity (3 6 48)
Mon Mar 25 15:49:33 +03 2024: [SIMWAVE MSG]:... t0=: 53
Mon Mar 25 15:49:33 +03 2024: 
Mon Mar 25 15:49:33 +03 2024: [SIMWAVE MSG]:... t0=: 53
Mon Mar 25 15:49:33 +03 2024: 
Mon Mar 25 15:49:33 +03 2024: [SIMWAVE MSG]:... t0=: 53
Mon Mar 25 15:49:33 +03 2024: 
Mon Mar 25 15:49:33 +03 2024: WARNING: Could not set CPU Affinity (3 12 54)
Mon Mar 25 15:49:33 +03 2024: WARNING: Could not set CPU Affinity (3 13 55)
Mon Mar 25 15:49:33 +03 2024: WARNING: Could not set CPU Affinity (3 6 48)
Mon Mar 25 15:49:33 +03 2024: WARNING: Could not set CPU Affinity (3 7 49)
Mon Mar 25 15:49:33 +03 2024: WARNING: Could not set CPU Affinity (3 8 50)
Mon Mar 25 15:49:33 +03 2024: WARNING: Could not set CPU Affinity (3 9 51)
Mon Mar 25 15:49:33 +03 2024: WARNING: Could not set CPU Affinity (3 11 53)
Mon Mar 25 15:49:33 +03 2024: WARNING: Could not set CPU Affinity (3 10 52)
Mon Mar 25 15:49:33 +03 2024: [SIMWAVE MSG]:... t0=: 53
Mon Mar 25 15:49:33 +03 2024: 
Mon Mar 25 15:49:33 +03 2024: WARNING: Could not set CPU Affinity (3 12 54)
Mon Mar 25 15:49:33 +03 2024: WARNING: Could not set CPU Affinity (3 7 49)
Mon Mar 25 15:49:33 +03 2024: WARNING: Could not set CPU Affinity (3 13 55)
Mon Mar 25 15:49:33 +03 2024: WARNING: Could not set CPU Affinity (3 6 48)
Mon Mar 25 15:49:33 +03 2024: WARNING: Could not set CPU Affinity (3 8 50)
Mon Mar 25 15:49:33 +03 2024: WARNING: Could not set CPU Affinity (3 11 53)
Mon Mar 25 15:49:33 +03 2024: WARNING: Could not set CPU Affinity (3 10 52)
Mon Mar 25 15:49:33 +03 2024: WARNING: Could not set CPU Affinity (3 9 51)
Mon Mar 25 15:49:33 +03 2024: WARNING: Could not set CPU Affinity (3 8 50)
Mon Mar 25 15:49:33 +03 2024: WARNING: Could not set CPU Affinity (3 11 53)
Mon Mar 25 15:49:33 +03 2024: WARNING: Could not set CPU Affinity (3 9 51)
Mon Mar 25 15:49:33 +03 2024: WARNING: Could not set CPU Affinity (3 7 49)
Mon Mar 25 15:49:33 +03 2024: WARNING: Could not set CPU Affinity (3 6 48)
Mon Mar 25 15:49:33 +03 2024: WARNING: Could not set CPU Affinity (3 10 52)
Mon Mar 25 15:49:33 +03 2024: WARNING: Could not set CPU Affinity (3 13 55)
Mon Mar 25 15:49:33 +03 2024: WARNING: Could not set CPU Affinity (3 12 54)
Mon Mar 25 15:49:33 +03 2024: [SIMWAVE MSG]:... t0=: 53
Mon Mar 25 15:49:33 +03 2024: 
Mon Mar 25 15:49:33 +03 2024: [SIMWAVE MSG]:... t0=: 53
Mon Mar 25 15:49:33 +03 2024: 
Mon Mar 25 15:49:33 +03 2024: [SIMWAVE MSG]:... t0=: 53
Mon Mar 25 15:49:33 +03 2024: 
Mon Mar 25 15:49:33 +03 2024: WARNING: Could not set CPU Affinity (3 8 50)
Mon Mar 25 15:49:33 +03 2024: WARNING: Could not set CPU Affinity (3 9 51)
Mon Mar 25 15:49:33 +03 2024: WARNING: Could not set CPU Affinity (3 6 48)
Mon Mar 25 15:49:33 +03 2024: WARNING: Could not set CPU Affinity (3 7 49)
Mon Mar 25 15:49:33 +03 2024: WARNING: Could not set CPU Affinity (3 12 54)
Mon Mar 25 15:49:33 +03 2024: WARNING: Could not set CPU Affinity (3 11 53)
Mon Mar 25 15:49:33 +03 2024: WARNING: Could not set CPU Affinity (3 10 52)
Mon Mar 25 15:49:33 +03 2024: WARNING: Could not set CPU Affinity (3 13 55)
Mon Mar 25 15:49:33 +03 2024: [SIMWAVE MSG]:... t0=: 53
Mon Mar 25 15:49:33 +03 2024: 
Mon Mar 25 15:49:33 +03 2024: [SIMWAVE MSG]:... t0=: 53
Mon Mar 25 15:49:33 +03 2024: 
Mon Mar 25 15:49:33 +03 2024: [SIMWAVE MSG]:... t0=: 53
Mon Mar 25 15:49:33 +03 2024: 
Mon Mar 25 15:49:33 +03 2024: [SIMWAVE MSG]:... t0=: 53
Mon Mar 25 15:49:33 +03 2024: 
Mon Mar 25 15:49:33 +03 2024: WARNING: Could not set CPU Affinity (3 12 54)
Mon Mar 25 15:49:33 +03 2024: WARNING: Could not set CPU Affinity (3 8 50)
Mon Mar 25 15:49:33 +03 2024: WARNING: Could not set CPU Affinity (3 11 53)
Mon Mar 25 15:49:33 +03 2024: WARNING: Could not set CPU Affinity (3 9 51)
Mon Mar 25 15:49:33 +03 2024: WARNING: Could not set CPU Affinity (3 13 55)
Mon Mar 25 15:49:33 +03 2024: WARNING: Could not set CPU Affinity (3 10 52)
Mon Mar 25 15:49:33 +03 2024: WARNING: Could not set CPU Affinity (3 7 49)
Mon Mar 25 15:49:33 +03 2024: WARNING: Could not set CPU Affinity (3 6 48)
Mon Mar 25 15:49:33 +03 2024: WARNING: Could not set CPU Affinity (3 12 54)
Mon Mar 25 15:49:33 +03 2024: WARNING: Could not set CPU Affinity (3 8 50)
Mon Mar 25 15:49:33 +03 2024: WARNING: Could not set CPU Affinity (3 11 53)
Mon Mar 25 15:49:33 +03 2024: WARNING: Could not set CPU Affinity (3 10 52)
Mon Mar 25 15:49:33 +03 2024: WARNING: Could not set CPU Affinity (3 9 51)
Mon Mar 25 15:49:33 +03 2024: WARNING: Could not set CPU Affinity (3 13 55)
Mon Mar 25 15:49:33 +03 2024: WARNING: Could not set CPU Affinity (3 7 49)
Mon Mar 25 15:49:33 +03 2024: WARNING: Could not set CPU Affinity (3 6 48)
Mon Mar 25 15:49:33 +03 2024: [SIMWAVE MSG]:... t0=: 57
Mon Mar 25 15:49:33 +03 2024: 
Mon Mar 25 15:49:33 +03 2024: WARNING: Could not set CPU Affinity (3 12 54)
Mon Mar 25 15:49:33 +03 2024: WARNING: Could not set CPU Affinity (3 6 48)
Mon Mar 25 15:49:34 +03 2024: WARNING: Could not set CPU Affinity (3 13 55)
Mon Mar 25 15:49:34 +03 2024: WARNING: Could not set CPU Affinity (3 7 49)
Mon Mar 25 15:49:34 +03 2024: WARNING: Could not set CPU Affinity (3 8 50)
Mon Mar 25 15:49:34 +03 2024: WARNING: Could not set CPU Affinity (3 11 53)
Mon Mar 25 15:49:34 +03 2024: WARNING: Could not set CPU Affinity (3 10 52)
Mon Mar 25 15:49:34 +03 2024: WARNING: Could not set CPU Affinity (3 9 51)
Mon Mar 25 15:49:34 +03 2024: [SIMWAVE MSG]:... t0=: 53
Mon Mar 25 15:49:34 +03 2024: 
Mon Mar 25 15:49:34 +03 2024: WARNING: Could not set CPU Affinity (3 8 50)
Mon Mar 25 15:49:34 +03 2024: WARNING: Could not set CPU Affinity (3 6 48)
Mon Mar 25 15:49:34 +03 2024: WARNING: Could not set CPU Affinity (3 9 51)
Mon Mar 25 15:49:34 +03 2024: WARNING: Could not set CPU Affinity (3 7 49)
Mon Mar 25 15:49:34 +03 2024: WARNING: Could not set CPU Affinity (3 11 53)
Mon Mar 25 15:49:34 +03 2024: WARNING: Could not set CPU Affinity (3 10 52)
Mon Mar 25 15:49:34 +03 2024: WARNING: Could not set CPU Affinity (3 12 54)
Mon Mar 25 15:49:34 +03 2024: WARNING: Could not set CPU Affinity (3 13 55)
Mon Mar 25 15:49:34 +03 2024: WARNING: Could not set CPU Affinity (3 8 50)
Mon Mar 25 15:49:34 +03 2024: WARNING: Could not set CPU Affinity (3 10 52)
Mon Mar 25 15:49:34 +03 2024: WARNING: Could not set CPU Affinity (3 9 51)
Mon Mar 25 15:49:34 +03 2024: WARNING: Could not set CPU Affinity (3 6 48)
Mon Mar 25 15:49:34 +03 2024: WARNING: Could not set CPU Affinity (3 11 53)
Mon Mar 25 15:49:34 +03 2024: WARNING: Could not set CPU Affinity (3 12 54)
Mon Mar 25 15:49:34 +03 2024: WARNING: Could not set CPU Affinity (3 13 55)
Mon Mar 25 15:49:34 +03 2024: WARNING: Could not set CPU Affinity (3 7 49)
Mon Mar 25 15:49:34 +03 2024: [SIMWAVE MSG]:... t0=: 53
Mon Mar 25 15:49:34 +03 2024: 
Mon Mar 25 15:49:34 +03 2024: [SIMWAVE MSG]:... t0=: 57
Mon Mar 25 15:49:34 +03 2024: 
Mon Mar 25 15:49:34 +03 2024: [SIMWAVE MSG]:... t0=: 57
Mon Mar 25 15:49:34 +03 2024: 
Mon Mar 25 15:49:34 +03 2024: [SIMWAVE MSG]:... t0=: 57
Mon Mar 25 15:49:34 +03 2024: 
Mon Mar 25 15:49:34 +03 2024: WARNING: Could not set CPU Affinity (3 8 50)
Mon Mar 25 15:49:34 +03 2024: WARNING: Could not set CPU Affinity (3 9 51)
Mon Mar 25 15:49:34 +03 2024: WARNING: Could not set CPU Affinity (3 11 53)
Mon Mar 25 15:49:34 +03 2024: WARNING: Could not set CPU Affinity (3 6 48)
Mon Mar 25 15:49:34 +03 2024: WARNING: Could not set CPU Affinity (3 13 55)
Mon Mar 25 15:49:34 +03 2024: WARNING: Could not set CPU Affinity (3 10 52)
Mon Mar 25 15:49:34 +03 2024: WARNING: Could not set CPU Affinity (3 12 54)
Mon Mar 25 15:49:34 +03 2024: WARNING: Could not set CPU Affinity (3 7 49)
Mon Mar 25 15:49:34 +03 2024: [SIMWAVE MSG]:... t0=: 57
Mon Mar 25 15:49:34 +03 2024: 
Mon Mar 25 15:49:34 +03 2024: WARNING: Could not set CPU Affinity (3 12 54)
Mon Mar 25 15:49:34 +03 2024: WARNING: Could not set CPU Affinity (3 13 55)
Mon Mar 25 15:49:34 +03 2024: WARNING: Could not set CPU Affinity (3 6 48)
Mon Mar 25 15:49:34 +03 2024: WARNING: Could not set CPU Affinity (3 9 51)
Mon Mar 25 15:49:34 +03 2024: WARNING: Could not set CPU Affinity (3 11 53)
Mon Mar 25 15:49:34 +03 2024: WARNING: Could not set CPU Affinity (3 10 52)
Mon Mar 25 15:49:34 +03 2024: WARNING: Could not set CPU Affinity (3 7 49)
Mon Mar 25 15:49:34 +03 2024: WARNING: Could not set CPU Affinity (3 8 50)
Mon Mar 25 15:49:34 +03 2024: WARNING: Could not set CPU Affinity (3 12 54)
Mon Mar 25 15:49:34 +03 2024: WARNING: Could not set CPU Affinity (3 8 50)
Mon Mar 25 15:49:34 +03 2024: WARNING: Could not set CPU Affinity (3 13 55)
Mon Mar 25 15:49:34 +03 2024: WARNING: Could not set CPU Affinity (3 10 52)
Mon Mar 25 15:49:34 +03 2024: WARNING: Could not set CPU Affinity (3 11 53)
Mon Mar 25 15:49:34 +03 2024: WARNING: Could not set CPU Affinity (3 9 51)
Mon Mar 25 15:49:34 +03 2024: WARNING: Could not set CPU Affinity (3 6 48)
Mon Mar 25 15:49:34 +03 2024: WARNING: Could not set CPU Affinity (3 7 49)
Mon Mar 25 15:49:34 +03 2024: [SIMWAVE MSG]:... t0=: 57
Mon Mar 25 15:49:34 +03 2024: 
Mon Mar 25 15:49:34 +03 2024: [SIMWAVE MSG]:... t0=: 57
Mon Mar 25 15:49:34 +03 2024: 
Mon Mar 25 15:49:34 +03 2024: WARNING: Could not set CPU Affinity (3 8 50)
Mon Mar 25 15:49:34 +03 2024: WARNING: Could not set CPU Affinity (3 6 48)
Mon Mar 25 15:49:34 +03 2024: WARNING: Could not set CPU Affinity (3 13 55)
Mon Mar 25 15:49:34 +03 2024: WARNING: Could not set CPU Affinity (3 10 52)
Mon Mar 25 15:49:34 +03 2024: WARNING: Could not set CPU Affinity (3 7 49)
Mon Mar 25 15:49:34 +03 2024: WARNING: Could not set CPU Affinity (3 9 51)
Mon Mar 25 15:49:34 +03 2024: WARNING: Could not set CPU Affinity (3 11 53)
Mon Mar 25 15:49:34 +03 2024: WARNING: Could not set CPU Affinity (3 12 54)
Mon Mar 25 15:49:34 +03 2024: [SIMWAVE MSG]:... t0=: 57
Mon Mar 25 15:49:34 +03 2024: 
Mon Mar 25 15:49:34 +03 2024: WARNING: Could not set CPU Affinity (3 12 54)
Mon Mar 25 15:49:34 +03 2024: WARNING: Could not set CPU Affinity (3 8 50)
Mon Mar 25 15:49:34 +03 2024: WARNING: Could not set CPU Affinity (3 10 52)
Mon Mar 25 15:49:34 +03 2024: WARNING: Could not set CPU Affinity (3 13 55)
Mon Mar 25 15:49:34 +03 2024: WARNING: Could not set CPU Affinity (3 7 49)
Mon Mar 25 15:49:34 +03 2024: WARNING: Could not set CPU Affinity (3 6 48)
Mon Mar 25 15:49:34 +03 2024: WARNING: Could not set CPU Affinity (3 9 51)
Mon Mar 25 15:49:34 +03 2024: WARNING: Could not set CPU Affinity (3 11 53)
Mon Mar 25 15:49:34 +03 2024: [SIMWAVE MSG]:... t0=: 57
Mon Mar 25 15:49:34 +03 2024: 
Mon Mar 25 15:49:34 +03 2024: WARNING: Could not set CPU Affinity (3 9 51)
Mon Mar 25 15:49:34 +03 2024: WARNING: Could not set CPU Affinity (3 8 50)
Mon Mar 25 15:49:34 +03 2024: WARNING: Could not set CPU Affinity (3 12 54)
Mon Mar 25 15:49:34 +03 2024: WARNING: Could not set CPU Affinity (3 13 55)
Mon Mar 25 15:49:34 +03 2024: WARNING: Could not set CPU Affinity (3 11 53)
Mon Mar 25 15:49:34 +03 2024: WARNING: Could not set CPU Affinity (3 10 52)
Mon Mar 25 15:49:34 +03 2024: WARNING: Could not set CPU Affinity (3 7 49)
Mon Mar 25 15:49:34 +03 2024: WARNING: Could not set CPU Affinity (3 6 48)
Mon Mar 25 15:49:34 +03 2024: [SIMWAVE MSG]:... t0=: 57
Mon Mar 25 15:49:34 +03 2024: 
Mon Mar 25 15:49:34 +03 2024: [SIMWAVE MSG]:... t0=: 57
Mon Mar 25 15:49:34 +03 2024: 
Mon Mar 25 15:49:34 +03 2024: [SIMWAVE MSG]:... t0=: 57
Mon Mar 25 15:49:34 +03 2024: 
Mon Mar 25 15:49:34 +03 2024: WARNING: Could not set CPU Affinity (3 8 50)
Mon Mar 25 15:49:34 +03 2024: WARNING: Could not set CPU Affinity (3 11 53)
Mon Mar 25 15:49:34 +03 2024: WARNING: Could not set CPU Affinity (3 6 48)
Mon Mar 25 15:49:34 +03 2024: WARNING: Could not set CPU Affinity (3 13 55)
Mon Mar 25 15:49:34 +03 2024: WARNING: Could not set CPU Affinity (3 12 54)
Mon Mar 25 15:49:34 +03 2024: WARNING: Could not set CPU Affinity (3 7 49)
Mon Mar 25 15:49:34 +03 2024: WARNING: Could not set CPU Affinity (3 10 52)
Mon Mar 25 15:49:34 +03 2024: WARNING: Could not set CPU Affinity (3 9 51)
Mon Mar 25 15:49:34 +03 2024: [SIMWAVE MSG]:... t0=: 57
Mon Mar 25 15:49:34 +03 2024: 
Mon Mar 25 15:49:34 +03 2024: WARNING: Could not set CPU Affinity (3 8 50)
Mon Mar 25 15:49:34 +03 2024: WARNING: Could not set CPU Affinity (3 9 51)
Mon Mar 25 15:49:34 +03 2024: WARNING: Could not set CPU Affinity (3 7 49)
Mon Mar 25 15:49:34 +03 2024: WARNING: Could not set CPU Affinity (3 11 53)
Mon Mar 25 15:49:34 +03 2024: WARNING: Could not set CPU Affinity (3 10 52)
Mon Mar 25 15:49:34 +03 2024: WARNING: Could not set CPU Affinity (3 12 54)
Mon Mar 25 15:49:34 +03 2024: WARNING: Could not set CPU Affinity (3 13 55)
Mon Mar 25 15:49:34 +03 2024: WARNING: Could not set CPU Affinity (3 6 48)
Mon Mar 25 15:49:34 +03 2024: WARNING: Could not set CPU Affinity (3 8 50)
Mon Mar 25 15:49:34 +03 2024: WARNING: Could not set CPU Affinity (3 12 54)
Mon Mar 25 15:49:34 +03 2024: WARNING: Could not set CPU Affinity (3 10 52)
Mon Mar 25 15:49:34 +03 2024: WARNING: Could not set CPU Affinity (3 9 51)
Mon Mar 25 15:49:34 +03 2024: WARNING: Could not set CPU Affinity (3 7 49)
Mon Mar 25 15:49:34 +03 2024: WARNING: Could not set CPU Affinity (3 11 53)
Mon Mar 25 15:49:34 +03 2024: WARNING: Could not set CPU Affinity (3 6 48)
Mon Mar 25 15:49:34 +03 2024: WARNING: Could not set CPU Affinity (3 13 55)
Mon Mar 25 15:49:34 +03 2024: [SIMWAVE MSG]:... t0=: 57
Mon Mar 25 15:49:34 +03 2024: 
Mon Mar 25 15:49:34 +03 2024: [SIMWAVE MSG]:... t0=: 57
Mon Mar 25 15:49:34 +03 2024: 
Mon Mar 25 15:49:34 +03 2024: [SIMWAVE MSG]:... t0=: 57
Mon Mar 25 15:49:34 +03 2024: 
Mon Mar 25 15:49:34 +03 2024: WARNING: Could not set CPU Affinity (3 12 54)
Mon Mar 25 15:49:34 +03 2024: WARNING: Could not set CPU Affinity (3 6 48)
Mon Mar 25 15:49:34 +03 2024: WARNING: Could not set CPU Affinity (3 13 55)
Mon Mar 25 15:49:34 +03 2024: WARNING: Could not set CPU Affinity (3 7 49)
Mon Mar 25 15:49:34 +03 2024: WARNING: Could not set CPU Affinity (3 8 50)
Mon Mar 25 15:49:34 +03 2024: WARNING: Could not set CPU Affinity (3 9 51)
Mon Mar 25 15:49:34 +03 2024: WARNING: Could not set CPU Affinity (3 11 53)
Mon Mar 25 15:49:34 +03 2024: WARNING: Could not set CPU Affinity (3 10 52)
Mon Mar 25 15:49:34 +03 2024: [SIMWAVE MSG]:... t0=: 57
Mon Mar 25 15:49:34 +03 2024: 
Mon Mar 25 15:49:34 +03 2024: WARNING: Could not set CPU Affinity (3 12 54)
Mon Mar 25 15:49:35 +03 2024: WARNING: Could not set CPU Affinity (3 6 48)
Mon Mar 25 15:49:35 +03 2024: WARNING: Could not set CPU Affinity (3 13 55)
Mon Mar 25 15:49:35 +03 2024: WARNING: Could not set CPU Affinity (3 7 49)
Mon Mar 25 15:49:35 +03 2024: WARNING: Could not set CPU Affinity (3 8 50)
Mon Mar 25 15:49:35 +03 2024: WARNING: Could not set CPU Affinity (3 9 51)
Mon Mar 25 15:49:35 +03 2024: WARNING: Could not set CPU Affinity (3 11 53)
Mon Mar 25 15:49:35 +03 2024: WARNING: Could not set CPU Affinity (3 10 52)
Mon Mar 25 15:49:35 +03 2024: WARNING: Could not set CPU Affinity (3 12 54)
Mon Mar 25 15:49:35 +03 2024: WARNING: Could not set CPU Affinity (3 8 50)
Mon Mar 25 15:49:35 +03 2024: WARNING: Could not set CPU Affinity (3 10 52)
Mon Mar 25 15:49:35 +03 2024: WARNING: Could not set CPU Affinity (3 13 55)
Mon Mar 25 15:49:35 +03 2024: WARNING: Could not set CPU Affinity (3 11 53)
Mon Mar 25 15:49:35 +03 2024: WARNING: Could not set CPU Affinity (3 7 49)
Mon Mar 25 15:49:35 +03 2024: WARNING: Could not set CPU Affinity (3 9 51)
Mon Mar 25 15:49:35 +03 2024: WARNING: Could not set CPU Affinity (3 6 48)
Mon Mar 25 15:49:35 +03 2024: [SIMWAVE MSG]:... t0=: 61
Mon Mar 25 15:49:35 +03 2024: 
Mon Mar 25 15:49:35 +03 2024: [SIMWAVE MSG]:... t0=: 61
Mon Mar 25 15:49:35 +03 2024: 
Mon Mar 25 15:49:35 +03 2024: [SIMWAVE MSG]:... t0=: 61
Mon Mar 25 15:49:35 +03 2024: 
Mon Mar 25 15:49:35 +03 2024: WARNING: Could not set CPU Affinity (3 6 48)
Mon Mar 25 15:49:35 +03 2024: WARNING: Could not set CPU Affinity (3 7 49)
Mon Mar 25 15:49:35 +03 2024: WARNING: Could not set CPU Affinity (3 12 54)
Mon Mar 25 15:49:35 +03 2024: WARNING: Could not set CPU Affinity (3 13 55)
Mon Mar 25 15:49:35 +03 2024: WARNING: Could not set CPU Affinity (3 8 50)
Mon Mar 25 15:49:35 +03 2024: WARNING: Could not set CPU Affinity (3 9 51)
Mon Mar 25 15:49:35 +03 2024: WARNING: Could not set CPU Affinity (3 10 52)
Mon Mar 25 15:49:35 +03 2024: WARNING: Could not set CPU Affinity (3 11 53)
Mon Mar 25 15:49:35 +03 2024: [SIMWAVE MSG]:... t0=: 61
Mon Mar 25 15:49:35 +03 2024: 
Mon Mar 25 15:49:35 +03 2024: [SIMWAVE MSG]:... t0=: 61
Mon Mar 25 15:49:35 +03 2024: 
Mon Mar 25 15:49:35 +03 2024: WARNING: Could not set CPU Affinity (3 12 54)
Mon Mar 25 15:49:35 +03 2024: WARNING: Could not set CPU Affinity (3 8 50)
Mon Mar 25 15:49:35 +03 2024: WARNING: Could not set CPU Affinity (3 13 55)
Mon Mar 25 15:49:35 +03 2024: WARNING: Could not set CPU Affinity (3 10 52)
Mon Mar 25 15:49:35 +03 2024: WARNING: Could not set CPU Affinity (3 9 51)
Mon Mar 25 15:49:35 +03 2024: WARNING: Could not set CPU Affinity (3 11 53)
Mon Mar 25 15:49:35 +03 2024: WARNING: Could not set CPU Affinity (3 6 48)
Mon Mar 25 15:49:35 +03 2024: WARNING: Could not set CPU Affinity (3 7 49)
Mon Mar 25 15:49:35 +03 2024: WARNING: Could not set CPU Affinity (3 8 50)
Mon Mar 25 15:49:35 +03 2024: WARNING: Could not set CPU Affinity (3 9 51)
Mon Mar 25 15:49:35 +03 2024: WARNING: Could not set CPU Affinity (3 10 52)
Mon Mar 25 15:49:35 +03 2024: WARNING: Could not set CPU Affinity (3 12 54)
Mon Mar 25 15:49:35 +03 2024: WARNING: Could not set CPU Affinity (3 7 49)
Mon Mar 25 15:49:35 +03 2024: WARNING: Could not set CPU Affinity (3 6 48)
Mon Mar 25 15:49:35 +03 2024: WARNING: Could not set CPU Affinity (3 11 53)
Mon Mar 25 15:49:35 +03 2024: WARNING: Could not set CPU Affinity (3 13 55)
Mon Mar 25 15:49:35 +03 2024: [SIMWAVE MSG]:... t0=: 61
Mon Mar 25 15:49:35 +03 2024: 
Mon Mar 25 15:49:35 +03 2024: [SIMWAVE MSG]:... t0=: 61
Mon Mar 25 15:49:35 +03 2024: 
Mon Mar 25 15:49:35 +03 2024: [SIMWAVE MSG]:... t0=: 61
Mon Mar 25 15:49:35 +03 2024: 
Mon Mar 25 15:49:35 +03 2024: WARNING: Could not set CPU Affinity (3 10 52)
Mon Mar 25 15:49:35 +03 2024: WARNING: Could not set CPU Affinity (3 12 54)
Mon Mar 25 15:49:35 +03 2024: WARNING: Could not set CPU Affinity (3 13 55)
Mon Mar 25 15:49:35 +03 2024: WARNING: Could not set CPU Affinity (3 8 50)
Mon Mar 25 15:49:35 +03 2024: WARNING: Could not set CPU Affinity (3 11 53)
Mon Mar 25 15:49:35 +03 2024: WARNING: Could not set CPU Affinity (3 9 51)
Mon Mar 25 15:49:35 +03 2024: WARNING: Could not set CPU Affinity (3 6 48)
Mon Mar 25 15:49:35 +03 2024: WARNING: Could not set CPU Affinity (3 7 49)
Mon Mar 25 15:49:35 +03 2024: [SIMWAVE MSG]:... t0=: 61
Mon Mar 25 15:49:35 +03 2024: 
Mon Mar 25 15:49:35 +03 2024: [SIMWAVE MSG]:... t0=: 61
Mon Mar 25 15:49:35 +03 2024: 
Mon Mar 25 15:49:35 +03 2024: [SIMWAVE MSG]:... t0=: 61
Mon Mar 25 15:49:35 +03 2024: 
Mon Mar 25 15:49:35 +03 2024: [SIMWAVE MSG]:... t0=: 61
Mon Mar 25 15:49:35 +03 2024: 
Mon Mar 25 15:49:35 +03 2024: WARNING: Could not set CPU Affinity (3 8 50)
Mon Mar 25 15:49:35 +03 2024: WARNING: Could not set CPU Affinity (3 10 52)
Mon Mar 25 15:49:35 +03 2024: WARNING: Could not set CPU Affinity (3 12 54)
Mon Mar 25 15:49:35 +03 2024: WARNING: Could not set CPU Affinity (3 7 49)
Mon Mar 25 15:49:35 +03 2024: WARNING: Could not set CPU Affinity (3 9 51)
Mon Mar 25 15:49:35 +03 2024: WARNING: Could not set CPU Affinity (3 11 53)
Mon Mar 25 15:49:35 +03 2024: WARNING: Could not set CPU Affinity (3 6 48)
Mon Mar 25 15:49:35 +03 2024: WARNING: Could not set CPU Affinity (3 13 55)
Mon Mar 25 15:49:35 +03 2024: WARNING: Could not set CPU Affinity (3 13 55)
Mon Mar 25 15:49:35 +03 2024: WARNING: Could not set CPU Affinity (3 10 52)
Mon Mar 25 15:49:35 +03 2024: WARNING: Could not set CPU Affinity (3 9 51)
Mon Mar 25 15:49:35 +03 2024: WARNING: Could not set CPU Affinity (3 8 50)
Mon Mar 25 15:49:35 +03 2024: WARNING: Could not set CPU Affinity (3 11 53)
Mon Mar 25 15:49:35 +03 2024: WARNING: Could not set CPU Affinity (3 6 48)
Mon Mar 25 15:49:35 +03 2024: WARNING: Could not set CPU Affinity (3 7 49)
Mon Mar 25 15:49:35 +03 2024: WARNING: Could not set CPU Affinity (3 12 54)
Mon Mar 25 15:49:35 +03 2024: [SIMWAVE MSG]:... t0=: 61
Mon Mar 25 15:49:35 +03 2024: 
Mon Mar 25 15:49:35 +03 2024: [SIMWAVE MSG]:... t0=: 61
Mon Mar 25 15:49:35 +03 2024: 
Mon Mar 25 15:49:35 +03 2024: WARNING: Could not set CPU Affinity (3 7 49)
Mon Mar 25 15:49:35 +03 2024: WARNING: Could not set CPU Affinity (3 13 55)
Mon Mar 25 15:49:35 +03 2024: WARNING: Could not set CPU Affinity (3 6 48)
Mon Mar 25 15:49:35 +03 2024: WARNING: Could not set CPU Affinity (3 8 50)
Mon Mar 25 15:49:35 +03 2024: WARNING: Could not set CPU Affinity (3 9 51)
Mon Mar 25 15:49:35 +03 2024: WARNING: Could not set CPU Affinity (3 10 52)
Mon Mar 25 15:49:35 +03 2024: WARNING: Could not set CPU Affinity (3 12 54)
Mon Mar 25 15:49:35 +03 2024: WARNING: Could not set CPU Affinity (3 11 53)
Mon Mar 25 15:49:35 +03 2024: [SIMWAVE MSG]:... t0=: 61
Mon Mar 25 15:49:35 +03 2024: 
Mon Mar 25 15:49:35 +03 2024: [SIMWAVE MSG]:... t0=: 61
Mon Mar 25 15:49:35 +03 2024: 
Mon Mar 25 15:49:35 +03 2024: WARNING: Could not set CPU Affinity (3 8 50)
Mon Mar 25 15:49:35 +03 2024: WARNING: Could not set CPU Affinity (3 6 48)
Mon Mar 25 15:49:35 +03 2024: WARNING: Could not set CPU Affinity (3 9 51)
Mon Mar 25 15:49:35 +03 2024: WARNING: Could not set CPU Affinity (3 7 49)
Mon Mar 25 15:49:35 +03 2024: WARNING: Could not set CPU Affinity (3 11 53)
Mon Mar 25 15:49:35 +03 2024: WARNING: Could not set CPU Affinity (3 12 54)
Mon Mar 25 15:49:35 +03 2024: WARNING: Could not set CPU Affinity (3 13 55)
Mon Mar 25 15:49:35 +03 2024: WARNING: Could not set CPU Affinity (3 10 52)
Mon Mar 25 15:49:35 +03 2024: [SIMWAVE MSG]:... t0=: 65
Mon Mar 25 15:49:35 +03 2024: 
Mon Mar 25 15:49:35 +03 2024: WARNING: Could not set CPU Affinity (3 12 54)
Mon Mar 25 15:49:35 +03 2024: WARNING: Could not set CPU Affinity (3 13 55)
Mon Mar 25 15:49:35 +03 2024: WARNING: Could not set CPU Affinity (3 8 50)
Mon Mar 25 15:49:35 +03 2024: WARNING: Could not set CPU Affinity (3 10 52)
Mon Mar 25 15:49:35 +03 2024: WARNING: Could not set CPU Affinity (3 11 53)
Mon Mar 25 15:49:35 +03 2024: WARNING: Could not set CPU Affinity (3 9 51)
Mon Mar 25 15:49:35 +03 2024: WARNING: Could not set CPU Affinity (3 7 49)
Mon Mar 25 15:49:35 +03 2024: WARNING: Could not set CPU Affinity (3 6 48)
Mon Mar 25 15:49:35 +03 2024: [SIMWAVE MSG]:... t0=: 65
Mon Mar 25 15:49:35 +03 2024: 
Mon Mar 25 15:49:35 +03 2024: [SIMWAVE MSG]:... t0=: 65
Mon Mar 25 15:49:35 +03 2024: 
Mon Mar 25 15:49:35 +03 2024: [SIMWAVE MSG]:... t0=: 65
Mon Mar 25 15:49:35 +03 2024: 
Mon Mar 25 15:49:35 +03 2024: [SIMWAVE MSG]:... t0=: 65
Mon Mar 25 15:49:35 +03 2024: 
Mon Mar 25 15:49:35 +03 2024: [SIMWAVE MSG]:... t0=: 65
Mon Mar 25 15:49:35 +03 2024: 
Mon Mar 25 15:49:35 +03 2024: [SIMWAVE MSG]:... t0=: 65
Mon Mar 25 15:49:35 +03 2024: 
Mon Mar 25 15:49:35 +03 2024: WARNING: Could not set CPU Affinity (3 12 54)
Mon Mar 25 15:49:35 +03 2024: WARNING: Could not set CPU Affinity (3 6 48)
Mon Mar 25 15:49:35 +03 2024: WARNING: Could not set CPU Affinity (3 13 55)
Mon Mar 25 15:49:35 +03 2024: WARNING: Could not set CPU Affinity (3 7 49)
Mon Mar 25 15:49:35 +03 2024: WARNING: Could not set CPU Affinity (3 8 50)
Mon Mar 25 15:49:35 +03 2024: WARNING: Could not set CPU Affinity (3 9 51)
Mon Mar 25 15:49:35 +03 2024: WARNING: Could not set CPU Affinity (3 11 53)
Mon Mar 25 15:49:35 +03 2024: WARNING: Could not set CPU Affinity (3 10 52)
Mon Mar 25 15:49:35 +03 2024: [SIMWAVE MSG]:... t0=: 65
Mon Mar 25 15:49:35 +03 2024: 
Mon Mar 25 15:49:35 +03 2024: WARNING: Could not set CPU Affinity (3 12 54)
Mon Mar 25 15:49:35 +03 2024: WARNING: Could not set CPU Affinity (3 8 50)
Mon Mar 25 15:49:36 +03 2024: WARNING: Could not set CPU Affinity (3 10 52)
Mon Mar 25 15:49:36 +03 2024: WARNING: Could not set CPU Affinity (3 9 51)
Mon Mar 25 15:49:36 +03 2024: WARNING: Could not set CPU Affinity (3 11 53)
Mon Mar 25 15:49:36 +03 2024: WARNING: Could not set CPU Affinity (3 6 48)
Mon Mar 25 15:49:36 +03 2024: WARNING: Could not set CPU Affinity (3 13 55)
Mon Mar 25 15:49:36 +03 2024: WARNING: Could not set CPU Affinity (3 7 49)
Mon Mar 25 15:49:36 +03 2024: [SIMWAVE MSG]:... t0=: 65
Mon Mar 25 15:49:36 +03 2024: 
Mon Mar 25 15:49:36 +03 2024: WARNING: Could not set CPU Affinity (3 8 50)
Mon Mar 25 15:49:36 +03 2024: WARNING: Could not set CPU Affinity (3 9 51)
Mon Mar 25 15:49:36 +03 2024: WARNING: Could not set CPU Affinity (3 6 48)
Mon Mar 25 15:49:36 +03 2024: WARNING: Could not set CPU Affinity (3 11 53)
Mon Mar 25 15:49:36 +03 2024: WARNING: Could not set CPU Affinity (3 12 54)
Mon Mar 25 15:49:36 +03 2024: WARNING: Could not set CPU Affinity (3 10 52)
Mon Mar 25 15:49:36 +03 2024: WARNING: Could not set CPU Affinity (3 13 55)
Mon Mar 25 15:49:36 +03 2024: WARNING: Could not set CPU Affinity (3 7 49)
Mon Mar 25 15:49:36 +03 2024: [SIMWAVE MSG]:... t0=: 65
Mon Mar 25 15:49:36 +03 2024: 
Mon Mar 25 15:49:36 +03 2024: [SIMWAVE MSG]:... t0=: 65
Mon Mar 25 15:49:36 +03 2024: 
Mon Mar 25 15:49:36 +03 2024: [SIMWAVE MSG]:... t0=: 65
Mon Mar 25 15:49:36 +03 2024: 
Mon Mar 25 15:49:36 +03 2024: [SIMWAVE MSG]:... t0=: 65
Mon Mar 25 15:49:36 +03 2024: 
Mon Mar 25 15:49:36 +03 2024: [SIMWAVE MSG]:... t0=: 65
Mon Mar 25 15:49:36 +03 2024: 
Mon Mar 25 15:49:36 +03 2024: WARNING: Could not set CPU Affinity (3 8 50)
Mon Mar 25 15:49:36 +03 2024: WARNING: Could not set CPU Affinity (3 12 54)
Mon Mar 25 15:49:36 +03 2024: WARNING: Could not set CPU Affinity (3 10 52)
Mon Mar 25 15:49:36 +03 2024: WARNING: Could not set CPU Affinity (3 9 51)
Mon Mar 25 15:49:36 +03 2024: WARNING: Could not set CPU Affinity (3 11 53)
Mon Mar 25 15:49:36 +03 2024: WARNING: Could not set CPU Affinity (3 7 49)
Mon Mar 25 15:49:36 +03 2024: WARNING: Could not set CPU Affinity (3 6 48)
Mon Mar 25 15:49:36 +03 2024: WARNING: Could not set CPU Affinity (3 13 55)
Mon Mar 25 15:49:36 +03 2024: [SIMWAVE MSG]:... t0=: 65
Mon Mar 25 15:49:36 +03 2024: 
Mon Mar 25 15:49:36 +03 2024: [SIMWAVE MSG]:... t0=: 69
Mon Mar 25 15:49:36 +03 2024: 
Mon Mar 25 15:49:36 +03 2024: [SIMWAVE MSG]:... t0=: 69
Mon Mar 25 15:49:36 +03 2024: 
Mon Mar 25 15:49:36 +03 2024: [SIMWAVE MSG]:... t0=: 65
Mon Mar 25 15:49:36 +03 2024: 
Mon Mar 25 15:49:36 +03 2024: WARNING: Could not set CPU Affinity (3 8 50)
Mon Mar 25 15:49:36 +03 2024: WARNING: Could not set CPU Affinity (3 6 48)
Mon Mar 25 15:49:36 +03 2024: WARNING: Could not set CPU Affinity (3 11 53)
Mon Mar 25 15:49:36 +03 2024: WARNING: Could not set CPU Affinity (3 9 51)
Mon Mar 25 15:49:36 +03 2024: WARNING: Could not set CPU Affinity (3 7 49)
Mon Mar 25 15:49:36 +03 2024: WARNING: Could not set CPU Affinity (3 13 55)
Mon Mar 25 15:49:36 +03 2024: WARNING: Could not set CPU Affinity (3 12 54)
Mon Mar 25 15:49:36 +03 2024: WARNING: Could not set CPU Affinity (3 10 52)
Mon Mar 25 15:49:36 +03 2024: WARNING: Could not set CPU Affinity (3 10 52)
Mon Mar 25 15:49:36 +03 2024: WARNING: Could not set CPU Affinity (3 8 50)
Mon Mar 25 15:49:36 +03 2024: WARNING: Could not set CPU Affinity (3 12 54)
Mon Mar 25 15:49:36 +03 2024: WARNING: Could not set CPU Affinity (3 11 53)
Mon Mar 25 15:49:36 +03 2024: WARNING: Could not set CPU Affinity (3 9 51)
Mon Mar 25 15:49:36 +03 2024: WARNING: Could not set CPU Affinity (3 7 49)
Mon Mar 25 15:49:36 +03 2024: WARNING: Could not set CPU Affinity (3 6 48)
Mon Mar 25 15:49:36 +03 2024: WARNING: Could not set CPU Affinity (3 13 55)
Mon Mar 25 15:49:36 +03 2024: [SIMWAVE MSG]:... t0=: 65
Mon Mar 25 15:49:36 +03 2024: 
Mon Mar 25 15:49:36 +03 2024: WARNING: Could not set CPU Affinity (3 8 50)
Mon Mar 25 15:49:36 +03 2024: WARNING: Could not set CPU Affinity (3 11 53)
Mon Mar 25 15:49:36 +03 2024: WARNING: Could not set CPU Affinity (3 6 48)
Mon Mar 25 15:49:36 +03 2024: WARNING: Could not set CPU Affinity (3 12 54)
Mon Mar 25 15:49:36 +03 2024: WARNING: Could not set CPU Affinity (3 13 55)
Mon Mar 25 15:49:36 +03 2024: WARNING: Could not set CPU Affinity (3 7 49)
Mon Mar 25 15:49:36 +03 2024: WARNING: Could not set CPU Affinity (3 9 51)
Mon Mar 25 15:49:36 +03 2024: WARNING: Could not set CPU Affinity (3 10 52)
Mon Mar 25 15:49:36 +03 2024: [SIMWAVE MSG]:... t0=: 69
Mon Mar 25 15:49:36 +03 2024: 
Mon Mar 25 15:49:36 +03 2024: WARNING: Could not set CPU Affinity (3 8 50)
Mon Mar 25 15:49:36 +03 2024: WARNING: Could not set CPU Affinity (3 11 53)
Mon Mar 25 15:49:36 +03 2024: WARNING: Could not set CPU Affinity (3 13 55)
Mon Mar 25 15:49:36 +03 2024: WARNING: Could not set CPU Affinity (3 9 51)
Mon Mar 25 15:49:36 +03 2024: WARNING: Could not set CPU Affinity (3 10 52)
Mon Mar 25 15:49:36 +03 2024: WARNING: Could not set CPU Affinity (3 12 54)
Mon Mar 25 15:49:36 +03 2024: WARNING: Could not set CPU Affinity (3 7 49)
Mon Mar 25 15:49:36 +03 2024: WARNING: Could not set CPU Affinity (3 6 48)
Mon Mar 25 15:49:36 +03 2024: WARNING: Could not set CPU Affinity (3 13 55)
Mon Mar 25 15:49:36 +03 2024: WARNING: Could not set CPU Affinity (3 8 50)
Mon Mar 25 15:49:36 +03 2024: WARNING: Could not set CPU Affinity (3 11 53)
Mon Mar 25 15:49:36 +03 2024: WARNING: Could not set CPU Affinity (3 9 51)
Mon Mar 25 15:49:36 +03 2024: WARNING: Could not set CPU Affinity (3 12 54)
Mon Mar 25 15:49:36 +03 2024: WARNING: Could not set CPU Affinity (3 10 52)
Mon Mar 25 15:49:36 +03 2024: WARNING: Could not set CPU Affinity (3 7 49)
Mon Mar 25 15:49:36 +03 2024: WARNING: Could not set CPU Affinity (3 6 48)
Mon Mar 25 15:49:36 +03 2024: [SIMWAVE MSG]:... t0=: 69
Mon Mar 25 15:49:36 +03 2024: 
Mon Mar 25 15:49:36 +03 2024: [SIMWAVE MSG]:... t0=: 69
Mon Mar 25 15:49:36 +03 2024: 
Mon Mar 25 15:49:36 +03 2024: [SIMWAVE MSG]:... t0=: 69
Mon Mar 25 15:49:36 +03 2024: 
Mon Mar 25 15:49:36 +03 2024: [SIMWAVE MSG]:... t0=: 69
Mon Mar 25 15:49:36 +03 2024: 
Mon Mar 25 15:49:36 +03 2024: WARNING: Could not set CPU Affinity (3 13 55)
Mon Mar 25 15:49:36 +03 2024: WARNING: Could not set CPU Affinity (3 11 53)
Mon Mar 25 15:49:36 +03 2024: WARNING: Could not set CPU Affinity (3 9 51)
Mon Mar 25 15:49:36 +03 2024: WARNING: Could not set CPU Affinity (3 12 54)
Mon Mar 25 15:49:36 +03 2024: WARNING: Could not set CPU Affinity (3 7 49)
Mon Mar 25 15:49:36 +03 2024: WARNING: Could not set CPU Affinity (3 10 52)
Mon Mar 25 15:49:36 +03 2024: WARNING: Could not set CPU Affinity (3 8 50)
Mon Mar 25 15:49:36 +03 2024: WARNING: Could not set CPU Affinity (3 6 48)
Mon Mar 25 15:49:36 +03 2024: [SIMWAVE MSG]:... t0=: 69
Mon Mar 25 15:49:36 +03 2024: 
Mon Mar 25 15:49:36 +03 2024: WARNING: Could not set CPU Affinity (3 8 50)
Mon Mar 25 15:49:36 +03 2024: WARNING: Could not set CPU Affinity (3 13 55)
Mon Mar 25 15:49:36 +03 2024: WARNING: Could not set CPU Affinity (3 11 53)
Mon Mar 25 15:49:36 +03 2024: WARNING: Could not set CPU Affinity (3 9 51)
Mon Mar 25 15:49:36 +03 2024: WARNING: Could not set CPU Affinity (3 12 54)
Mon Mar 25 15:49:36 +03 2024: WARNING: Could not set CPU Affinity (3 10 52)
Mon Mar 25 15:49:36 +03 2024: WARNING: Could not set CPU Affinity (3 7 49)
Mon Mar 25 15:49:36 +03 2024: WARNING: Could not set CPU Affinity (3 6 48)
Mon Mar 25 15:49:36 +03 2024: WARNING: Could not set CPU Affinity (3 13 55)
Mon Mar 25 15:49:36 +03 2024: WARNING: Could not set CPU Affinity (3 10 52)
Mon Mar 25 15:49:36 +03 2024: WARNING: Could not set CPU Affinity (3 9 51)
Mon Mar 25 15:49:36 +03 2024: WARNING: Could not set CPU Affinity (3 11 53)
Mon Mar 25 15:49:36 +03 2024: WARNING: Could not set CPU Affinity (3 6 48)
Mon Mar 25 15:49:36 +03 2024: WARNING: Could not set CPU Affinity (3 12 54)
Mon Mar 25 15:49:36 +03 2024: WARNING: Could not set CPU Affinity (3 7 49)
Mon Mar 25 15:49:36 +03 2024: WARNING: Could not set CPU Affinity (3 8 50)
Mon Mar 25 15:49:36 +03 2024: [SIMWAVE MSG]:... t0=: 69
Mon Mar 25 15:49:36 +03 2024: 
Mon Mar 25 15:49:36 +03 2024: [SIMWAVE MSG]:... t0=: 69
Mon Mar 25 15:49:36 +03 2024: 
Mon Mar 25 15:49:36 +03 2024: WARNING: Could not set CPU Affinity (3 13 55)
Mon Mar 25 15:49:36 +03 2024: WARNING: Could not set CPU Affinity (3 12 54)
Mon Mar 25 15:49:36 +03 2024: WARNING: Could not set CPU Affinity (3 6 48)
Mon Mar 25 15:49:36 +03 2024: WARNING: Could not set CPU Affinity (3 7 49)
Mon Mar 25 15:49:36 +03 2024: WARNING: Could not set CPU Affinity (3 8 50)
Mon Mar 25 15:49:36 +03 2024: WARNING: Could not set CPU Affinity (3 9 51)
Mon Mar 25 15:49:36 +03 2024: WARNING: Could not set CPU Affinity (3 11 53)
Mon Mar 25 15:49:36 +03 2024: WARNING: Could not set CPU Affinity (3 10 52)
Mon Mar 25 15:49:36 +03 2024: [SIMWAVE MSG]:... t0=: 69
Mon Mar 25 15:49:36 +03 2024: 
Mon Mar 25 15:49:36 +03 2024: WARNING: Could not set CPU Affinity (3 13 55)
Mon Mar 25 15:49:36 +03 2024: WARNING: Could not set CPU Affinity (3 6 48)
Mon Mar 25 15:49:36 +03 2024: WARNING: Could not set CPU Affinity (3 12 54)
Mon Mar 25 15:49:36 +03 2024: WARNING: Could not set CPU Affinity (3 7 49)
Mon Mar 25 15:49:36 +03 2024: WARNING: Could not set CPU Affinity (3 8 50)
Mon Mar 25 15:49:36 +03 2024: WARNING: Could not set CPU Affinity (3 11 53)
Mon Mar 25 15:49:36 +03 2024: WARNING: Could not set CPU Affinity (3 9 51)
Mon Mar 25 15:49:36 +03 2024: WARNING: Could not set CPU Affinity (3 10 52)
Mon Mar 25 15:49:36 +03 2024: [SIMWAVE MSG]:... t0=: 69
Mon Mar 25 15:49:36 +03 2024: [SIMWAVE MSG]:
Mon Mar 25 15:49:37 +03 2024: ... t0=: 69
Mon Mar 25 15:49:37 +03 2024: 
Mon Mar 25 15:49:37 +03 2024: [SIMWAVE MSG]:... t0=: 69
Mon Mar 25 15:49:37 +03 2024: 
Mon Mar 25 15:49:37 +03 2024: WARNING: Could not set CPU Affinity (3 8 50)
Mon Mar 25 15:49:37 +03 2024: WARNING: Could not set CPU Affinity (3 13 55)
Mon Mar 25 15:49:37 +03 2024: WARNING: Could not set CPU Affinity (3 6 48)
Mon Mar 25 15:49:37 +03 2024: WARNING: Could not set CPU Affinity (3 11 53)
Mon Mar 25 15:49:37 +03 2024: WARNING: Could not set CPU Affinity (3 9 51)
Mon Mar 25 15:49:37 +03 2024: WARNING: Could not set CPU Affinity (3 7 49)
Mon Mar 25 15:49:37 +03 2024: WARNING: Could not set CPU Affinity (3 10 52)
Mon Mar 25 15:49:37 +03 2024: WARNING: Could not set CPU Affinity (3 12 54)
Mon Mar 25 15:49:37 +03 2024: [SIMWAVE MSG]:... t0=: 69
Mon Mar 25 15:49:37 +03 2024: 
Mon Mar 25 15:49:37 +03 2024: WARNING: Could not set CPU Affinity (3 8 50)
Mon Mar 25 15:49:37 +03 2024: WARNING: Could not set CPU Affinity (3 9 51)
Mon Mar 25 15:49:37 +03 2024: WARNING: Could not set CPU Affinity (3 11 53)
Mon Mar 25 15:49:37 +03 2024: WARNING: Could not set CPU Affinity (3 6 48)
Mon Mar 25 15:49:37 +03 2024: WARNING: Could not set CPU Affinity (3 12 54)
Mon Mar 25 15:49:37 +03 2024: WARNING: Could not set CPU Affinity (3 10 52)
Mon Mar 25 15:49:37 +03 2024: WARNING: Could not set CPU Affinity (3 13 55)
Mon Mar 25 15:49:37 +03 2024: WARNING: Could not set CPU Affinity (3 7 49)
Mon Mar 25 15:49:37 +03 2024: [SIMWAVE MSG]:... t0=: 69
Mon Mar 25 15:49:37 +03 2024: 
Mon Mar 25 15:49:37 +03 2024: WARNING: Could not set CPU Affinity (3 12 54)
Mon Mar 25 15:49:37 +03 2024: WARNING: Could not set CPU Affinity (3 10 52)
Mon Mar 25 15:49:37 +03 2024: WARNING: Could not set CPU Affinity (3 8 50)
Mon Mar 25 15:49:37 +03 2024: WARNING: Could not set CPU Affinity (3 6 48)
Mon Mar 25 15:49:37 +03 2024: WARNING: Could not set CPU Affinity (3 11 53)
Mon Mar 25 15:49:37 +03 2024: WARNING: Could not set CPU Affinity (3 13 55)
Mon Mar 25 15:49:37 +03 2024: WARNING: Could not set CPU Affinity (3 7 49)
Mon Mar 25 15:49:37 +03 2024: WARNING: Could not set CPU Affinity (3 9 51)
Mon Mar 25 15:49:37 +03 2024: WARNING: Could not set CPU Affinity (3 12 54)
Mon Mar 25 15:49:37 +03 2024: WARNING: Could not set CPU Affinity (3 6 48)
Mon Mar 25 15:49:37 +03 2024: WARNING: Could not set CPU Affinity (3 13 55)
Mon Mar 25 15:49:37 +03 2024: WARNING: Could not set CPU Affinity (3 9 51)
Mon Mar 25 15:49:37 +03 2024: WARNING: Could not set CPU Affinity (3 8 50)
Mon Mar 25 15:49:37 +03 2024: WARNING: Could not set CPU Affinity (3 11 53)
Mon Mar 25 15:49:37 +03 2024: WARNING: Could not set CPU Affinity (3 7 49)
Mon Mar 25 15:49:37 +03 2024: WARNING: Could not set CPU Affinity (3 10 52)
Mon Mar 25 15:49:37 +03 2024: [SIMWAVE MSG]:... t0=: 73
Mon Mar 25 15:49:37 +03 2024: 
Mon Mar 25 15:49:37 +03 2024: [SIMWAVE MSG]:... t0=: 73
Mon Mar 25 15:49:37 +03 2024: 
Mon Mar 25 15:49:37 +03 2024: [SIMWAVE MSG]:... t0=: 73
Mon Mar 25 15:49:37 +03 2024: 
Mon Mar 25 15:49:37 +03 2024: [SIMWAVE MSG]:... t0=: 73
Mon Mar 25 15:49:37 +03 2024: 
Mon Mar 25 15:49:37 +03 2024: [SIMWAVE MSG]:... t0=: 73
Mon Mar 25 15:49:37 +03 2024: 
Mon Mar 25 15:49:37 +03 2024: WARNING: Could not set CPU Affinity (3 12 54)
Mon Mar 25 15:49:37 +03 2024: WARNING: Could not set CPU Affinity (3 13 55)
Mon Mar 25 15:49:37 +03 2024: WARNING: Could not set CPU Affinity (3 11 53)
Mon Mar 25 15:49:37 +03 2024: WARNING: Could not set CPU Affinity (3 6 48)
Mon Mar 25 15:49:37 +03 2024: WARNING: Could not set CPU Affinity (3 10 52)
Mon Mar 25 15:49:37 +03 2024: WARNING: Could not set CPU Affinity (3 9 51)
Mon Mar 25 15:49:37 +03 2024: WARNING: Could not set CPU Affinity (3 8 50)
Mon Mar 25 15:49:37 +03 2024: WARNING: Could not set CPU Affinity (3 7 49)
Mon Mar 25 15:49:37 +03 2024: [SIMWAVE MSG]:... t0=: 73
Mon Mar 25 15:49:37 +03 2024: 
Mon Mar 25 15:49:37 +03 2024: WARNING: Could not set CPU Affinity (3 8 50)
Mon Mar 25 15:49:37 +03 2024: WARNING: Could not set CPU Affinity (3 11 53)
Mon Mar 25 15:49:37 +03 2024: WARNING: Could not set CPU Affinity (3 9 51)
Mon Mar 25 15:49:37 +03 2024: WARNING: Could not set CPU Affinity (3 7 49)
Mon Mar 25 15:49:37 +03 2024: WARNING: Could not set CPU Affinity (3 6 48)
Mon Mar 25 15:49:37 +03 2024: WARNING: Could not set CPU Affinity (3 10 52)
Mon Mar 25 15:49:37 +03 2024: WARNING: Could not set CPU Affinity (3 12 54)
Mon Mar 25 15:49:37 +03 2024: WARNING: Could not set CPU Affinity (3 13 55)
Mon Mar 25 15:49:37 +03 2024: WARNING: Could not set CPU Affinity (3 12 54)
Mon Mar 25 15:49:37 +03 2024: WARNING: Could not set CPU Affinity (3 10 52)
Mon Mar 25 15:49:37 +03 2024: WARNING: Could not set CPU Affinity (3 8 50)
Mon Mar 25 15:49:37 +03 2024: WARNING: Could not set CPU Affinity (3 11 53)
Mon Mar 25 15:49:37 +03 2024: WARNING: Could not set CPU Affinity (3 13 55)
Mon Mar 25 15:49:37 +03 2024: WARNING: Could not set CPU Affinity (3 6 48)
Mon Mar 25 15:49:37 +03 2024: WARNING: Could not set CPU Affinity (3 7 49)
Mon Mar 25 15:49:37 +03 2024: WARNING: Could not set CPU Affinity (3 9 51)
Mon Mar 25 15:49:37 +03 2024: [SIMWAVE MSG]:... t0=: 73
Mon Mar 25 15:49:37 +03 2024: 
Mon Mar 25 15:49:37 +03 2024: [SIMWAVE MSG]:... t0=: 73
Mon Mar 25 15:49:37 +03 2024: 
Mon Mar 25 15:49:37 +03 2024: [SIMWAVE MSG]:... t0=: 73
Mon Mar 25 15:49:37 +03 2024: 
Mon Mar 25 15:49:37 +03 2024: [SIMWAVE MSG]:... t0=: 73
Mon Mar 25 15:49:37 +03 2024: 
Mon Mar 25 15:49:37 +03 2024: WARNING: Could not set CPU Affinity (3 8 50)
Mon Mar 25 15:49:37 +03 2024: WARNING: Could not set CPU Affinity (3 10 52)
Mon Mar 25 15:49:37 +03 2024: WARNING: Could not set CPU Affinity (3 9 51)
Mon Mar 25 15:49:37 +03 2024: WARNING: Could not set CPU Affinity (3 11 53)
Mon Mar 25 15:49:37 +03 2024: WARNING: Could not set CPU Affinity (3 6 48)
Mon Mar 25 15:49:37 +03 2024: WARNING: Could not set CPU Affinity (3 13 55)
Mon Mar 25 15:49:37 +03 2024: WARNING: Could not set CPU Affinity (3 12 54)
Mon Mar 25 15:49:37 +03 2024: WARNING: Could not set CPU Affinity (3 7 49)
Mon Mar 25 15:49:37 +03 2024: [SIMWAVE MSG]:... t0=: 73
Mon Mar 25 15:49:37 +03 2024: 
Mon Mar 25 15:49:37 +03 2024: WARNING: Could not set CPU Affinity (3 13 55)
Mon Mar 25 15:49:37 +03 2024: WARNING: Could not set CPU Affinity (3 8 50)
Mon Mar 25 15:49:37 +03 2024: WARNING: Could not set CPU Affinity (3 10 52)
Mon Mar 25 15:49:37 +03 2024: WARNING: Could not set CPU Affinity (3 9 51)
Mon Mar 25 15:49:37 +03 2024: WARNING: Could not set CPU Affinity (3 11 53)
Mon Mar 25 15:49:37 +03 2024: WARNING: Could not set CPU Affinity (3 6 48)
Mon Mar 25 15:49:37 +03 2024: WARNING: Could not set CPU Affinity (3 12 54)
Mon Mar 25 15:49:37 +03 2024: WARNING: Could not set CPU Affinity (3 7 49)
Mon Mar 25 15:49:37 +03 2024: WARNING: Could not set CPU Affinity (3 10 52)
Mon Mar 25 15:49:37 +03 2024: WARNING: Could not set CPU Affinity (3 12 54)
Mon Mar 25 15:49:37 +03 2024: WARNING: Could not set CPU Affinity (3 11 53)
Mon Mar 25 15:49:37 +03 2024: WARNING: Could not set CPU Affinity (3 9 51)
Mon Mar 25 15:49:37 +03 2024: WARNING: Could not set CPU Affinity (3 6 48)
Mon Mar 25 15:49:37 +03 2024: WARNING: Could not set CPU Affinity (3 8 50)
Mon Mar 25 15:49:37 +03 2024: WARNING: Could not set CPU Affinity (3 13 55)
Mon Mar 25 15:49:37 +03 2024: WARNING: Could not set CPU Affinity (3 7 49)
Mon Mar 25 15:49:37 +03 2024: [SIMWAVE MSG]:... t0=: 73
Mon Mar 25 15:49:37 +03 2024: 
Mon Mar 25 15:49:37 +03 2024: [SIMWAVE MSG]:... t0=: 73
Mon Mar 25 15:49:37 +03 2024: 
Mon Mar 25 15:49:37 +03 2024: [SIMWAVE MSG]:... t0=: 73
Mon Mar 25 15:49:37 +03 2024: 
Mon Mar 25 15:49:37 +03 2024: [SIMWAVE MSG]:... t0=: 73
Mon Mar 25 15:49:37 +03 2024: 
Mon Mar 25 15:49:37 +03 2024: WARNING: Could not set CPU Affinity (3 6 48)
Mon Mar 25 15:49:37 +03 2024: WARNING: Could not set CPU Affinity (3 7 49)
Mon Mar 25 15:49:37 +03 2024: WARNING: Could not set CPU Affinity (3 8 50)
Mon Mar 25 15:49:37 +03 2024: WARNING: Could not set CPU Affinity (3 11 53)
Mon Mar 25 15:49:37 +03 2024: WARNING: Could not set CPU Affinity (3 10 52)
Mon Mar 25 15:49:37 +03 2024: WARNING: Could not set CPU Affinity (3 9 51)
Mon Mar 25 15:49:37 +03 2024: WARNING: Could not set CPU Affinity (3 12 54)
Mon Mar 25 15:49:37 +03 2024: WARNING: Could not set CPU Affinity (3 13 55)
Mon Mar 25 15:49:37 +03 2024: [SIMWAVE MSG]:... t0=: 77
Mon Mar 25 15:49:37 +03 2024: 
Mon Mar 25 15:49:37 +03 2024: WARNING: Could not set CPU Affinity (3 8 50)
Mon Mar 25 15:49:37 +03 2024: WARNING: Could not set CPU Affinity (3 10 52)
Mon Mar 25 15:49:37 +03 2024: WARNING: Could not set CPU Affinity (3 13 55)
Mon Mar 25 15:49:37 +03 2024: WARNING: Could not set CPU Affinity (3 9 51)
Mon Mar 25 15:49:37 +03 2024: WARNING: Could not set CPU Affinity (3 7 49)
Mon Mar 25 15:49:37 +03 2024: WARNING: Could not set CPU Affinity (3 11 53)
Mon Mar 25 15:49:37 +03 2024: WARNING: Could not set CPU Affinity (3 6 48)
Mon Mar 25 15:49:37 +03 2024: WARNING: Could not set CPU Affinity (3 12 54)
Mon Mar 25 15:49:37 +03 2024: WARNING: Could not set CPU Affinity (3 9 51)
Mon Mar 25 15:49:37 +03 2024: WARNING: Could not set CPU Affinity (3 6 48)
Mon Mar 25 15:49:37 +03 2024: WARNING: Could not set CPU Affinity (3 12 54)
Mon Mar 25 15:49:37 +03 2024: WARNING: Could not set CPU Affinity (3 10 52)
Mon Mar 25 15:49:37 +03 2024: WARNING: Could not set CPU Affinity (3 11 53)
Mon Mar 25 15:49:37 +03 2024: WARNING: Could not set CPU Affinity (3 7 49)
Mon Mar 25 15:49:37 +03 2024: WARNING: Could not set CPU Affinity (3 13 55)
Mon Mar 25 15:49:37 +03 2024: WARNING: Could not set CPU Affinity (3 8 50)
Mon Mar 25 15:49:37 +03 2024: [SIMWAVE MSG]:... t0=: 73
Mon Mar 25 15:49:37 +03 2024: 
Mon Mar 25 15:49:37 +03 2024: [SIMWAVE MSG]:... t0=: 73
Mon Mar 25 15:49:37 +03 2024: 
Mon Mar 25 15:49:38 +03 2024: [SIMWAVE MSG]:... t0=: 77
Mon Mar 25 15:49:38 +03 2024: 
Mon Mar 25 15:49:38 +03 2024: WARNING: Could not set CPU Affinity (3 8 50)
Mon Mar 25 15:49:38 +03 2024: WARNING: Could not set CPU Affinity (3 11 53)
Mon Mar 25 15:49:38 +03 2024: WARNING: Could not set CPU Affinity (3 6 48)
Mon Mar 25 15:49:38 +03 2024: WARNING: Could not set CPU Affinity (3 12 54)
Mon Mar 25 15:49:38 +03 2024: WARNING: Could not set CPU Affinity (3 7 49)
Mon Mar 25 15:49:38 +03 2024: WARNING: Could not set CPU Affinity (3 9 51)
Mon Mar 25 15:49:38 +03 2024: WARNING: Could not set CPU Affinity (3 13 55)
Mon Mar 25 15:49:38 +03 2024: WARNING: Could not set CPU Affinity (3 10 52)
Mon Mar 25 15:49:38 +03 2024: [SIMWAVE MSG]:... t0=: 77
Mon Mar 25 15:49:38 +03 2024: 
Mon Mar 25 15:49:38 +03 2024: WARNING: Could not set CPU Affinity (3 12 54)
Mon Mar 25 15:49:38 +03 2024: WARNING: Could not set CPU Affinity (3 8 50)
Mon Mar 25 15:49:38 +03 2024: WARNING: Could not set CPU Affinity (3 10 52)
Mon Mar 25 15:49:38 +03 2024: WARNING: Could not set CPU Affinity (3 13 55)
Mon Mar 25 15:49:38 +03 2024: WARNING: Could not set CPU Affinity (3 9 51)
Mon Mar 25 15:49:38 +03 2024: WARNING: Could not set CPU Affinity (3 6 48)
Mon Mar 25 15:49:38 +03 2024: WARNING: Could not set CPU Affinity (3 11 53)
Mon Mar 25 15:49:38 +03 2024: WARNING: Could not set CPU Affinity (3 7 49)
Mon Mar 25 15:49:38 +03 2024: WARNING: Could not set CPU Affinity (3 6 48)
Mon Mar 25 15:49:38 +03 2024: WARNING: Could not set CPU Affinity (3 7 49)
Mon Mar 25 15:49:38 +03 2024: WARNING: Could not set CPU Affinity (3 8 50)
Mon Mar 25 15:49:38 +03 2024: WARNING: Could not set CPU Affinity (3 9 51)
Mon Mar 25 15:49:38 +03 2024: WARNING: Could not set CPU Affinity (3 11 53)
Mon Mar 25 15:49:38 +03 2024: WARNING: Could not set CPU Affinity (3 10 52)
Mon Mar 25 15:49:38 +03 2024: WARNING: Could not set CPU Affinity (3 13 55)
Mon Mar 25 15:49:38 +03 2024: WARNING: Could not set CPU Affinity (3 12 54)
Mon Mar 25 15:49:38 +03 2024: [SIMWAVE MSG]:... t0=: 77
Mon Mar 25 15:49:38 +03 2024: 
Mon Mar 25 15:49:38 +03 2024: [SIMWAVE MSG]:... t0=: 77
Mon Mar 25 15:49:38 +03 2024: 
Mon Mar 25 15:49:38 +03 2024: [SIMWAVE MSG]:... t0=: 77
Mon Mar 25 15:49:38 +03 2024: 
Mon Mar 25 15:49:38 +03 2024: [SIMWAVE MSG]:... t0=: 77
Mon Mar 25 15:49:38 +03 2024: 
Mon Mar 25 15:49:38 +03 2024: WARNING: Could not set CPU Affinity (3 6 48)
Mon Mar 25 15:49:38 +03 2024: WARNING: Could not set CPU Affinity (3 7 49)
Mon Mar 25 15:49:38 +03 2024: WARNING: Could not set CPU Affinity (3 8 50)
Mon Mar 25 15:49:38 +03 2024: WARNING: Could not set CPU Affinity (3 11 53)
Mon Mar 25 15:49:38 +03 2024: WARNING: Could not set CPU Affinity (3 10 52)
Mon Mar 25 15:49:38 +03 2024: WARNING: Could not set CPU Affinity (3 9 51)
Mon Mar 25 15:49:38 +03 2024: WARNING: Could not set CPU Affinity (3 13 55)
Mon Mar 25 15:49:38 +03 2024: WARNING: Could not set CPU Affinity (3 12 54)
Mon Mar 25 15:49:38 +03 2024: [SIMWAVE MSG]:... t0=: 77
Mon Mar 25 15:49:38 +03 2024: 
Mon Mar 25 15:49:38 +03 2024: WARNING: Could not set CPU Affinity (3 6 48)
Mon Mar 25 15:49:38 +03 2024: WARNING: Could not set CPU Affinity (3 7 49)
Mon Mar 25 15:49:38 +03 2024: WARNING: Could not set CPU Affinity (3 8 50)
Mon Mar 25 15:49:38 +03 2024: WARNING: Could not set CPU Affinity (3 11 53)
Mon Mar 25 15:49:38 +03 2024: WARNING: Could not set CPU Affinity (3 9 51)
Mon Mar 25 15:49:38 +03 2024: WARNING: Could not set CPU Affinity (3 10 52)
Mon Mar 25 15:49:38 +03 2024: WARNING: Could not set CPU Affinity (3 12 54)
Mon Mar 25 15:49:38 +03 2024: WARNING: Could not set CPU Affinity (3 13 55)
Mon Mar 25 15:49:38 +03 2024: WARNING: Could not set CPU Affinity (3 8 50)
Mon Mar 25 15:49:38 +03 2024: WARNING: Could not set CPU Affinity (3 12 54)
Mon Mar 25 15:49:38 +03 2024: WARNING: Could not set CPU Affinity (3 10 52)
Mon Mar 25 15:49:38 +03 2024: WARNING: Could not set CPU Affinity (3 13 55)
Mon Mar 25 15:49:38 +03 2024: WARNING: Could not set CPU Affinity (3 7 49)
Mon Mar 25 15:49:38 +03 2024: WARNING: Could not set CPU Affinity (3 9 51)
Mon Mar 25 15:49:38 +03 2024: WARNING: Could not set CPU Affinity (3 11 53)
Mon Mar 25 15:49:38 +03 2024: WARNING: Could not set CPU Affinity (3 6 48)
Mon Mar 25 15:49:38 +03 2024: [SIMWAVE MSG]:... t0=: 77
Mon Mar 25 15:49:38 +03 2024: 
Mon Mar 25 15:49:38 +03 2024: [SIMWAVE MSG]:... t0=: 77
Mon Mar 25 15:49:38 +03 2024: 
Mon Mar 25 15:49:38 +03 2024: WARNING: Could not set CPU Affinity (3 12 54)
Mon Mar 25 15:49:38 +03 2024: WARNING: Could not set CPU Affinity (3 11 53)
Mon Mar 25 15:49:38 +03 2024: WARNING: Could not set CPU Affinity (3 6 48)
Mon Mar 25 15:49:38 +03 2024: WARNING: Could not set CPU Affinity (3 7 49)
Mon Mar 25 15:49:38 +03 2024: WARNING: Could not set CPU Affinity (3 10 52)
Mon Mar 25 15:49:38 +03 2024: WARNING: Could not set CPU Affinity (3 8 50)
Mon Mar 25 15:49:38 +03 2024: WARNING: Could not set CPU Affinity (3 9 51)
Mon Mar 25 15:49:38 +03 2024: WARNING: Could not set CPU Affinity (3 13 55)
Mon Mar 25 15:49:38 +03 2024: [SIMWAVE MSG]:... t0=: 77
Mon Mar 25 15:49:38 +03 2024: 
Mon Mar 25 15:49:38 +03 2024: [SIMWAVE MSG]:... t0=: 77
Mon Mar 25 15:49:38 +03 2024: 
Mon Mar 25 15:49:38 +03 2024: [SIMWAVE MSG]:... t0=: 77
Mon Mar 25 15:49:38 +03 2024: 
Mon Mar 25 15:49:38 +03 2024: WARNING: Could not set CPU Affinity (3 12 54)
Mon Mar 25 15:49:38 +03 2024: [SIMWAVE MSG]:... t0=: 81
Mon Mar 25 15:49:38 +03 2024: 
Mon Mar 25 15:49:38 +03 2024: WARNING: Could not set CPU Affinity (3 8 50)
Mon Mar 25 15:49:38 +03 2024: WARNING: Could not set CPU Affinity (3 11 53)
Mon Mar 25 15:49:38 +03 2024: WARNING: Could not set CPU Affinity (3 13 55)
Mon Mar 25 15:49:38 +03 2024: WARNING: Could not set CPU Affinity (3 9 51)
Mon Mar 25 15:49:38 +03 2024: WARNING: Could not set CPU Affinity (3 10 52)
Mon Mar 25 15:49:38 +03 2024: WARNING: Could not set CPU Affinity (3 6 48)
Mon Mar 25 15:49:38 +03 2024: WARNING: Could not set CPU Affinity (3 7 49)
Mon Mar 25 15:49:38 +03 2024: [SIMWAVE MSG]:... t0=: 77
Mon Mar 25 15:49:38 +03 2024: 
Mon Mar 25 15:49:38 +03 2024: WARNING: Could not set CPU Affinity (3 8 50)
Mon Mar 25 15:49:38 +03 2024: WARNING: Could not set CPU Affinity (3 9 51)
Mon Mar 25 15:49:38 +03 2024: WARNING: Could not set CPU Affinity (3 11 53)
Mon Mar 25 15:49:38 +03 2024: WARNING: Could not set CPU Affinity (3 6 48)
Mon Mar 25 15:49:38 +03 2024: WARNING: Could not set CPU Affinity (3 7 49)
Mon Mar 25 15:49:38 +03 2024: WARNING: Could not set CPU Affinity (3 10 52)
Mon Mar 25 15:49:38 +03 2024: WARNING: Could not set CPU Affinity (3 12 54)
Mon Mar 25 15:49:38 +03 2024: WARNING: Could not set CPU Affinity (3 13 55)
Mon Mar 25 15:49:38 +03 2024: [SIMWAVE MSG]:... t0=: 77
Mon Mar 25 15:49:38 +03 2024: 
Mon Mar 25 15:49:38 +03 2024: [SIMWAVE MSG]:... t0=: 77
Mon Mar 25 15:49:38 +03 2024: 
Mon Mar 25 15:49:38 +03 2024: [SIMWAVE MSG]:... t0=: 81
Mon Mar 25 15:49:38 +03 2024: 
Mon Mar 25 15:49:38 +03 2024: [SIMWAVE MSG]:... t0=: 81
Mon Mar 25 15:49:38 +03 2024: 
Mon Mar 25 15:49:38 +03 2024: WARNING: Could not set CPU Affinity (3 8 50)
Mon Mar 25 15:49:38 +03 2024: WARNING: Could not set CPU Affinity (3 9 51)
Mon Mar 25 15:49:38 +03 2024: WARNING: Could not set CPU Affinity (3 6 48)
Mon Mar 25 15:49:38 +03 2024: WARNING: Could not set CPU Affinity (3 13 55)
Mon Mar 25 15:49:38 +03 2024: WARNING: Could not set CPU Affinity (3 7 49)
Mon Mar 25 15:49:38 +03 2024: WARNING: Could not set CPU Affinity (3 10 52)
Mon Mar 25 15:49:38 +03 2024: WARNING: Could not set CPU Affinity (3 11 53)
Mon Mar 25 15:49:38 +03 2024: WARNING: Could not set CPU Affinity (3 12 54)
Mon Mar 25 15:49:38 +03 2024: [SIMWAVE MSG]:... t0=: 81
Mon Mar 25 15:49:38 +03 2024: 
Mon Mar 25 15:49:38 +03 2024: WARNING: Could not set CPU Affinity (3 12 54)
Mon Mar 25 15:49:38 +03 2024: WARNING: Could not set CPU Affinity (3 8 50)
Mon Mar 25 15:49:38 +03 2024: WARNING: Could not set CPU Affinity (3 11 53)
Mon Mar 25 15:49:38 +03 2024: WARNING: Could not set CPU Affinity (3 6 48)
Mon Mar 25 15:49:38 +03 2024: WARNING: Could not set CPU Affinity (3 9 51)
Mon Mar 25 15:49:38 +03 2024: WARNING: Could not set CPU Affinity (3 7 49)
Mon Mar 25 15:49:38 +03 2024: WARNING: Could not set CPU Affinity (3 13 55)
Mon Mar 25 15:49:38 +03 2024: WARNING: Could not set CPU Affinity (3 10 52)
Mon Mar 25 15:49:38 +03 2024: WARNING: Could not set CPU Affinity (3 7 49)
Mon Mar 25 15:49:38 +03 2024: WARNING: Could not set CPU Affinity (3 6 48)
Mon Mar 25 15:49:38 +03 2024: WARNING: Could not set CPU Affinity (3 8 50)
Mon Mar 25 15:49:38 +03 2024: WARNING: Could not set CPU Affinity (3 9 51)
Mon Mar 25 15:49:38 +03 2024: WARNING: Could not set CPU Affinity (3 11 53)
Mon Mar 25 15:49:38 +03 2024: WARNING: Could not set CPU Affinity (3 10 52)
Mon Mar 25 15:49:38 +03 2024: WARNING: Could not set CPU Affinity (3 12 54)
Mon Mar 25 15:49:38 +03 2024: WARNING: Could not set CPU Affinity (3 13 55)
Mon Mar 25 15:49:38 +03 2024: [SIMWAVE MSG]:... t0=: 81
Mon Mar 25 15:49:38 +03 2024: 
Mon Mar 25 15:49:38 +03 2024: [SIMWAVE MSG]:... t0=: 81
Mon Mar 25 15:49:38 +03 2024: 
Mon Mar 25 15:49:38 +03 2024: [SIMWAVE MSG]:... t0=: 81
Mon Mar 25 15:49:38 +03 2024: 
Mon Mar 25 15:49:38 +03 2024: [SIMWAVE MSG]:... t0=: 81
Mon Mar 25 15:49:38 +03 2024: 
Mon Mar 25 15:49:38 +03 2024: WARNING: Could not set CPU Affinity (3 8 50)
Mon Mar 25 15:49:38 +03 2024: WARNING: Could not set CPU Affinity (3 12 54)
Mon Mar 25 15:49:38 +03 2024: WARNING: Could not set CPU Affinity (3 11 53)
Mon Mar 25 15:49:38 +03 2024: WARNING: Could not set CPU Affinity (3 6 48)
Mon Mar 25 15:49:38 +03 2024: WARNING: Could not set CPU Affinity (3 10 52)
Mon Mar 25 15:49:38 +03 2024: WARNING: Could not set CPU Affinity (3 7 49)
Mon Mar 25 15:49:38 +03 2024: WARNING: Could not set CPU Affinity (3 13 55)
Mon Mar 25 15:49:38 +03 2024: WARNING: Could not set CPU Affinity (3 9 51)
Mon Mar 25 15:49:39 +03 2024: [SIMWAVE MSG]:... t0=: 81
Mon Mar 25 15:49:39 +03 2024: 
Mon Mar 25 15:49:39 +03 2024: WARNING: Could not set CPU Affinity (3 8 50)
Mon Mar 25 15:49:39 +03 2024: WARNING: Could not set CPU Affinity (3 6 48)
Mon Mar 25 15:49:39 +03 2024: WARNING: Could not set CPU Affinity (3 9 51)
Mon Mar 25 15:49:39 +03 2024: WARNING: Could not set CPU Affinity (3 11 53)
Mon Mar 25 15:49:39 +03 2024: WARNING: Could not set CPU Affinity (3 7 49)
Mon Mar 25 15:49:39 +03 2024: WARNING: Could not set CPU Affinity (3 10 52)
Mon Mar 25 15:49:39 +03 2024: WARNING: Could not set CPU Affinity (3 12 54)
Mon Mar 25 15:49:39 +03 2024: WARNING: Could not set CPU Affinity (3 13 55)
Mon Mar 25 15:49:39 +03 2024: WARNING: Could not set CPU Affinity (3 8 50)
Mon Mar 25 15:49:39 +03 2024: WARNING: Could not set CPU Affinity (3 10 52)
Mon Mar 25 15:49:39 +03 2024: WARNING: Could not set CPU Affinity (3 12 54)
Mon Mar 25 15:49:39 +03 2024: WARNING: Could not set CPU Affinity (3 9 51)
Mon Mar 25 15:49:39 +03 2024: WARNING: Could not set CPU Affinity (3 11 53)
Mon Mar 25 15:49:39 +03 2024: WARNING: Could not set CPU Affinity (3 6 48)
Mon Mar 25 15:49:39 +03 2024: WARNING: Could not set CPU Affinity (3 7 49)
Mon Mar 25 15:49:39 +03 2024: WARNING: Could not set CPU Affinity (3 13 55)
Mon Mar 25 15:49:39 +03 2024: [SIMWAVE MSG]:... t0=: 81
Mon Mar 25 15:49:39 +03 2024: 
Mon Mar 25 15:49:39 +03 2024: [SIMWAVE MSG]:... t0=: 81
Mon Mar 25 15:49:39 +03 2024: 
Mon Mar 25 15:49:39 +03 2024: [SIMWAVE MSG]:... t0=: 81
Mon Mar 25 15:49:39 +03 2024: 
Mon Mar 25 15:49:39 +03 2024: WARNING: Could not set CPU Affinity (3 12 54)
Mon Mar 25 15:49:39 +03 2024: WARNING: Could not set CPU Affinity (3 6 48)
Mon Mar 25 15:49:39 +03 2024: WARNING: Could not set CPU Affinity (3 13 55)
Mon Mar 25 15:49:39 +03 2024: WARNING: Could not set CPU Affinity (3 8 50)
Mon Mar 25 15:49:39 +03 2024: WARNING: Could not set CPU Affinity (3 9 51)
Mon Mar 25 15:49:39 +03 2024: WARNING: Could not set CPU Affinity (3 11 53)
Mon Mar 25 15:49:39 +03 2024: WARNING: Could not set CPU Affinity (3 7 49)
Mon Mar 25 15:49:39 +03 2024: WARNING: Could not set CPU Affinity (3 10 52)
Mon Mar 25 15:49:39 +03 2024: [SIMWAVE MSG]:... t0=: 81
Mon Mar 25 15:49:39 +03 2024: 
Mon Mar 25 15:49:39 +03 2024: WARNING: Could not set CPU Affinity (3 8 50)
Mon Mar 25 15:49:39 +03 2024: WARNING: Could not set CPU Affinity (3 12 54)
Mon Mar 25 15:49:39 +03 2024: WARNING: Could not set CPU Affinity (3 10 52)
Mon Mar 25 15:49:39 +03 2024: WARNING: Could not set CPU Affinity (3 6 48)
Mon Mar 25 15:49:39 +03 2024: WARNING: Could not set CPU Affinity (3 7 49)
Mon Mar 25 15:49:39 +03 2024: WARNING: Could not set CPU Affinity (3 9 51)
Mon Mar 25 15:49:39 +03 2024: WARNING: Could not set CPU Affinity (3 11 53)
Mon Mar 25 15:49:39 +03 2024: WARNING: Could not set CPU Affinity (3 13 55)
Mon Mar 25 15:49:39 +03 2024: [SIMWAVE MSG]:... t0=: 81
Mon Mar 25 15:49:39 +03 2024: 
Mon Mar 25 15:49:39 +03 2024: [SIMWAVE MSG]:... t0=: 81
Mon Mar 25 15:49:39 +03 2024: 
Mon Mar 25 15:49:39 +03 2024: [SIMWAVE MSG]:... t0=: 85
Mon Mar 25 15:49:39 +03 2024: 
Mon Mar 25 15:49:39 +03 2024: WARNING: Could not set CPU Affinity (3 8 50)
Mon Mar 25 15:49:39 +03 2024: WARNING: Could not set CPU Affinity (3 12 54)
Mon Mar 25 15:49:39 +03 2024: WARNING: Could not set CPU Affinity (3 13 55)
Mon Mar 25 15:49:39 +03 2024: WARNING: Could not set CPU Affinity (3 11 53)
Mon Mar 25 15:49:39 +03 2024: WARNING: Could not set CPU Affinity (3 9 51)
Mon Mar 25 15:49:39 +03 2024: WARNING: Could not set CPU Affinity (3 7 49)
Mon Mar 25 15:49:39 +03 2024: WARNING: Could not set CPU Affinity (3 6 48)
Mon Mar 25 15:49:39 +03 2024: WARNING: Could not set CPU Affinity (3 10 52)
Mon Mar 25 15:49:39 +03 2024: WARNING: Could not set CPU Affinity (3 7 49)
Mon Mar 25 15:49:39 +03 2024: WARNING: Could not set CPU Affinity (3 6 48)
Mon Mar 25 15:49:39 +03 2024: WARNING: Could not set CPU Affinity (3 12 54)
Mon Mar 25 15:49:39 +03 2024: WARNING: Could not set CPU Affinity (3 13 55)
Mon Mar 25 15:49:39 +03 2024: WARNING: Could not set CPU Affinity (3 8 50)
Mon Mar 25 15:49:39 +03 2024: WARNING: Could not set CPU Affinity (3 9 51)
Mon Mar 25 15:49:39 +03 2024: WARNING: Could not set CPU Affinity (3 11 53)
Mon Mar 25 15:49:39 +03 2024: WARNING: Could not set CPU Affinity (3 10 52)
Mon Mar 25 15:49:39 +03 2024: [SIMWAVE MSG]:... t0=: 81
Mon Mar 25 15:49:39 +03 2024: 
Mon Mar 25 15:49:39 +03 2024: WARNING: Could not set CPU Affinity (3 8 50)
Mon Mar 25 15:49:39 +03 2024: WARNING: Could not set CPU Affinity (3 12 54)
Mon Mar 25 15:49:39 +03 2024: WARNING: Could not set CPU Affinity (3 10 52)
Mon Mar 25 15:49:39 +03 2024: WARNING: Could not set CPU Affinity (3 7 49)
Mon Mar 25 15:49:39 +03 2024: WARNING: Could not set CPU Affinity (3 11 53)
Mon Mar 25 15:49:39 +03 2024: WARNING: Could not set CPU Affinity (3 6 48)
Mon Mar 25 15:49:39 +03 2024: WARNING: Could not set CPU Affinity (3 9 51)
Mon Mar 25 15:49:39 +03 2024: WARNING: Could not set CPU Affinity (3 13 55)
Mon Mar 25 15:49:39 +03 2024: WARNING: Could not set CPU Affinity (3 12 54)
Mon Mar 25 15:49:39 +03 2024: WARNING: Could not set CPU Affinity (3 8 50)
Mon Mar 25 15:49:39 +03 2024: WARNING: Could not set CPU Affinity (3 13 55)
Mon Mar 25 15:49:39 +03 2024: WARNING: Could not set CPU Affinity (3 11 53)
Mon Mar 25 15:49:39 +03 2024: WARNING: Could not set CPU Affinity (3 9 51)
Mon Mar 25 15:49:39 +03 2024: WARNING: Could not set CPU Affinity (3 6 48)
Mon Mar 25 15:49:39 +03 2024: WARNING: Could not set CPU Affinity (3 7 49)
Mon Mar 25 15:49:39 +03 2024: WARNING: Could not set CPU Affinity (3 10 52)
Mon Mar 25 15:49:39 +03 2024: [SIMWAVE MSG]:... t0=: 81
Mon Mar 25 15:49:39 +03 2024: 
Mon Mar 25 15:49:39 +03 2024: [SIMWAVE MSG]:... t0=: 85
Mon Mar 25 15:49:39 +03 2024: 
Mon Mar 25 15:49:39 +03 2024: [SIMWAVE MSG]:... t0=: 85
Mon Mar 25 15:49:39 +03 2024: 
Mon Mar 25 15:49:39 +03 2024: [SIMWAVE MSG]:... t0=: 85
Mon Mar 25 15:49:39 +03 2024: 
Mon Mar 25 15:49:39 +03 2024: WARNING: Could not set CPU Affinity (3 7 49)
Mon Mar 25 15:49:39 +03 2024: WARNING: Could not set CPU Affinity (3 6 48)
Mon Mar 25 15:49:39 +03 2024: WARNING: Could not set CPU Affinity (3 12 54)
Mon Mar 25 15:49:39 +03 2024: WARNING: Could not set CPU Affinity (3 8 50)
Mon Mar 25 15:49:39 +03 2024: WARNING: Could not set CPU Affinity (3 9 51)
Mon Mar 25 15:49:39 +03 2024: WARNING: Could not set CPU Affinity (3 10 52)
Mon Mar 25 15:49:39 +03 2024: WARNING: Could not set CPU Affinity (3 11 53)
Mon Mar 25 15:49:39 +03 2024: WARNING: Could not set CPU Affinity (3 13 55)
Mon Mar 25 15:49:39 +03 2024: [SIMWAVE MSG]:... t0=: 85
Mon Mar 25 15:49:39 +03 2024: 
Mon Mar 25 15:49:39 +03 2024: WARNING: Could not set CPU Affinity (3 10 52)
Mon Mar 25 15:49:39 +03 2024: WARNING: Could not set CPU Affinity (3 9 51)
Mon Mar 25 15:49:39 +03 2024: WARNING: Could not set CPU Affinity (3 6 48)
Mon Mar 25 15:49:39 +03 2024: WARNING: Could not set CPU Affinity (3 7 49)
Mon Mar 25 15:49:39 +03 2024: WARNING: Could not set CPU Affinity (3 13 55)
Mon Mar 25 15:49:39 +03 2024: WARNING: Could not set CPU Affinity (3 8 50)
Mon Mar 25 15:49:39 +03 2024: WARNING: Could not set CPU Affinity (3 11 53)
Mon Mar 25 15:49:39 +03 2024: WARNING: Could not set CPU Affinity (3 12 54)
Mon Mar 25 15:49:39 +03 2024: WARNING: Could not set CPU Affinity (3 12 54)
Mon Mar 25 15:49:39 +03 2024: WARNING: Could not set CPU Affinity (3 8 50)
Mon Mar 25 15:49:39 +03 2024: WARNING: Could not set CPU Affinity (3 9 51)
Mon Mar 25 15:49:39 +03 2024: WARNING: Could not set CPU Affinity (3 11 53)
Mon Mar 25 15:49:39 +03 2024: WARNING: Could not set CPU Affinity (3 7 49)
Mon Mar 25 15:49:39 +03 2024: WARNING: Could not set CPU Affinity (3 6 48)
Mon Mar 25 15:49:39 +03 2024: WARNING: Could not set CPU Affinity (3 13 55)
Mon Mar 25 15:49:39 +03 2024: WARNING: Could not set CPU Affinity (3 10 52)
Mon Mar 25 15:49:39 +03 2024: [SIMWAVE MSG]:... t0=: 85
Mon Mar 25 15:49:39 +03 2024: 
Mon Mar 25 15:49:39 +03 2024: [SIMWAVE MSG]:... t0=: 85
Mon Mar 25 15:49:39 +03 2024: 
Mon Mar 25 15:49:39 +03 2024: [SIMWAVE MSG]:... t0=: 85
Mon Mar 25 15:49:39 +03 2024: 
Mon Mar 25 15:49:39 +03 2024: WARNING: Could not set CPU Affinity (3 6 48)
Mon Mar 25 15:49:39 +03 2024: WARNING: Could not set CPU Affinity (3 7 49)
Mon Mar 25 15:49:39 +03 2024: WARNING: Could not set CPU Affinity (3 8 50)
Mon Mar 25 15:49:39 +03 2024: WARNING: Could not set CPU Affinity (3 9 51)
Mon Mar 25 15:49:39 +03 2024: WARNING: Could not set CPU Affinity (3 11 53)
Mon Mar 25 15:49:39 +03 2024: WARNING: Could not set CPU Affinity (3 13 55)
Mon Mar 25 15:49:39 +03 2024: WARNING: Could not set CPU Affinity (3 10 52)
Mon Mar 25 15:49:39 +03 2024: WARNING: Could not set CPU Affinity (3 12 54)
Mon Mar 25 15:49:39 +03 2024: [SIMWAVE MSG]:... t0=: 85
Mon Mar 25 15:49:39 +03 2024: 
Mon Mar 25 15:49:39 +03 2024: WARNING: Could not set CPU Affinity (3 6 48)
Mon Mar 25 15:49:39 +03 2024: WARNING: Could not set CPU Affinity (3 8 50)
Mon Mar 25 15:49:39 +03 2024: WARNING: Could not set CPU Affinity (3 9 51)
Mon Mar 25 15:49:39 +03 2024: WARNING: Could not set CPU Affinity (3 11 53)
Mon Mar 25 15:49:39 +03 2024: WARNING: Could not set CPU Affinity (3 7 49)
Mon Mar 25 15:49:39 +03 2024: WARNING: Could not set CPU Affinity (3 10 52)
Mon Mar 25 15:49:39 +03 2024: WARNING: Could not set CPU Affinity (3 13 55)
Mon Mar 25 15:49:39 +03 2024: WARNING: Could not set CPU Affinity (3 12 54)
Mon Mar 25 15:49:39 +03 2024: WARNING: Could not set CPU Affinity (3 6 48)
Mon Mar 25 15:49:39 +03 2024: WARNING: Could not set CPU Affinity (3 7 49)
Mon Mar 25 15:49:39 +03 2024: WARNING: Could not set CPU Affinity (3 12 54)
Mon Mar 25 15:49:39 +03 2024: WARNING: Could not set CPU Affinity (3 13 55)
Mon Mar 25 15:49:39 +03 2024: WARNING: Could not set CPU Affinity (3 8 50)
Mon Mar 25 15:49:39 +03 2024: WARNING: Could not set CPU Affinity (3 9 51)
Mon Mar 25 15:49:39 +03 2024: WARNING: Could not set CPU Affinity (3 11 53)
Mon Mar 25 15:49:39 +03 2024: WARNING: Could not set CPU Affinity (3 10 52)
Mon Mar 25 15:49:39 +03 2024: [SIMWAVE MSG]:... t0=: 85
Mon Mar 25 15:49:39 +03 2024: 
Mon Mar 25 15:49:40 +03 2024: [SIMWAVE MSG]:... t0=: 85
Mon Mar 25 15:49:40 +03 2024: 
Mon Mar 25 15:49:40 +03 2024: [SIMWAVE MSG]:... t0=: 85
Mon Mar 25 15:49:40 +03 2024: 
Mon Mar 25 15:49:40 +03 2024: [SIMWAVE MSG]:... t0=: 85
Mon Mar 25 15:49:40 +03 2024: 
Mon Mar 25 15:49:40 +03 2024: WARNING: Could not set CPU Affinity (3 8 50)
Mon Mar 25 15:49:40 +03 2024: WARNING: Could not set CPU Affinity (3 9 51)
Mon Mar 25 15:49:40 +03 2024: WARNING: Could not set CPU Affinity (3 11 53)
Mon Mar 25 15:49:40 +03 2024: WARNING: Could not set CPU Affinity (3 10 52)
Mon Mar 25 15:49:40 +03 2024: WARNING: Could not set CPU Affinity (3 12 54)
Mon Mar 25 15:49:40 +03 2024: WARNING: Could not set CPU Affinity (3 13 55)
Mon Mar 25 15:49:40 +03 2024: WARNING: Could not set CPU Affinity (3 6 48)
Mon Mar 25 15:49:40 +03 2024: WARNING: Could not set CPU Affinity (3 7 49)
Mon Mar 25 15:49:40 +03 2024: [SIMWAVE MSG]:... t0=: 85
Mon Mar 25 15:49:40 +03 2024: 
Mon Mar 25 15:49:40 +03 2024: [SIMWAVE MSG]:... t0=: 85
Mon Mar 25 15:49:40 +03 2024: 
Mon Mar 25 15:49:40 +03 2024: WARNING: Could not set CPU Affinity (3 13 55)
Mon Mar 25 15:49:40 +03 2024: WARNING: Could not set CPU Affinity (3 12 54)
Mon Mar 25 15:49:40 +03 2024: WARNING: Could not set CPU Affinity (3 7 49)
Mon Mar 25 15:49:40 +03 2024: WARNING: Could not set CPU Affinity (3 6 48)
Mon Mar 25 15:49:40 +03 2024: WARNING: Could not set CPU Affinity (3 8 50)
Mon Mar 25 15:49:40 +03 2024: WARNING: Could not set CPU Affinity (3 10 52)
Mon Mar 25 15:49:40 +03 2024: WARNING: Could not set CPU Affinity (3 9 51)
Mon Mar 25 15:49:40 +03 2024: WARNING: Could not set CPU Affinity (3 11 53)
Mon Mar 25 15:49:40 +03 2024: WARNING: Could not set CPU Affinity (3 9 51)
Mon Mar 25 15:49:40 +03 2024: WARNING: Could not set CPU Affinity (3 10 52)
Mon Mar 25 15:49:40 +03 2024: WARNING: Could not set CPU Affinity (3 13 55)
Mon Mar 25 15:49:40 +03 2024: WARNING: Could not set CPU Affinity (3 11 53)
Mon Mar 25 15:49:40 +03 2024: WARNING: Could not set CPU Affinity (3 8 50)
Mon Mar 25 15:49:40 +03 2024: WARNING: Could not set CPU Affinity (3 7 49)
Mon Mar 25 15:49:40 +03 2024: WARNING: Could not set CPU Affinity (3 6 48)
Mon Mar 25 15:49:40 +03 2024: WARNING: Could not set CPU Affinity (3 12 54)
Mon Mar 25 15:49:40 +03 2024: [SIMWAVE MSG]:... t0=: 85
Mon Mar 25 15:49:40 +03 2024: 
Mon Mar 25 15:49:40 +03 2024: WARNING: Could not set CPU Affinity (3 10 52)
Mon Mar 25 15:49:40 +03 2024: WARNING: Could not set CPU Affinity (3 11 53)
Mon Mar 25 15:49:40 +03 2024: WARNING: Could not set CPU Affinity (3 12 54)
Mon Mar 25 15:49:40 +03 2024: WARNING: Could not set CPU Affinity (3 7 49)
Mon Mar 25 15:49:40 +03 2024: WARNING: Could not set CPU Affinity (3 13 55)
Mon Mar 25 15:49:40 +03 2024: WARNING: Could not set CPU Affinity (3 8 50)
Mon Mar 25 15:49:40 +03 2024: WARNING: Could not set CPU Affinity (3 6 48)
Mon Mar 25 15:49:40 +03 2024: WARNING: Could not set CPU Affinity (3 9 51)
Mon Mar 25 15:49:40 +03 2024: [SIMWAVE MSG]:... t0=: 89
Mon Mar 25 15:49:40 +03 2024: 
Mon Mar 25 15:49:40 +03 2024: WARNING: Could not set CPU Affinity (3 12 54)
Mon Mar 25 15:49:40 +03 2024: WARNING: Could not set CPU Affinity (3 8 50)
Mon Mar 25 15:49:40 +03 2024: WARNING: Could not set CPU Affinity (3 13 55)
Mon Mar 25 15:49:40 +03 2024: WARNING: Could not set CPU Affinity (3 11 53)
Mon Mar 25 15:49:40 +03 2024: WARNING: Could not set CPU Affinity (3 7 49)
Mon Mar 25 15:49:40 +03 2024: WARNING: Could not set CPU Affinity (3 9 51)
Mon Mar 25 15:49:40 +03 2024: WARNING: Could not set CPU Affinity (3 6 48)
Mon Mar 25 15:49:40 +03 2024: WARNING: Could not set CPU Affinity (3 10 52)
Mon Mar 25 15:49:40 +03 2024: WARNING: Could not set CPU Affinity (3 8 50)
Mon Mar 25 15:49:40 +03 2024: WARNING: Could not set CPU Affinity (3 9 51)
Mon Mar 25 15:49:40 +03 2024: WARNING: Could not set CPU Affinity (3 7 49)
Mon Mar 25 15:49:40 +03 2024: WARNING: Could not set CPU Affinity (3 6 48)
Mon Mar 25 15:49:40 +03 2024: WARNING: Could not set CPU Affinity (3 11 53)
Mon Mar 25 15:49:40 +03 2024: WARNING: Could not set CPU Affinity (3 10 52)
Mon Mar 25 15:49:40 +03 2024: WARNING: Could not set CPU Affinity (3 12 54)
Mon Mar 25 15:49:40 +03 2024: WARNING: Could not set CPU Affinity (3 13 55)
Mon Mar 25 15:49:40 +03 2024: [SIMWAVE MSG]:... t0=: 89
Mon Mar 25 15:49:40 +03 2024: 
Mon Mar 25 15:49:40 +03 2024: [SIMWAVE MSG]:... t0=: 89
Mon Mar 25 15:49:40 +03 2024: 
Mon Mar 25 15:49:40 +03 2024: WARNING: Could not set CPU Affinity (3 8 50)
Mon Mar 25 15:49:40 +03 2024: WARNING: Could not set CPU Affinity (3 6 48)
Mon Mar 25 15:49:40 +03 2024: WARNING: Could not set CPU Affinity (3 9 51)
Mon Mar 25 15:49:40 +03 2024: WARNING: Could not set CPU Affinity (3 11 53)
Mon Mar 25 15:49:40 +03 2024: WARNING: Could not set CPU Affinity (3 7 49)
Mon Mar 25 15:49:40 +03 2024: WARNING: Could not set CPU Affinity (3 13 55)
Mon Mar 25 15:49:40 +03 2024: WARNING: Could not set CPU Affinity (3 10 52)
Mon Mar 25 15:49:40 +03 2024: WARNING: Could not set CPU Affinity (3 12 54)
Mon Mar 25 15:49:40 +03 2024: [SIMWAVE MSG]:... t0=: 89
Mon Mar 25 15:49:40 +03 2024: 
Mon Mar 25 15:49:40 +03 2024: WARNING: Could not set CPU Affinity (3 7 49)
Mon Mar 25 15:49:40 +03 2024: WARNING: Could not set CPU Affinity (3 12 54)
Mon Mar 25 15:49:40 +03 2024: WARNING: Could not set CPU Affinity (3 6 48)
Mon Mar 25 15:49:40 +03 2024: WARNING: Could not set CPU Affinity (3 13 55)
Mon Mar 25 15:49:40 +03 2024: WARNING: Could not set CPU Affinity (3 8 50)
Mon Mar 25 15:49:40 +03 2024: WARNING: Could not set CPU Affinity (3 9 51)
Mon Mar 25 15:49:40 +03 2024: WARNING: Could not set CPU Affinity (3 11 53)
Mon Mar 25 15:49:40 +03 2024: WARNING: Could not set CPU Affinity (3 10 52)
Mon Mar 25 15:49:40 +03 2024: WARNING: Could not set CPU Affinity (3 12 54)
Mon Mar 25 15:49:40 +03 2024: WARNING: Could not set CPU Affinity (3 13 55)
Mon Mar 25 15:49:40 +03 2024: WARNING: Could not set CPU Affinity (3 11 53)
Mon Mar 25 15:49:40 +03 2024: WARNING: Could not set CPU Affinity (3 10 52)
Mon Mar 25 15:49:40 +03 2024: WARNING: Could not set CPU Affinity (3 9 51)
Mon Mar 25 15:49:40 +03 2024: WARNING: Could not set CPU Affinity (3 6 48)
Mon Mar 25 15:49:40 +03 2024: WARNING: Could not set CPU Affinity (3 7 49)
Mon Mar 25 15:49:40 +03 2024: WARNING: Could not set CPU Affinity (3 8 50)
Mon Mar 25 15:49:40 +03 2024: [SIMWAVE MSG]:... t0=: 89
Mon Mar 25 15:49:40 +03 2024: 
Mon Mar 25 15:49:40 +03 2024: [SIMWAVE MSG]:... t0=: 89
Mon Mar 25 15:49:40 +03 2024: 
Mon Mar 25 15:49:40 +03 2024: [SIMWAVE MSG]:... t0=: 89
Mon Mar 25 15:49:40 +03 2024: 
Mon Mar 25 15:49:40 +03 2024: WARNING: Could not set CPU Affinity (3 8 50)
Mon Mar 25 15:49:40 +03 2024: WARNING: Could not set CPU Affinity (3 11 53)
Mon Mar 25 15:49:40 +03 2024: WARNING: Could not set CPU Affinity (3 6 48)
Mon Mar 25 15:49:40 +03 2024: WARNING: Could not set CPU Affinity (3 9 51)
Mon Mar 25 15:49:40 +03 2024: WARNING: Could not set CPU Affinity (3 7 49)
Mon Mar 25 15:49:40 +03 2024: WARNING: Could not set CPU Affinity (3 12 54)
Mon Mar 25 15:49:40 +03 2024: WARNING: Could not set CPU Affinity (3 13 55)
Mon Mar 25 15:49:40 +03 2024: WARNING: Could not set CPU Affinity (3 10 52)
Mon Mar 25 15:49:40 +03 2024: [SIMWAVE MSG]:... t0=: 89
Mon Mar 25 15:49:40 +03 2024: 
Mon Mar 25 15:49:40 +03 2024: WARNING: Could not set CPU Affinity (3 8 50)
Mon Mar 25 15:49:40 +03 2024: WARNING: Could not set CPU Affinity (3 10 52)
Mon Mar 25 15:49:40 +03 2024: WARNING: Could not set CPU Affinity (3 13 55)
Mon Mar 25 15:49:40 +03 2024: WARNING: Could not set CPU Affinity (3 12 54)
Mon Mar 25 15:49:40 +03 2024: WARNING: Could not set CPU Affinity (3 9 51)
Mon Mar 25 15:49:40 +03 2024: WARNING: Could not set CPU Affinity (3 11 53)
Mon Mar 25 15:49:40 +03 2024: WARNING: Could not set CPU Affinity (3 7 49)
Mon Mar 25 15:49:40 +03 2024: WARNING: Could not set CPU Affinity (3 6 48)
Mon Mar 25 15:49:40 +03 2024: [SIMWAVE MSG]:... t0=: 89
Mon Mar 25 15:49:40 +03 2024: 
Mon Mar 25 15:49:40 +03 2024: [SIMWAVE MSG]:... t0=: 89
Mon Mar 25 15:49:40 +03 2024: 
Mon Mar 25 15:49:40 +03 2024: [SIMWAVE MSG]:... t0=: 89
Mon Mar 25 15:49:40 +03 2024: 
Mon Mar 25 15:49:40 +03 2024: WARNING: Could not set CPU Affinity (3 12 54)
Mon Mar 25 15:49:40 +03 2024: WARNING: Could not set CPU Affinity (3 13 55)
Mon Mar 25 15:49:40 +03 2024: WARNING: Could not set CPU Affinity (3 6 48)
Mon Mar 25 15:49:40 +03 2024: WARNING: Could not set CPU Affinity (3 7 49)
Mon Mar 25 15:49:40 +03 2024: WARNING: Could not set CPU Affinity (3 8 50)
Mon Mar 25 15:49:40 +03 2024: WARNING: Could not set CPU Affinity (3 11 53)
Mon Mar 25 15:49:40 +03 2024: WARNING: Could not set CPU Affinity (3 10 52)
Mon Mar 25 15:49:40 +03 2024: WARNING: Could not set CPU Affinity (3 9 51)
Mon Mar 25 15:49:40 +03 2024: [SIMWAVE MSG]:... t0=: 89
Mon Mar 25 15:49:40 +03 2024: 
Mon Mar 25 15:49:40 +03 2024: WARNING: Could not set CPU Affinity (3 8 50)
Mon Mar 25 15:49:40 +03 2024: WARNING: Could not set CPU Affinity (3 12 54)
Mon Mar 25 15:49:40 +03 2024: WARNING: Could not set CPU Affinity (3 9 51)
Mon Mar 25 15:49:40 +03 2024: WARNING: Could not set CPU Affinity (3 11 53)
Mon Mar 25 15:49:40 +03 2024: WARNING: Could not set CPU Affinity (3 13 55)
Mon Mar 25 15:49:40 +03 2024: WARNING: Could not set CPU Affinity (3 6 48)
Mon Mar 25 15:49:40 +03 2024: WARNING: Could not set CPU Affinity (3 10 52)
Mon Mar 25 15:49:40 +03 2024: WARNING: Could not set CPU Affinity (3 7 49)
Mon Mar 25 15:49:40 +03 2024: [SIMWAVE MSG]:... t0=: 89
Mon Mar 25 15:49:40 +03 2024: 
Mon Mar 25 15:49:40 +03 2024: WARNING: Could not set CPU Affinity (3 8 50)
Mon Mar 25 15:49:40 +03 2024: WARNING: Could not set CPU Affinity (3 6 48)
Mon Mar 25 15:49:41 +03 2024: WARNING: Could not set CPU Affinity (3 9 51)
Mon Mar 25 15:49:41 +03 2024: WARNING: Could not set CPU Affinity (3 7 49)
Mon Mar 25 15:49:41 +03 2024: WARNING: Could not set CPU Affinity (3 11 53)
Mon Mar 25 15:49:41 +03 2024: WARNING: Could not set CPU Affinity (3 10 52)
Mon Mar 25 15:49:41 +03 2024: WARNING: Could not set CPU Affinity (3 13 55)
Mon Mar 25 15:49:41 +03 2024: WARNING: Could not set CPU Affinity (3 12 54)
Mon Mar 25 15:49:41 +03 2024: WARNING: Could not set CPU Affinity (3 12 54)
Mon Mar 25 15:49:41 +03 2024: WARNING: Could not set CPU Affinity (3 13 55)
Mon Mar 25 15:49:41 +03 2024: WARNING: Could not set CPU Affinity (3 6 48)
Mon Mar 25 15:49:41 +03 2024: WARNING: Could not set CPU Affinity (3 8 50)
Mon Mar 25 15:49:41 +03 2024: WARNING: Could not set CPU Affinity (3 11 53)
Mon Mar 25 15:49:41 +03 2024: WARNING: Could not set CPU Affinity (3 9 51)
Mon Mar 25 15:49:41 +03 2024: WARNING: Could not set CPU Affinity (3 7 49)
Mon Mar 25 15:49:41 +03 2024: WARNING: Could not set CPU Affinity (3 10 52)
Mon Mar 25 15:49:41 +03 2024: [SIMWAVE MSG]:... t0=: 89
Mon Mar 25 15:49:41 +03 2024: 
Mon Mar 25 15:49:41 +03 2024: [SIMWAVE MSG]:... t0=: 89
Mon Mar 25 15:49:41 +03 2024: 
Mon Mar 25 15:49:41 +03 2024: [SIMWAVE MSG]:... t0=: 89
Mon Mar 25 15:49:41 +03 2024: 
Mon Mar 25 15:49:41 +03 2024: WARNING: Could not set CPU Affinity (3 8 50)
Mon Mar 25 15:49:41 +03 2024: WARNING: Could not set CPU Affinity (3 9 51)
Mon Mar 25 15:49:41 +03 2024: WARNING: Could not set CPU Affinity (3 11 53)
Mon Mar 25 15:49:41 +03 2024: WARNING: Could not set CPU Affinity (3 6 48)
Mon Mar 25 15:49:41 +03 2024: WARNING: Could not set CPU Affinity (3 12 54)
Mon Mar 25 15:49:41 +03 2024: WARNING: Could not set CPU Affinity (3 7 49)
Mon Mar 25 15:49:41 +03 2024: WARNING: Could not set CPU Affinity (3 13 55)
Mon Mar 25 15:49:41 +03 2024: WARNING: Could not set CPU Affinity (3 10 52)
Mon Mar 25 15:49:41 +03 2024: [SIMWAVE MSG]:... t0=: 89
Mon Mar 25 15:49:41 +03 2024: 
Mon Mar 25 15:49:41 +03 2024: WARNING: Could not set CPU Affinity (3 7 49)
Mon Mar 25 15:49:41 +03 2024: WARNING: Could not set CPU Affinity (3 12 54)
Mon Mar 25 15:49:41 +03 2024: WARNING: Could not set CPU Affinity (3 13 55)
Mon Mar 25 15:49:41 +03 2024: WARNING: Could not set CPU Affinity (3 6 48)
Mon Mar 25 15:49:41 +03 2024: WARNING: Could not set CPU Affinity (3 8 50)
Mon Mar 25 15:49:41 +03 2024: WARNING: Could not set CPU Affinity (3 11 53)
Mon Mar 25 15:49:41 +03 2024: WARNING: Could not set CPU Affinity (3 10 52)
Mon Mar 25 15:49:41 +03 2024: WARNING: Could not set CPU Affinity (3 9 51)
Mon Mar 25 15:49:41 +03 2024: WARNING: Could not set CPU Affinity (3 12 54)
Mon Mar 25 15:49:41 +03 2024: WARNING: Could not set CPU Affinity (3 8 50)
Mon Mar 25 15:49:41 +03 2024: WARNING: Could not set CPU Affinity (3 10 52)
Mon Mar 25 15:49:41 +03 2024: WARNING: Could not set CPU Affinity (3 11 53)
Mon Mar 25 15:49:41 +03 2024: WARNING: Could not set CPU Affinity (3 9 51)
Mon Mar 25 15:49:41 +03 2024: WARNING: Could not set CPU Affinity (3 7 49)
Mon Mar 25 15:49:41 +03 2024: WARNING: Could not set CPU Affinity (3 13 55)
Mon Mar 25 15:49:41 +03 2024: WARNING: Could not set CPU Affinity (3 6 48)
Mon Mar 25 15:49:41 +03 2024: [SIMWAVE MSG]:... t0=: 93
Mon Mar 25 15:49:41 +03 2024: 
Mon Mar 25 15:49:41 +03 2024: [SIMWAVE MSG]:... t0=: 93
Mon Mar 25 15:49:41 +03 2024: 
Mon Mar 25 15:49:41 +03 2024: [SIMWAVE MSG]:... t0=: 93
Mon Mar 25 15:49:41 +03 2024: 
Mon Mar 25 15:49:41 +03 2024: WARNING: Could not set CPU Affinity (3 8 50)
Mon Mar 25 15:49:41 +03 2024: WARNING: Could not set CPU Affinity (3 9 51)
Mon Mar 25 15:49:41 +03 2024: WARNING: Could not set CPU Affinity (3 6 48)
Mon Mar 25 15:49:41 +03 2024: WARNING: Could not set CPU Affinity (3 13 55)
Mon Mar 25 15:49:41 +03 2024: WARNING: Could not set CPU Affinity (3 12 54)
Mon Mar 25 15:49:41 +03 2024: WARNING: Could not set CPU Affinity (3 7 49)
Mon Mar 25 15:49:41 +03 2024: WARNING: Could not set CPU Affinity (3 11 53)
Mon Mar 25 15:49:41 +03 2024: WARNING: Could not set CPU Affinity (3 10 52)
Mon Mar 25 15:49:41 +03 2024: [SIMWAVE MSG]:... t0=: 93
Mon Mar 25 15:49:41 +03 2024: 
Mon Mar 25 15:49:41 +03 2024: WARNING: Could not set CPU Affinity (3 8 50)
Mon Mar 25 15:49:41 +03 2024: WARNING: Could not set CPU Affinity (3 10 52)
Mon Mar 25 15:49:41 +03 2024: WARNING: Could not set CPU Affinity (3 13 55)
Mon Mar 25 15:49:41 +03 2024: WARNING: Could not set CPU Affinity (3 7 49)
Mon Mar 25 15:49:41 +03 2024: WARNING: Could not set CPU Affinity (3 9 51)
Mon Mar 25 15:49:41 +03 2024: WARNING: Could not set CPU Affinity (3 11 53)
Mon Mar 25 15:49:41 +03 2024: WARNING: Could not set CPU Affinity (3 6 48)
Mon Mar 25 15:49:41 +03 2024: WARNING: Could not set CPU Affinity (3 12 54)
Mon Mar 25 15:49:41 +03 2024: WARNING: Could not set CPU Affinity (3 12 54)
Mon Mar 25 15:49:41 +03 2024: WARNING: Could not set CPU Affinity (3 8 50)
Mon Mar 25 15:49:41 +03 2024: WARNING: Could not set CPU Affinity (3 10 52)
Mon Mar 25 15:49:41 +03 2024: WARNING: Could not set CPU Affinity (3 11 53)
Mon Mar 25 15:49:41 +03 2024: WARNING: Could not set CPU Affinity (3 9 51)
Mon Mar 25 15:49:41 +03 2024: WARNING: Could not set CPU Affinity (3 13 55)
Mon Mar 25 15:49:41 +03 2024: WARNING: Could not set CPU Affinity (3 7 49)
Mon Mar 25 15:49:41 +03 2024: WARNING: Could not set CPU Affinity (3 6 48)
Mon Mar 25 15:49:41 +03 2024: [SIMWAVE MSG]:... t0=: 93
Mon Mar 25 15:49:41 +03 2024: 
Mon Mar 25 15:49:41 +03 2024: [SIMWAVE MSG]:... t0=: 93
Mon Mar 25 15:49:41 +03 2024: 
Mon Mar 25 15:49:41 +03 2024: [SIMWAVE MSG]:... t0=: 93
Mon Mar 25 15:49:41 +03 2024: 
Mon Mar 25 15:49:41 +03 2024: [SIMWAVE MSG]:... t0=: 93
Mon Mar 25 15:49:41 +03 2024: 
Mon Mar 25 15:49:41 +03 2024: [SIMWAVE MSG]:... t0=: 93
Mon Mar 25 15:49:41 +03 2024: 
Mon Mar 25 15:49:41 +03 2024: WARNING: Could not set CPU Affinity (3 8 50)
Mon Mar 25 15:49:41 +03 2024: WARNING: Could not set CPU Affinity (3 9 51)
Mon Mar 25 15:49:41 +03 2024: WARNING: Could not set CPU Affinity (3 6 48)
Mon Mar 25 15:49:41 +03 2024: WARNING: Could not set CPU Affinity (3 12 54)
Mon Mar 25 15:49:41 +03 2024: WARNING: Could not set CPU Affinity (3 7 49)
Mon Mar 25 15:49:41 +03 2024: WARNING: Could not set CPU Affinity (3 10 52)
Mon Mar 25 15:49:41 +03 2024: WARNING: Could not set CPU Affinity (3 11 53)
Mon Mar 25 15:49:41 +03 2024: WARNING: Could not set CPU Affinity (3 13 55)
Mon Mar 25 15:49:41 +03 2024: [SIMWAVE MSG]:... t0=: 93
Mon Mar 25 15:49:41 +03 2024: 
Mon Mar 25 15:49:41 +03 2024: WARNING: Could not set CPU Affinity (3 8 50)
Mon Mar 25 15:49:41 +03 2024: WARNING: Could not set CPU Affinity (3 10 52)
Mon Mar 25 15:49:41 +03 2024: WARNING: Could not set CPU Affinity (3 11 53)
Mon Mar 25 15:49:41 +03 2024: WARNING: Could not set CPU Affinity (3 9 51)
Mon Mar 25 15:49:41 +03 2024: WARNING: Could not set CPU Affinity (3 7 49)
Mon Mar 25 15:49:41 +03 2024: WARNING: Could not set CPU Affinity (3 6 48)
Mon Mar 25 15:49:41 +03 2024: WARNING: Could not set CPU Affinity (3 13 55)
Mon Mar 25 15:49:41 +03 2024: WARNING: Could not set CPU Affinity (3 12 54)
Mon Mar 25 15:49:41 +03 2024: [SIMWAVE MSG]:... t0=: 93
Mon Mar 25 15:49:41 +03 2024: 
Mon Mar 25 15:49:41 +03 2024: WARNING: Could not set CPU Affinity (3 12 54)
Mon Mar 25 15:49:41 +03 2024: WARNING: Could not set CPU Affinity (3 13 55)
Mon Mar 25 15:49:41 +03 2024: WARNING: Could not set CPU Affinity (3 6 48)
Mon Mar 25 15:49:41 +03 2024: WARNING: Could not set CPU Affinity (3 8 50)
Mon Mar 25 15:49:41 +03 2024: WARNING: Could not set CPU Affinity (3 11 53)
Mon Mar 25 15:49:41 +03 2024: WARNING: Could not set CPU Affinity (3 9 51)
Mon Mar 25 15:49:41 +03 2024: WARNING: Could not set CPU Affinity (3 7 49)
Mon Mar 25 15:49:41 +03 2024: WARNING: Could not set CPU Affinity (3 10 52)
Mon Mar 25 15:49:41 +03 2024: [SIMWAVE MSG]:... t0=: 93
Mon Mar 25 15:49:41 +03 2024: 
Mon Mar 25 15:49:41 +03 2024: [SIMWAVE MSG]:... t0=: 93
Mon Mar 25 15:49:41 +03 2024: 
Mon Mar 25 15:49:41 +03 2024: [SIMWAVE MSG]:... t0=: 93
Mon Mar 25 15:49:41 +03 2024: 
Mon Mar 25 15:49:41 +03 2024: [SIMWAVE MSG]:... t0=: 93
Mon Mar 25 15:49:41 +03 2024: 
Mon Mar 25 15:49:41 +03 2024: [SIMWAVE MSG]:... t0=: 93
Mon Mar 25 15:49:41 +03 2024: 
Mon Mar 25 15:49:41 +03 2024: WARNING: Could not set CPU Affinity (3 12 54)
Mon Mar 25 15:49:41 +03 2024: WARNING: Could not set CPU Affinity (3 6 48)
Mon Mar 25 15:49:41 +03 2024: WARNING: Could not set CPU Affinity (3 13 55)
Mon Mar 25 15:49:41 +03 2024: WARNING: Could not set CPU Affinity (3 9 51)
Mon Mar 25 15:49:41 +03 2024: WARNING: Could not set CPU Affinity (3 7 49)
Mon Mar 25 15:49:41 +03 2024: WARNING: Could not set CPU Affinity (3 11 53)
Mon Mar 25 15:49:41 +03 2024: WARNING: Could not set CPU Affinity (3 8 50)
Mon Mar 25 15:49:41 +03 2024: WARNING: Could not set CPU Affinity (3 10 52)
Mon Mar 25 15:49:41 +03 2024: [SIMWAVE MSG]:... t0=: 97
Mon Mar 25 15:49:41 +03 2024: 
Mon Mar 25 15:49:41 +03 2024: WARNING: Could not set CPU Affinity (3 8 50)
Mon Mar 25 15:49:41 +03 2024: WARNING: Could not set CPU Affinity (3 10 52)
Mon Mar 25 15:49:41 +03 2024: WARNING: Could not set CPU Affinity (3 12 54)
Mon Mar 25 15:49:41 +03 2024: WARNING: Could not set CPU Affinity (3 9 51)
Mon Mar 25 15:49:41 +03 2024: WARNING: Could not set CPU Affinity (3 13 55)
Mon Mar 25 15:49:41 +03 2024: WARNING: Could not set CPU Affinity (3 11 53)
Mon Mar 25 15:49:41 +03 2024: WARNING: Could not set CPU Affinity (3 7 49)
Mon Mar 25 15:49:41 +03 2024: WARNING: Could not set CPU Affinity (3 6 48)
Mon Mar 25 15:49:42 +03 2024: WARNING: Could not set CPU Affinity (3 7 49)
Mon Mar 25 15:49:42 +03 2024: WARNING: Could not set CPU Affinity (3 12 54)
Mon Mar 25 15:49:42 +03 2024: WARNING: Could not set CPU Affinity (3 13 55)
Mon Mar 25 15:49:42 +03 2024: WARNING: Could not set CPU Affinity (3 6 48)
Mon Mar 25 15:49:42 +03 2024: WARNING: Could not set CPU Affinity (3 8 50)
Mon Mar 25 15:49:42 +03 2024: WARNING: Could not set CPU Affinity (3 11 53)
Mon Mar 25 15:49:42 +03 2024: WARNING: Could not set CPU Affinity (3 10 52)
Mon Mar 25 15:49:42 +03 2024: WARNING: Could not set CPU Affinity (3 9 51)
Mon Mar 25 15:49:42 +03 2024: [SIMWAVE MSG]:... t0=: 97
Mon Mar 25 15:49:42 +03 2024: 
Mon Mar 25 15:49:42 +03 2024: [SIMWAVE MSG]:... t0=: 97
Mon Mar 25 15:49:42 +03 2024: 
Mon Mar 25 15:49:42 +03 2024: [SIMWAVE MSG]:... t0=: 97
Mon Mar 25 15:49:42 +03 2024: 
Mon Mar 25 15:49:42 +03 2024: [SIMWAVE MSG]:... t0=: 97
Mon Mar 25 15:49:42 +03 2024: 
Mon Mar 25 15:49:42 +03 2024: WARNING: Could not set CPU Affinity (3 8 50)
Mon Mar 25 15:49:42 +03 2024: WARNING: Could not set CPU Affinity (3 9 51)
Mon Mar 25 15:49:42 +03 2024: WARNING: Could not set CPU Affinity (3 11 53)
Mon Mar 25 15:49:42 +03 2024: WARNING: Could not set CPU Affinity (3 6 48)
Mon Mar 25 15:49:42 +03 2024: WARNING: Could not set CPU Affinity (3 12 54)
Mon Mar 25 15:49:42 +03 2024: WARNING: Could not set CPU Affinity (3 10 52)
Mon Mar 25 15:49:42 +03 2024: WARNING: Could not set CPU Affinity (3 13 55)
Mon Mar 25 15:49:42 +03 2024: WARNING: Could not set CPU Affinity (3 7 49)
Mon Mar 25 15:49:42 +03 2024: [SIMWAVE MSG]:... t0=: 97
Mon Mar 25 15:49:42 +03 2024: 
Mon Mar 25 15:49:42 +03 2024: WARNING: Could not set CPU Affinity (3 12 54)
Mon Mar 25 15:49:42 +03 2024: WARNING: Could not set CPU Affinity (3 13 55)
Mon Mar 25 15:49:42 +03 2024: WARNING: Could not set CPU Affinity (3 8 50)
Mon Mar 25 15:49:42 +03 2024: WARNING: Could not set CPU Affinity (3 10 52)
Mon Mar 25 15:49:42 +03 2024: WARNING: Could not set CPU Affinity (3 11 53)
Mon Mar 25 15:49:42 +03 2024: WARNING: Could not set CPU Affinity (3 9 51)
Mon Mar 25 15:49:42 +03 2024: WARNING: Could not set CPU Affinity (3 6 48)
Mon Mar 25 15:49:42 +03 2024: WARNING: Could not set CPU Affinity (3 7 49)
Mon Mar 25 15:49:42 +03 2024: WARNING: Could not set CPU Affinity (3 13 55)
Mon Mar 25 15:49:42 +03 2024: WARNING: Could not set CPU Affinity (3 8 50)
Mon Mar 25 15:49:42 +03 2024: WARNING: Could not set CPU Affinity (3 10 52)
Mon Mar 25 15:49:42 +03 2024: WARNING: Could not set CPU Affinity (3 9 51)
Mon Mar 25 15:49:42 +03 2024: WARNING: Could not set CPU Affinity (3 6 48)
Mon Mar 25 15:49:42 +03 2024: WARNING: Could not set CPU Affinity (3 12 54)
Mon Mar 25 15:49:42 +03 2024: WARNING: Could not set CPU Affinity (3 7 49)
Mon Mar 25 15:49:42 +03 2024: WARNING: Could not set CPU Affinity (3 11 53)
Mon Mar 25 15:49:42 +03 2024: [SIMWAVE MSG]:... t0=: 97
Mon Mar 25 15:49:42 +03 2024: 
Mon Mar 25 15:49:42 +03 2024: [SIMWAVE MSG]:... t0=: 97
Mon Mar 25 15:49:42 +03 2024: 
Mon Mar 25 15:49:42 +03 2024: [SIMWAVE MSG]:... t0=: 97
Mon Mar 25 15:49:42 +03 2024: 
Mon Mar 25 15:49:42 +03 2024: WARNING: Could not set CPU Affinity (3 12 54)
Mon Mar 25 15:49:42 +03 2024: WARNING: Could not set CPU Affinity (3 6 48)
Mon Mar 25 15:49:42 +03 2024: WARNING: Could not set CPU Affinity (3 10 52)
Mon Mar 25 15:49:42 +03 2024: WARNING: Could not set CPU Affinity (3 9 51)
Mon Mar 25 15:49:42 +03 2024: WARNING: Could not set CPU Affinity (3 11 53)
Mon Mar 25 15:49:42 +03 2024: WARNING: Could not set CPU Affinity (3 7 49)
Mon Mar 25 15:49:42 +03 2024: WARNING: Could not set CPU Affinity (3 13 55)
Mon Mar 25 15:49:42 +03 2024: WARNING: Could not set CPU Affinity (3 8 50)
Mon Mar 25 15:49:42 +03 2024: [SIMWAVE MSG]:... t0=: 97
Mon Mar 25 15:49:42 +03 2024: 
Mon Mar 25 15:49:42 +03 2024: [SIMWAVE MSG]:... t0=: 97
Mon Mar 25 15:49:42 +03 2024: 
Mon Mar 25 15:49:42 +03 2024: [SIMWAVE MSG]:... t0=: 97
Mon Mar 25 15:49:42 +03 2024: 
Mon Mar 25 15:49:42 +03 2024: [SIMWAVE MSG]:... t0=: 97
Mon Mar 25 15:49:42 +03 2024: 
Mon Mar 25 15:49:42 +03 2024: WARNING: Could not set CPU Affinity (3 12 54)
Mon Mar 25 15:49:42 +03 2024: WARNING: Could not set CPU Affinity (3 8 50)
Mon Mar 25 15:49:42 +03 2024: WARNING: Could not set CPU Affinity (3 10 52)
Mon Mar 25 15:49:42 +03 2024: WARNING: Could not set CPU Affinity (3 9 51)
Mon Mar 25 15:49:42 +03 2024: WARNING: Could not set CPU Affinity (3 11 53)
Mon Mar 25 15:49:42 +03 2024: WARNING: Could not set CPU Affinity (3 6 48)
Mon Mar 25 15:49:42 +03 2024: WARNING: Could not set CPU Affinity (3 7 49)
Mon Mar 25 15:49:42 +03 2024: WARNING: Could not set CPU Affinity (3 13 55)
Mon Mar 25 15:49:42 +03 2024: WARNING: Could not set CPU Affinity (3 8 50)
Mon Mar 25 15:49:42 +03 2024: WARNING: Could not set CPU Affinity (3 10 52)
Mon Mar 25 15:49:42 +03 2024: WARNING: Could not set CPU Affinity (3 12 54)
Mon Mar 25 15:49:42 +03 2024: WARNING: Could not set CPU Affinity (3 11 53)
Mon Mar 25 15:49:42 +03 2024: WARNING: Could not set CPU Affinity (3 7 49)
Mon Mar 25 15:49:42 +03 2024: WARNING: Could not set CPU Affinity (3 9 51)
Mon Mar 25 15:49:42 +03 2024: WARNING: Could not set CPU Affinity (3 6 48)
Mon Mar 25 15:49:42 +03 2024: WARNING: Could not set CPU Affinity (3 13 55)
Mon Mar 25 15:49:42 +03 2024: [SIMWAVE MSG]:... t0=: 97
Mon Mar 25 15:49:42 +03 2024: 
Mon Mar 25 15:49:42 +03 2024: [SIMWAVE MSG]:... t0=: 97
Mon Mar 25 15:49:42 +03 2024: 
Mon Mar 25 15:49:42 +03 2024: WARNING: Could not set CPU Affinity (3 8 50)
Mon Mar 25 15:49:42 +03 2024: WARNING: Could not set CPU Affinity (3 11 53)
Mon Mar 25 15:49:42 +03 2024: WARNING: Could not set CPU Affinity (3 13 55)
Mon Mar 25 15:49:42 +03 2024: WARNING: Could not set CPU Affinity (3 10 52)
Mon Mar 25 15:49:42 +03 2024: WARNING: Could not set CPU Affinity (3 7 49)
Mon Mar 25 15:49:42 +03 2024: WARNING: Could not set CPU Affinity (3 6 48)
Mon Mar 25 15:49:42 +03 2024: WARNING: Could not set CPU Affinity (3 9 51)
Mon Mar 25 15:49:42 +03 2024: WARNING: Could not set CPU Affinity (3 12 54)
Mon Mar 25 15:49:42 +03 2024: [SIMWAVE MSG]:... t0=: 97
Mon Mar 25 15:49:42 +03 2024: 
Mon Mar 25 15:49:42 +03 2024: WARNING: Could not set CPU Affinity (3 8 50)
Mon Mar 25 15:49:42 +03 2024: WARNING: Could not set CPU Affinity (3 10 52)
Mon Mar 25 15:49:42 +03 2024: WARNING: Could not set CPU Affinity (3 12 54)
Mon Mar 25 15:49:42 +03 2024: WARNING: Could not set CPU Affinity (3 6 48)
Mon Mar 25 15:49:42 +03 2024: WARNING: Could not set CPU Affinity (3 7 49)
Mon Mar 25 15:49:42 +03 2024: WARNING: Could not set CPU Affinity (3 11 53)
Mon Mar 25 15:49:42 +03 2024: WARNING: Could not set CPU Affinity (3 13 55)
Mon Mar 25 15:49:42 +03 2024: WARNING: Could not set CPU Affinity (3 9 51)
Mon Mar 25 15:49:42 +03 2024: WARNING: Could not set CPU Affinity (3 8 50)
Mon Mar 25 15:49:42 +03 2024: WARNING: Could not set CPU Affinity (3 9 51)
Mon Mar 25 15:49:42 +03 2024: WARNING: Could not set CPU Affinity (3 6 48)
Mon Mar 25 15:49:42 +03 2024: WARNING: Could not set CPU Affinity (3 11 53)
Mon Mar 25 15:49:42 +03 2024: WARNING: Could not set CPU Affinity (3 7 49)
Mon Mar 25 15:49:42 +03 2024: WARNING: Could not set CPU Affinity (3 10 52)
Mon Mar 25 15:49:42 +03 2024: WARNING: Could not set CPU Affinity (3 13 55)
Mon Mar 25 15:49:42 +03 2024: WARNING: Could not set CPU Affinity (3 12 54)
Mon Mar 25 15:49:42 +03 2024: [SIMWAVE MSG]:... t0=: 97
Mon Mar 25 15:49:42 +03 2024: 
Mon Mar 25 15:49:42 +03 2024: WARNING: Could not set CPU Affinity (3 12 54)
Mon Mar 25 15:49:42 +03 2024: WARNING: Could not set CPU Affinity (3 13 55)
Mon Mar 25 15:49:42 +03 2024: WARNING: Could not set CPU Affinity (3 7 49)
Mon Mar 25 15:49:42 +03 2024: WARNING: Could not set CPU Affinity (3 6 48)
Mon Mar 25 15:49:42 +03 2024: WARNING: Could not set CPU Affinity (3 8 50)
Mon Mar 25 15:49:42 +03 2024: WARNING: Could not set CPU Affinity (3 10 52)
Mon Mar 25 15:49:42 +03 2024: WARNING: Could not set CPU Affinity (3 11 53)
Mon Mar 25 15:49:42 +03 2024: WARNING: Could not set CPU Affinity (3 9 51)
Mon Mar 25 15:49:42 +03 2024: WARNING: Could not set CPU Affinity (3 12 54)
Mon Mar 25 15:49:42 +03 2024: WARNING: Could not set CPU Affinity (3 11 53)
Mon Mar 25 15:49:42 +03 2024: WARNING: Could not set CPU Affinity (3 8 50)
Mon Mar 25 15:49:42 +03 2024: WARNING: Could not set CPU Affinity (3 10 52)
Mon Mar 25 15:49:42 +03 2024: WARNING: Could not set CPU Affinity (3 6 48)
Mon Mar 25 15:49:42 +03 2024: WARNING: Could not set CPU Affinity (3 9 51)
Mon Mar 25 15:49:42 +03 2024: WARNING: Could not set CPU Affinity (3 7 49)
Mon Mar 25 15:49:42 +03 2024: WARNING: Could not set CPU Affinity (3 13 55)
Mon Mar 25 15:49:42 +03 2024: WARNING: Could not set CPU Affinity (3 12 54)
Mon Mar 25 15:49:42 +03 2024: WARNING: Could not set CPU Affinity (3 10 52)
Mon Mar 25 15:49:42 +03 2024: WARNING: Could not set CPU Affinity (3 11 53)
Mon Mar 25 15:49:42 +03 2024: WARNING: Could not set CPU Affinity (3 9 51)
Mon Mar 25 15:49:42 +03 2024: WARNING: Could not set CPU Affinity (3 13 55)
Mon Mar 25 15:49:42 +03 2024: WARNING: Could not set CPU Affinity (3 6 48)
Mon Mar 25 15:49:42 +03 2024: WARNING: Could not set CPU Affinity (3 7 49)
Mon Mar 25 15:49:42 +03 2024: WARNING: Could not set CPU Affinity (3 8 50)
Mon Mar 25 15:49:42 +03 2024: WARNING: Could not set CPU Affinity (3 8 50)
Mon Mar 25 15:49:42 +03 2024: WARNING: Could not set CPU Affinity (3 9 51)
Mon Mar 25 15:49:42 +03 2024: WARNING: Could not set CPU Affinity (3 6 48)
Mon Mar 25 15:49:42 +03 2024: WARNING: Could not set CPU Affinity (3 13 55)
Mon Mar 25 15:49:42 +03 2024: WARNING: Could not set CPU Affinity (3 10 52)
Mon Mar 25 15:49:42 +03 2024: WARNING: Could not set CPU Affinity (3 12 54)
Mon Mar 25 15:49:42 +03 2024: WARNING: Could not set CPU Affinity (3 11 53)
Mon Mar 25 15:49:42 +03 2024: WARNING: Could not set CPU Affinity (3 7 49)
Mon Mar 25 15:49:42 +03 2024: WARNING: Could not set CPU Affinity (3 9 51)
Mon Mar 25 15:49:42 +03 2024: WARNING: Could not set CPU Affinity (3 10 52)
Mon Mar 25 15:49:43 +03 2024: WARNING: Could not set CPU Affinity (3 11 53)
Mon Mar 25 15:49:43 +03 2024: WARNING: Could not set CPU Affinity (3 8 50)
Mon Mar 25 15:49:43 +03 2024: WARNING: Could not set CPU Affinity (3 12 54)
Mon Mar 25 15:49:43 +03 2024: WARNING: Could not set CPU Affinity (3 13 55)
Mon Mar 25 15:49:43 +03 2024: WARNING: Could not set CPU Affinity (3 7 49)
Mon Mar 25 15:49:43 +03 2024: WARNING: Could not set CPU Affinity (3 6 48)
Mon Mar 25 15:49:43 +03 2024: WARNING: Could not set CPU Affinity (3 13 55)
Mon Mar 25 15:49:43 +03 2024: WARNING: Could not set CPU Affinity (3 12 54)
Mon Mar 25 15:49:43 +03 2024: WARNING: Could not set CPU Affinity (3 10 52)
Mon Mar 25 15:49:43 +03 2024: WARNING: Could not set CPU Affinity (3 11 53)
Mon Mar 25 15:49:43 +03 2024: WARNING: Could not set CPU Affinity (3 6 48)
Mon Mar 25 15:49:43 +03 2024: WARNING: Could not set CPU Affinity (3 7 49)
Mon Mar 25 15:49:43 +03 2024: WARNING: Could not set CPU Affinity (3 8 50)
Mon Mar 25 15:49:43 +03 2024: WARNING: Could not set CPU Affinity (3 9 51)
Mon Mar 25 15:49:43 +03 2024: WARNING: Could not set CPU Affinity (3 12 54)
Mon Mar 25 15:49:43 +03 2024: WARNING: Could not set CPU Affinity (3 6 48)
Mon Mar 25 15:49:43 +03 2024: WARNING: Could not set CPU Affinity (3 7 49)
Mon Mar 25 15:49:43 +03 2024: WARNING: Could not set CPU Affinity (3 13 55)
Mon Mar 25 15:49:43 +03 2024: WARNING: Could not set CPU Affinity (3 8 50)
Mon Mar 25 15:49:43 +03 2024: WARNING: Could not set CPU Affinity (3 10 52)
Mon Mar 25 15:49:43 +03 2024: WARNING: Could not set CPU Affinity (3 11 53)
Mon Mar 25 15:49:43 +03 2024: WARNING: Could not set CPU Affinity (3 9 51)
Mon Mar 25 15:49:43 +03 2024: [SIMWAVE MSG]:inside wave_tb_save_lastshot
Mon Mar 25 15:49:43 +03 2024: [SIMWAVE MSG]:... saving last snapshot (size 140608000)
Mon Mar 25 15:49:43 +03 2024: [SIMWAVE MSG]:... saving last snapshot (size 140608000)
Mon Mar 25 15:49:43 +03 2024: [SIMWAVE MSG]:
Mon Mar 25 15:49:43 +03 2024: [SIMWAVE MSG]:-------------------------------------------
Mon Mar 25 15:49:43 +03 2024: [SIMWAVE MSG]:Global info:
Mon Mar 25 15:49:43 +03 2024: [SIMWAVE MSG]:Total:        12.706458 (s) -100.00%
Mon Mar 25 15:49:43 +03 2024: [SIMWAVE MSG]:mainloop:     11.835647 (s) -093.15%
Mon Mar 25 15:49:43 +03 2024: [SIMWAVE MSG]:pro/epilogue: 0.870811 (s) -006.85%
Mon Mar 25 15:49:43 +03 2024: [SIMWAVE MSG]:-------------------------------------------
Mon Mar 25 15:49:43 +03 2024: [SIMWAVE MSG]:Speed info:
Mon Mar 25 15:49:43 +03 2024: [SIMWAVE MSG]:Total: 1098.547151 Mstencils/s
Mon Mar 25 15:49:43 +03 2024: [SIMWAVE MSG]:Main:  1134.012582 Mstencils/s
Mon Mar 25 15:49:43 +03 2024: [SIMWAVE MSG]:-------------------------------------------
Mon Mar 25 15:49:43 +03 2024: [SIMWAVE MSG]:Wavefront info:
Mon Mar 25 15:49:43 +03 2024: Metric  core:                  core 00    core 01    core 02    core 03    core 04    core 05    core 06    core 07    core 08    core 09    core 10    core 11    core 12    core 13    core 14    core 15    core 16    core 17    core 18    core 19    core 20    core 21    core 22    core 23    core 24    core 25    core 26    core 27    core 28    core 29    core 30    core 31    core 32    core 33    core 34    core 35    core 36    core 37    core 38    core 39    core 40    core 41    core 42    core 43    core 44    core 45    core 46    core 47    core 48    core 49    core 50    core 51    core 52    core 53    core 54    core 55
Mon Mar 25 15:49:43 +03 2024: Wavefront synchronization [s]:  2.427e+00  2.346e+00  2.725e+00  2.747e+00  2.935e+00  2.994e+00  2.908e+00  2.982e+00  2.718e+00  2.780e+00  2.386e+00  2.534e+00  1.783e+00  2.111e+00  2.779e+00  2.879e+00  3.145e+00  3.176e+00  3.259e+00  3.266e+00  3.230e+00  3.427e+00  2.989e+00  3.020e+00  2.870e+00  2.854e+00  2.800e+00  2.842e+00  2.577e+00  2.579e+00  2.898e+00  2.931e+00  2.939e+00  2.954e+00  2.702e+00  2.673e+00  2.502e+00  2.585e+00  2.763e+00  2.478e+00  2.558e+00  2.592e+00  3.164e+00  3.226e+00  3.225e+00  3.375e+00  3.267e+00  3.384e+00  3.310e+00  3.435e+00  3.353e+00  3.471e+00  3.369e+00  3.413e+00  3.343e+00  3.417e+00
Mon Mar 25 15:49:43 +03 2024: Wavefront synchronization [%]:  19.10      18.46      21.45      21.62      23.10      23.56      22.89      23.47      21.39      21.88      18.78      19.94      14.03      16.61      21.87      22.66      24.75      24.99      25.65      25.71      25.42      26.97      23.52      23.77      22.59      22.46      22.03      22.37      20.28      20.29      22.81      23.06      23.13      23.25      21.27      21.04      19.69      20.34      21.74      19.50      20.13      20.40      24.90      25.39      25.38      26.56      25.71      26.63      26.05      27.04      26.39      27.32      26.51      26.86      26.31      26.90
Mon Mar 25 15:49:43 +03 2024: Metric  thread group:       group 00   group 01   group 02   group 03
Mon Mar 25 15:49:43 +03 2024: Wavefront steady state [s]:  4.778e+00  4.880e+00  4.865e+00  6.466e+00
Mon Mar 25 15:49:43 +03 2024: Wavefront steady state [%]:  37.60      38.41      38.29      50.88
Mon Mar 25 15:49:43 +03 2024: Wavefront startup/end [s]:   5.821e-01  5.709e-01  5.209e-01  5.608e+00
Mon Mar 25 15:49:43 +03 2024: Wavefront startup/end [%]:   04.58      04.49      04.10      44.14
Mon Mar 25 15:49:43 +03 2024: Wavefront I/O [s]:           0.000e+00  0.000e+00  0.000e+00  0.000e+00
Mon Mar 25 15:49:43 +03 2024: Wavefront I/O [%]:           00.00      00.00      00.00      00.00
Mon Mar 25 15:49:43 +03 2024: Wavefront others [s]:        7.347e+00  7.256e+00  7.321e+00  6.324e-01
Mon Mar 25 15:49:43 +03 2024: Wavefront others [%]:        57.82      57.10      57.61      04.98
Mon Mar 25 15:49:43 +03 2024: Group spin-wait [s]:         8.103e-06  7.058e-06  7.957e-06  8.523e-06
Mon Mar 25 15:49:43 +03 2024: Group spin-wait [%]:         00.00      00.00      00.00      00.00
Mon Mar 25 15:49:43 +03 2024: Resolved diamonds:           1.125e+02  9.450e+01  1.020e+02  9.100e+01
Mon Mar 25 15:49:43 +03 2024: [SIMWAVE MSG]:-------------------------------------------
Mon Mar 25 15:49:43 +03 2024: sismos size is 1082016
Mon Mar 25 15:49:43 +03 2024: [SIMWAVE MSG]: s->sx, 4
Mon Mar 25 15:49:43 +03 2024: 
Mon Mar 25 15:49:43 +03 2024: [SIMWAVE MSG]: s->sy, 4
Mon Mar 25 15:49:43 +03 2024: 
Mon Mar 25 15:49:43 +03 2024: [SIMWAVE MSG]: s->sz, 4
Mon Mar 25 15:49:43 +03 2024: 
Mon Mar 25 15:49:43 +03 2024: [SIMWAVE MSG]:END
Mon Mar 25 15:49:43 +03 2024: 
Mon Mar 25 15:49:43 +03 2024: mv: cannot stat 'TB-snapshot_final': No such file or directory
Mon Mar 25 15:49:43 +03 2024: rm: cannot remove 'lastshot_u1': No such file or directory
