The system is: Linux - 5.15.0-179-generic - x86_64
Compiling the C compiler identification source file "CMakeCCompilerId.c" succeeded.
Compiler: /sw/workstations/apps/linux-ubuntu22.04-ivybridge/intel-oneapi-compilers/2022.2.1/gcc-11.3.0/k2f52ijqkzvd4hct7ccykcnys7eym6t3/compiler/2022.2.1/linux/bin/icx 
Build flags: -march=znver2;-mtune=znver2;-O3;-ffast-math;-qopenmp;-mprefer-vector-width=256;-qopt-report=5;-qopt-report-phase=vec
Id flags:  

The output was:
0
icx: command line warning #10430: Unsupported command line options encountered
These options as listed are not supported.
For more information, use '-qnextgen-diag'.
option list: 
	-qopt-report-phase=vec
icx: warning: argument unused during compilation: '-qopt-report=5' [-Wunused-command-line-argument]


Compilation of the C compiler identification source "CMakeCCompilerId.c" produced "CMakeCCompilerId.opt.yaml"

Compilation of the C compiler identification source "CMakeCCompilerId.c" produced "a.out"

The C compiler identification is IntelLLVM, found in "/media/x_plotnips/sdd1/Dropbox/PhD_proposal/work_with_david/Exawave_3_handover/panzer_repo/CMakeFiles/3.24.3/CompilerIdC/a.out"

Detecting C compiler ABI info compiled with the following output:
Change Dir: /media/x_plotnips/sdd1/Dropbox/PhD_proposal/work_with_david/Exawave_3_handover/panzer_repo/CMakeFiles/CMakeTmp

Run Build Command(s):/usr/bin/gmake -f Makefile cmTC_1e9d2/fast && /usr/bin/gmake  -f CMakeFiles/cmTC_1e9d2.dir/build.make CMakeFiles/cmTC_1e9d2.dir/build
gmake[1]: Entering directory '/media/x_plotnips/sdd1/Dropbox/PhD_proposal/work_with_david/Exawave_3_handover/panzer_repo/CMakeFiles/CMakeTmp'
Building C object CMakeFiles/cmTC_1e9d2.dir/CMakeCCompilerABI.c.o
/sw/workstations/apps/linux-ubuntu22.04-ivybridge/intel-oneapi-compilers/2022.2.1/gcc-11.3.0/k2f52ijqkzvd4hct7ccykcnys7eym6t3/compiler/2022.2.1/linux/bin/icx   -march=znver2 -mtune=znver2 -O3 -ffast-math -qopenmp -mprefer-vector-width=256 -qopt-report=5 -qopt-report-phase=vec    -v -MD -MT CMakeFiles/cmTC_1e9d2.dir/CMakeCCompilerABI.c.o -MF CMakeFiles/cmTC_1e9d2.dir/CMakeCCompilerABI.c.o.d -o CMakeFiles/cmTC_1e9d2.dir/CMakeCCompilerABI.c.o -c /sw/workstations/apps/linux-ubuntu22.04-ivybridge/cmake/3.24.3/gcc-11.3.0/im6us5w327xiszfjh37fer4odzrpsbgr/share/cmake-3.24/Modules/CMakeCCompilerABI.c
icx: command line warning #10430: Unsupported command line options encountered
These options as listed are not supported.
For more information, use '-qnextgen-diag'.
option list: 
	-qopt-report-phase=vec
Intel(R) oneAPI DPC++/C++ Compiler 2022.2.1 (2022.2.1.20221020)
Target: x86_64-unknown-linux-gnu
Thread model: posix
InstalledDir: /sw/workstations/apps/linux-ubuntu22.04-ivybridge/intel-oneapi-compilers/2022.2.1/gcc-11.3.0/k2f52ijqkzvd4hct7ccykcnys7eym6t3/compiler/2022.2.1/linux/bin-llvm
Configuration file: /sw/workstations/apps/linux-ubuntu22.04-ivybridge/intel-oneapi-compilers/2022.2.1/gcc-11.3.0/k2f52ijqkzvd4hct7ccykcnys7eym6t3/compiler/2022.2.1/linux/bin/icx.cfg
Found candidate GCC installation: /usr/lib/gcc/x86_64-linux-gnu/11
Found candidate GCC installation: /usr/lib/gcc/x86_64-linux-gnu/12
Selected GCC installation: /usr/lib/gcc/x86_64-linux-gnu/12
Candidate multilib: .;@m64
Selected multilib: .;@m64
icx: warning: argument unused during compilation: '-qopt-report=5' [-Wunused-command-line-argument]
 (in-process)
 "/sw/workstations/apps/linux-ubuntu22.04-ivybridge/intel-oneapi-compilers/2022.2.1/gcc-11.3.0/k2f52ijqkzvd4hct7ccykcnys7eym6t3/compiler/2022.2.1/linux/bin-llvm/clang" -cc1 -triple x86_64-unknown-linux-gnu -emit-obj --mrelax-relocations -disable-free -clear-ast-before-backend -disable-llvm-verifier -discard-value-names -main-file-name CMakeCCompilerABI.c -mrelocation-model static -fveclib=SVML -mframe-pointer=none -menable-no-infs -menable-no-nans -fapprox-func -menable-unsafe-fp-math -fno-signed-zeros -mreassociate -freciprocal-math -fdenormal-fp-math=preserve-sign,preserve-sign -ffp-contract=fast -fno-rounding-math -ffast-math -ffinite-math-only -mconstructor-aliases -funwind-tables=2 -target-cpu znver2 -mllvm -x86-enable-unaligned-vector-move=true -tune-cpu znver2 -mllvm -treat-scalable-fixed-error-as-warning -debug-info-kind=line-tables-only -debugger-tuning=gdb -v -fcoverage-compilation-dir=/media/x_plotnips/sdd1/Dropbox/PhD_proposal/work_with_david/Exawave_3_handover/panzer_repo/CMakeFiles/CMakeTmp -resource-dir /sw/workstations/apps/linux-ubuntu22.04-ivybridge/intel-oneapi-compilers/2022.2.1/gcc-11.3.0/k2f52ijqkzvd4hct7ccykcnys7eym6t3/compiler/2022.2.1/linux/lib/clang/15.0.0 -dependency-file CMakeFiles/cmTC_1e9d2.dir/CMakeCCompilerABI.c.o.d -MT CMakeFiles/cmTC_1e9d2.dir/CMakeCCompilerABI.c.o -sys-header-deps -internal-isystem /sw/workstations/apps/linux-ubuntu22.04-ivybridge/intel-oneapi-compilers/2022.2.1/gcc-11.3.0/k2f52ijqkzvd4hct7ccykcnys7eym6t3/compiler/2022.2.1/linux/bin-llvm/../compiler/include -internal-isystem /sw/workstations/apps/linux-ubuntu22.04-ivybridge/intel-oneapi-compilers/2022.2.1/gcc-11.3.0/k2f52ijqkzvd4hct7ccykcnys7eym6t3/compiler/2022.2.1/linux/lib/clang/15.0.0/include -internal-isystem /usr/local/include -internal-isystem /usr/lib/gcc/x86_64-linux-gnu/12/../../../../x86_64-linux-gnu/include -internal-externc-isystem /usr/include/x86_64-linux-gnu -internal-externc-isystem /include -internal-externc-isystem /usr/include -O3 -fdebug-compilation-dir=/media/x_plotnips/sdd1/Dropbox/PhD_proposal/work_with_david/Exawave_3_handover/panzer_repo/CMakeFiles/CMakeTmp -ferror-limit 19 -fheinous-gnu-extensions -fopenmp-late-outline -fopenmp-threadprivate-legacy -fopenmp -fgnuc-version=4.2.1 -mllvm -enable-gvn-hoist -vectorize-loops -vectorize-slp -mprefer-vector-width=256 -opt-record-file CMakeFiles/cmTC_1e9d2.dir/CMakeCCompilerABI.c.opt.yaml -opt-record-format yaml -dwarf-debug-flags " -Wl,-rpath,/sw/workstations/apps/linux-ubuntu22.04-ivybridge/intel-oneapi-compilers/2022.2.1/gcc-11.3.0/k2f52ijqkzvd4hct7ccykcnys7eym6t3/compiler/2022.2.1/linux/lib -Wl,-rpath,/sw/workstations/apps/linux-ubuntu22.04-ivybridge/intel-oneapi-compilers/2022.2.1/gcc-11.3.0/k2f52ijqkzvd4hct7ccykcnys7eym6t3/compiler/2022.2.1/linux/lib/x64 -Wl,-rpath,/sw/workstations/apps/linux-ubuntu22.04-ivybridge/intel-oneapi-compilers/2022.2.1/gcc-11.3.0/k2f52ijqkzvd4hct7ccykcnys7eym6t3/compiler/2022.2.1/linux/lib/oclfpga/host/linux64/lib -Wl,-rpath,/sw/workstations/apps/linux-ubuntu22.04-ivybridge/intel-oneapi-compilers/2022.2.1/gcc-11.3.0/k2f52ijqkzvd4hct7ccykcnys7eym6t3/compiler/2022.2.1/linux/lib/oclfpga/linux64/lib -Wl,-rpath,/sw/workstations/apps/linux-ubuntu22.04-ivybridge/intel-oneapi-compilers/2022.2.1/gcc-11.3.0/k2f52ijqkzvd4hct7ccykcnys7eym6t3/compiler/2022.2.1/linux/compiler/lib/intel64_lin --gcc-toolchain=/usr --intel -march=znver2 -mtune=znver2 -O3 -ffast-math -fiopenmp -mprefer-vector-width=256 -qopt-report=5 -v -MD -MT CMakeFiles/cmTC_1e9d2.dir/CMakeCCompilerABI.c.o -MF CMakeFiles/cmTC_1e9d2.dir/CMakeCCompilerABI.c.o.d -o CMakeFiles/cmTC_1e9d2.dir/CMakeCCompilerABI.c.o -c /sw/workstations/apps/linux-ubuntu22.04-ivybridge/cmake/3.24.3/gcc-11.3.0/im6us5w327xiszfjh37fer4odzrpsbgr/share/cmake-3.24/Modules/CMakeCCompilerABI.c -fveclib=SVML -fheinous-gnu-extensions" -mllvm -paropt=31 -D__GCC_HAVE_DWARF2_CFI_ASM=1 -fintel-compatibility -fintel-libirc-allowed -mllvm -disable-hir-generate-mkl-call -mllvm -loopopt=1 -floopopt-pipeline=light -mllvm -intel-abi-compatible=true -o CMakeFiles/cmTC_1e9d2.dir/CMakeCCompilerABI.c.o -x c /sw/workstations/apps/linux-ubuntu22.04-ivybridge/cmake/3.24.3/gcc-11.3.0/im6us5w327xiszfjh37fer4odzrpsbgr/share/cmake-3.24/Modules/CMakeCCompilerABI.c
clang -cc1 version 15.0.0 based upon LLVM 15.0.0git default target x86_64-unknown-linux-gnu
ignoring nonexistent directory "/usr/lib/gcc/x86_64-linux-gnu/12/../../../../x86_64-linux-gnu/include"
ignoring nonexistent directory "/include"
#include "..." search starts here:
#include <...> search starts here:
 /sw/workstations/apps/linux-ubuntu22.04-ivybridge/intel-oneapi-compilers/2022.2.1/gcc-11.3.0/k2f52ijqkzvd4hct7ccykcnys7eym6t3/compiler/2022.2.1/linux/bin-llvm/../compiler/include
 /sw/workstations/apps/linux-ubuntu22.04-ivybridge/intel-oneapi-compilers/2022.2.1/gcc-11.3.0/k2f52ijqkzvd4hct7ccykcnys7eym6t3/compiler/2022.2.1/linux/lib/clang/15.0.0/include
 /usr/local/include
 /usr/include/x86_64-linux-gnu
 /usr/include
End of search list.
Linking C executable cmTC_1e9d2
/sw/workstations/apps/linux-ubuntu22.04-ivybridge/cmake/3.24.3/gcc-11.3.0/im6us5w327xiszfjh37fer4odzrpsbgr/bin/cmake -E cmake_link_script CMakeFiles/cmTC_1e9d2.dir/link.txt --verbose=1
/sw/workstations/apps/linux-ubuntu22.04-ivybridge/intel-oneapi-compilers/2022.2.1/gcc-11.3.0/k2f52ijqkzvd4hct7ccykcnys7eym6t3/compiler/2022.2.1/linux/bin/icx -march=znver2 -mtune=znver2 -O3 -ffast-math -qopenmp -mprefer-vector-width=256 -qopt-report=5 -qopt-report-phase=vec   -v CMakeFiles/cmTC_1e9d2.dir/CMakeCCompilerABI.c.o -o cmTC_1e9d2 
icx: command line warning #10430: Unsupported command line options encountered
These options as listed are not supported.
For more information, use '-qnextgen-diag'.
option list: 
	-qopt-report-phase=vec
Intel(R) oneAPI DPC++/C++ Compiler 2022.2.1 (2022.2.1.20221020)
Target: x86_64-unknown-linux-gnu
Thread model: posix
InstalledDir: /sw/workstations/apps/linux-ubuntu22.04-ivybridge/intel-oneapi-compilers/2022.2.1/gcc-11.3.0/k2f52ijqkzvd4hct7ccykcnys7eym6t3/compiler/2022.2.1/linux/bin-llvm
Configuration file: /sw/workstations/apps/linux-ubuntu22.04-ivybridge/intel-oneapi-compilers/2022.2.1/gcc-11.3.0/k2f52ijqkzvd4hct7ccykcnys7eym6t3/compiler/2022.2.1/linux/bin/icx.cfg
Found candidate GCC installation: /usr/lib/gcc/x86_64-linux-gnu/11
Found candidate GCC installation: /usr/lib/gcc/x86_64-linux-gnu/12
Selected GCC installation: /usr/lib/gcc/x86_64-linux-gnu/12
Candidate multilib: .;@m64
Selected multilib: .;@m64
 "/usr/bin/ld" -z relro --hash-style=gnu --eh-frame-hdr -m elf_x86_64 -dynamic-linker /lib64/ld-linux-x86-64.so.2 -o cmTC_1e9d2 /lib/x86_64-linux-gnu/crt1.o /lib/x86_64-linux-gnu/crti.o /usr/lib/gcc/x86_64-linux-gnu/12/crtbegin.o /usr/lib/gcc/x86_64-linux-gnu/12/crtfastmath.o -L/sw/workstations/apps/linux-ubuntu22.04-ivybridge/intel-oneapi-compilers/2022.2.1/gcc-11.3.0/k2f52ijqkzvd4hct7ccykcnys7eym6t3/compiler/2022.2.1/linux/bin-llvm/../compiler/lib/intel64_lin -L/sw/workstations/apps/linux-ubuntu22.04-ivybridge/intel-oneapi-compilers/2022.2.1/gcc-11.3.0/k2f52ijqkzvd4hct7ccykcnys7eym6t3/compiler/2022.2.1/linux/bin-llvm/../lib -L/sw/workstations/apps/linux-ubuntu22.04-ivybridge/intel-oneapi-compilers/2022.2.1/gcc-11.3.0/k2f52ijqkzvd4hct7ccykcnys7eym6t3/compiler/2022.2.1/linux/bin-llvm/../compiler/lib/intel64_lin -L/usr/lib/gcc/x86_64-linux-gnu/12 -L/usr/lib/gcc/x86_64-linux-gnu/12/../../../../lib64 -L/lib/x86_64-linux-gnu -L/lib/../lib64 -L/usr/lib/x86_64-linux-gnu -L/usr/lib/../lib64 -L/usr/lib/gcc/x86_64-linux-gnu/12/../../.. -L/lib -L/usr/lib -L/sw/workstations/apps/linux-ubuntu22.04-ivybridge/intel-oneapi-compilers/2022.2.1/gcc-11.3.0/k2f52ijqkzvd4hct7ccykcnys7eym6t3/compiler/2022.2.1/linux/compiler/lib/intel64_lin -L/sw/workstations/apps/linux-ubuntu22.04-ivybridge/intel-oneapi-compilers/2022.2.1/gcc-11.3.0/k2f52ijqkzvd4hct7ccykcnys7eym6t3/compiler/2022.2.1/linux/lib -rpath /sw/workstations/apps/linux-ubuntu22.04-ivybridge/intel-oneapi-compilers/2022.2.1/gcc-11.3.0/k2f52ijqkzvd4hct7ccykcnys7eym6t3/compiler/2022.2.1/linux/lib -rpath /sw/workstations/apps/linux-ubuntu22.04-ivybridge/intel-oneapi-compilers/2022.2.1/gcc-11.3.0/k2f52ijqkzvd4hct7ccykcnys7eym6t3/compiler/2022.2.1/linux/lib/x64 -rpath /sw/workstations/apps/linux-ubuntu22.04-ivybridge/intel-oneapi-compilers/2022.2.1/gcc-11.3.0/k2f52ijqkzvd4hct7ccykcnys7eym6t3/compiler/2022.2.1/linux/lib/oclfpga/host/linux64/lib -rpath /sw/workstations/apps/linux-ubuntu22.04-ivybridge/intel-oneapi-compilers/2022.2.1/gcc-11.3.0/k2f52ijqkzvd4hct7ccykcnys7eym6t3/compiler/2022.2.1/linux/lib/oclfpga/linux64/lib -rpath /sw/workstations/apps/linux-ubuntu22.04-ivybridge/intel-oneapi-compilers/2022.2.1/gcc-11.3.0/k2f52ijqkzvd4hct7ccykcnys7eym6t3/compiler/2022.2.1/linux/compiler/lib/intel64_lin CMakeFiles/cmTC_1e9d2.dir/CMakeCCompilerABI.c.o -Bstatic -lsvml -Bdynamic -Bstatic -lirng -Bdynamic -Bstatic -limf -Bdynamic -lm -lgcc --as-needed -lgcc_s --no-as-needed -Bstatic -lirc -Bdynamic -ldl -liomp5 -L/sw/workstations/apps/linux-ubuntu22.04-ivybridge/intel-oneapi-compilers/2022.2.1/gcc-11.3.0/k2f52ijqkzvd4hct7ccykcnys7eym6t3/compiler/2022.2.1/linux/lib -lgcc --as-needed -lgcc_s --no-as-needed -lpthread -lc -lgcc --as-needed -lgcc_s --no-as-needed -Bstatic -lirc_s -Bdynamic /usr/lib/gcc/x86_64-linux-gnu/12/crtend.o /lib/x86_64-linux-gnu/crtn.o
gmake[1]: Leaving directory '/media/x_plotnips/sdd1/Dropbox/PhD_proposal/work_with_david/Exawave_3_handover/panzer_repo/CMakeFiles/CMakeTmp'



Parsed C implicit include dir info from above output: rv=done
  found start of include info
  found start of implicit include info
    add: [/sw/workstations/apps/linux-ubuntu22.04-ivybridge/intel-oneapi-compilers/2022.2.1/gcc-11.3.0/k2f52ijqkzvd4hct7ccykcnys7eym6t3/compiler/2022.2.1/linux/bin-llvm/../compiler/include]
    add: [/sw/workstations/apps/linux-ubuntu22.04-ivybridge/intel-oneapi-compilers/2022.2.1/gcc-11.3.0/k2f52ijqkzvd4hct7ccykcnys7eym6t3/compiler/2022.2.1/linux/lib/clang/15.0.0/include]
    add: [/usr/local/include]
    add: [/usr/include/x86_64-linux-gnu]
    add: [/usr/include]
  end of search list found
  collapse include dir [/sw/workstations/apps/linux-ubuntu22.04-ivybridge/intel-oneapi-compilers/2022.2.1/gcc-11.3.0/k2f52ijqkzvd4hct7ccykcnys7eym6t3/compiler/2022.2.1/linux/bin-llvm/../compiler/include] ==> [/sw/workstations/apps/linux-ubuntu22.04-ivybridge/intel-oneapi-compilers/2022.2.1/gcc-11.3.0/k2f52ijqkzvd4hct7ccykcnys7eym6t3/compiler/2022.2.1/linux/compiler/include]
  collapse include dir [/sw/workstations/apps/linux-ubuntu22.04-ivybridge/intel-oneapi-compilers/2022.2.1/gcc-11.3.0/k2f52ijqkzvd4hct7ccykcnys7eym6t3/compiler/2022.2.1/linux/lib/clang/15.0.0/include] ==> [/sw/workstations/apps/linux-ubuntu22.04-ivybridge/intel-oneapi-compilers/2022.2.1/gcc-11.3.0/k2f52ijqkzvd4hct7ccykcnys7eym6t3/compiler/2022.2.1/linux/lib/clang/15.0.0/include]
  collapse include dir [/usr/local/include] ==> [/usr/local/include]
  collapse include dir [/usr/include/x86_64-linux-gnu] ==> [/usr/include/x86_64-linux-gnu]
  collapse include dir [/usr/include] ==> [/usr/include]
  implicit include dirs: [/sw/workstations/apps/linux-ubuntu22.04-ivybridge/intel-oneapi-compilers/2022.2.1/gcc-11.3.0/k2f52ijqkzvd4hct7ccykcnys7eym6t3/compiler/2022.2.1/linux/compiler/include;/sw/workstations/apps/linux-ubuntu22.04-ivybridge/intel-oneapi-compilers/2022.2.1/gcc-11.3.0/k2f52ijqkzvd4hct7ccykcnys7eym6t3/compiler/2022.2.1/linux/lib/clang/15.0.0/include;/usr/local/include;/usr/include/x86_64-linux-gnu;/usr/include]


Parsed C implicit link information from above output:
  link line regex: [^( *|.*[/\])(ld|CMAKE_LINK_STARTFILE-NOTFOUND|([^/\]+-)?ld|collect2)[^/\]*( |$)]
  ignore line: [Change Dir: /media/x_plotnips/sdd1/Dropbox/PhD_proposal/work_with_david/Exawave_3_handover/panzer_repo/CMakeFiles/CMakeTmp]
  ignore line: []
  ignore line: [Run Build Command(s):/usr/bin/gmake -f Makefile cmTC_1e9d2/fast && /usr/bin/gmake  -f CMakeFiles/cmTC_1e9d2.dir/build.make CMakeFiles/cmTC_1e9d2.dir/build]
  ignore line: [gmake[1]: Entering directory '/media/x_plotnips/sdd1/Dropbox/PhD_proposal/work_with_david/Exawave_3_handover/panzer_repo/CMakeFiles/CMakeTmp']
  ignore line: [Building C object CMakeFiles/cmTC_1e9d2.dir/CMakeCCompilerABI.c.o]
  ignore line: [/sw/workstations/apps/linux-ubuntu22.04-ivybridge/intel-oneapi-compilers/2022.2.1/gcc-11.3.0/k2f52ijqkzvd4hct7ccykcnys7eym6t3/compiler/2022.2.1/linux/bin/icx   -march=znver2 -mtune=znver2 -O3 -ffast-math -qopenmp -mprefer-vector-width=256 -qopt-report=5 -qopt-report-phase=vec    -v -MD -MT CMakeFiles/cmTC_1e9d2.dir/CMakeCCompilerABI.c.o -MF CMakeFiles/cmTC_1e9d2.dir/CMakeCCompilerABI.c.o.d -o CMakeFiles/cmTC_1e9d2.dir/CMakeCCompilerABI.c.o -c /sw/workstations/apps/linux-ubuntu22.04-ivybridge/cmake/3.24.3/gcc-11.3.0/im6us5w327xiszfjh37fer4odzrpsbgr/share/cmake-3.24/Modules/CMakeCCompilerABI.c]
  ignore line: [icx: command line warning #10430: Unsupported command line options encountered]
  ignore line: [These options as listed are not supported.]
  ignore line: [For more information  use '-qnextgen-diag'.]
  ignore line: [option list: ]
  ignore line: [	-qopt-report-phase=vec]
  ignore line: [Intel(R) oneAPI DPC++/C++ Compiler 2022.2.1 (2022.2.1.20221020)]
  ignore line: [Target: x86_64-unknown-linux-gnu]
  ignore line: [Thread model: posix]
  ignore line: [InstalledDir: /sw/workstations/apps/linux-ubuntu22.04-ivybridge/intel-oneapi-compilers/2022.2.1/gcc-11.3.0/k2f52ijqkzvd4hct7ccykcnys7eym6t3/compiler/2022.2.1/linux/bin-llvm]
  ignore line: [Configuration file: /sw/workstations/apps/linux-ubuntu22.04-ivybridge/intel-oneapi-compilers/2022.2.1/gcc-11.3.0/k2f52ijqkzvd4hct7ccykcnys7eym6t3/compiler/2022.2.1/linux/bin/icx.cfg]
  ignore line: [Found candidate GCC installation: /usr/lib/gcc/x86_64-linux-gnu/11]
  ignore line: [Found candidate GCC installation: /usr/lib/gcc/x86_64-linux-gnu/12]
  ignore line: [Selected GCC installation: /usr/lib/gcc/x86_64-linux-gnu/12]
  ignore line: [Candidate multilib: .]
  ignore line: [@m64]
  ignore line: [Selected multilib: .]
  ignore line: [@m64]
  ignore line: [icx: warning: argument unused during compilation: '-qopt-report=5' [-Wunused-command-line-argument]]
  ignore line: [ (in-process)]
  ignore line: [ "/sw/workstations/apps/linux-ubuntu22.04-ivybridge/intel-oneapi-compilers/2022.2.1/gcc-11.3.0/k2f52ijqkzvd4hct7ccykcnys7eym6t3/compiler/2022.2.1/linux/bin-llvm/clang" -cc1 -triple x86_64-unknown-linux-gnu -emit-obj --mrelax-relocations -disable-free -clear-ast-before-backend -disable-llvm-verifier -discard-value-names -main-file-name CMakeCCompilerABI.c -mrelocation-model static -fveclib=SVML -mframe-pointer=none -menable-no-infs -menable-no-nans -fapprox-func -menable-unsafe-fp-math -fno-signed-zeros -mreassociate -freciprocal-math -fdenormal-fp-math=preserve-sign preserve-sign -ffp-contract=fast -fno-rounding-math -ffast-math -ffinite-math-only -mconstructor-aliases -funwind-tables=2 -target-cpu znver2 -mllvm -x86-enable-unaligned-vector-move=true -tune-cpu znver2 -mllvm -treat-scalable-fixed-error-as-warning -debug-info-kind=line-tables-only -debugger-tuning=gdb -v -fcoverage-compilation-dir=/media/x_plotnips/sdd1/Dropbox/PhD_proposal/work_with_david/Exawave_3_handover/panzer_repo/CMakeFiles/CMakeTmp -resource-dir /sw/workstations/apps/linux-ubuntu22.04-ivybridge/intel-oneapi-compilers/2022.2.1/gcc-11.3.0/k2f52ijqkzvd4hct7ccykcnys7eym6t3/compiler/2022.2.1/linux/lib/clang/15.0.0 -dependency-file CMakeFiles/cmTC_1e9d2.dir/CMakeCCompilerABI.c.o.d -MT CMakeFiles/cmTC_1e9d2.dir/CMakeCCompilerABI.c.o -sys-header-deps -internal-isystem /sw/workstations/apps/linux-ubuntu22.04-ivybridge/intel-oneapi-compilers/2022.2.1/gcc-11.3.0/k2f52ijqkzvd4hct7ccykcnys7eym6t3/compiler/2022.2.1/linux/bin-llvm/../compiler/include -internal-isystem /sw/workstations/apps/linux-ubuntu22.04-ivybridge/intel-oneapi-compilers/2022.2.1/gcc-11.3.0/k2f52ijqkzvd4hct7ccykcnys7eym6t3/compiler/2022.2.1/linux/lib/clang/15.0.0/include -internal-isystem /usr/local/include -internal-isystem /usr/lib/gcc/x86_64-linux-gnu/12/../../../../x86_64-linux-gnu/include -internal-externc-isystem /usr/include/x86_64-linux-gnu -internal-externc-isystem /include -internal-externc-isystem /usr/include -O3 -fdebug-compilation-dir=/media/x_plotnips/sdd1/Dropbox/PhD_proposal/work_with_david/Exawave_3_handover/panzer_repo/CMakeFiles/CMakeTmp -ferror-limit 19 -fheinous-gnu-extensions -fopenmp-late-outline -fopenmp-threadprivate-legacy -fopenmp -fgnuc-version=4.2.1 -mllvm -enable-gvn-hoist -vectorize-loops -vectorize-slp -mprefer-vector-width=256 -opt-record-file CMakeFiles/cmTC_1e9d2.dir/CMakeCCompilerABI.c.opt.yaml -opt-record-format yaml -dwarf-debug-flags " -Wl -rpath /sw/workstations/apps/linux-ubuntu22.04-ivybridge/intel-oneapi-compilers/2022.2.1/gcc-11.3.0/k2f52ijqkzvd4hct7ccykcnys7eym6t3/compiler/2022.2.1/linux/lib -Wl -rpath /sw/workstations/apps/linux-ubuntu22.04-ivybridge/intel-oneapi-compilers/2022.2.1/gcc-11.3.0/k2f52ijqkzvd4hct7ccykcnys7eym6t3/compiler/2022.2.1/linux/lib/x64 -Wl -rpath /sw/workstations/apps/linux-ubuntu22.04-ivybridge/intel-oneapi-compilers/2022.2.1/gcc-11.3.0/k2f52ijqkzvd4hct7ccykcnys7eym6t3/compiler/2022.2.1/linux/lib/oclfpga/host/linux64/lib -Wl -rpath /sw/workstations/apps/linux-ubuntu22.04-ivybridge/intel-oneapi-compilers/2022.2.1/gcc-11.3.0/k2f52ijqkzvd4hct7ccykcnys7eym6t3/compiler/2022.2.1/linux/lib/oclfpga/linux64/lib -Wl -rpath /sw/workstations/apps/linux-ubuntu22.04-ivybridge/intel-oneapi-compilers/2022.2.1/gcc-11.3.0/k2f52ijqkzvd4hct7ccykcnys7eym6t3/compiler/2022.2.1/linux/compiler/lib/intel64_lin --gcc-toolchain=/usr --intel -march=znver2 -mtune=znver2 -O3 -ffast-math -fiopenmp -mprefer-vector-width=256 -qopt-report=5 -v -MD -MT CMakeFiles/cmTC_1e9d2.dir/CMakeCCompilerABI.c.o -MF CMakeFiles/cmTC_1e9d2.dir/CMakeCCompilerABI.c.o.d -o CMakeFiles/cmTC_1e9d2.dir/CMakeCCompilerABI.c.o -c /sw/workstations/apps/linux-ubuntu22.04-ivybridge/cmake/3.24.3/gcc-11.3.0/im6us5w327xiszfjh37fer4odzrpsbgr/share/cmake-3.24/Modules/CMakeCCompilerABI.c -fveclib=SVML -fheinous-gnu-extensions" -mllvm -paropt=31 -D__GCC_HAVE_DWARF2_CFI_ASM=1 -fintel-compatibility -fintel-libirc-allowed -mllvm -disable-hir-generate-mkl-call -mllvm -loopopt=1 -floopopt-pipeline=light -mllvm -intel-abi-compatible=true -o CMakeFiles/cmTC_1e9d2.dir/CMakeCCompilerABI.c.o -x c /sw/workstations/apps/linux-ubuntu22.04-ivybridge/cmake/3.24.3/gcc-11.3.0/im6us5w327xiszfjh37fer4odzrpsbgr/share/cmake-3.24/Modules/CMakeCCompilerABI.c]
  ignore line: [clang -cc1 version 15.0.0 based upon LLVM 15.0.0git default target x86_64-unknown-linux-gnu]
  ignore line: [ignoring nonexistent directory "/usr/lib/gcc/x86_64-linux-gnu/12/../../../../x86_64-linux-gnu/include"]
  ignore line: [ignoring nonexistent directory "/include"]
  ignore line: [#include "..." search starts here:]
  ignore line: [#include <...> search starts here:]
  ignore line: [ /sw/workstations/apps/linux-ubuntu22.04-ivybridge/intel-oneapi-compilers/2022.2.1/gcc-11.3.0/k2f52ijqkzvd4hct7ccykcnys7eym6t3/compiler/2022.2.1/linux/bin-llvm/../compiler/include]
  ignore line: [ /sw/workstations/apps/linux-ubuntu22.04-ivybridge/intel-oneapi-compilers/2022.2.1/gcc-11.3.0/k2f52ijqkzvd4hct7ccykcnys7eym6t3/compiler/2022.2.1/linux/lib/clang/15.0.0/include]
  ignore line: [ /usr/local/include]
  ignore line: [ /usr/include/x86_64-linux-gnu]
  ignore line: [ /usr/include]
  ignore line: [End of search list.]
  ignore line: [Linking C executable cmTC_1e9d2]
  ignore line: [/sw/workstations/apps/linux-ubuntu22.04-ivybridge/cmake/3.24.3/gcc-11.3.0/im6us5w327xiszfjh37fer4odzrpsbgr/bin/cmake -E cmake_link_script CMakeFiles/cmTC_1e9d2.dir/link.txt --verbose=1]
  ignore line: [/sw/workstations/apps/linux-ubuntu22.04-ivybridge/intel-oneapi-compilers/2022.2.1/gcc-11.3.0/k2f52ijqkzvd4hct7ccykcnys7eym6t3/compiler/2022.2.1/linux/bin/icx -march=znver2 -mtune=znver2 -O3 -ffast-math -qopenmp -mprefer-vector-width=256 -qopt-report=5 -qopt-report-phase=vec   -v CMakeFiles/cmTC_1e9d2.dir/CMakeCCompilerABI.c.o -o cmTC_1e9d2 ]
  ignore line: [icx: command line warning #10430: Unsupported command line options encountered]
  ignore line: [These options as listed are not supported.]
  ignore line: [For more information  use '-qnextgen-diag'.]
  ignore line: [option list: ]
  ignore line: [	-qopt-report-phase=vec]
  ignore line: [Intel(R) oneAPI DPC++/C++ Compiler 2022.2.1 (2022.2.1.20221020)]
  ignore line: [Target: x86_64-unknown-linux-gnu]
  ignore line: [Thread model: posix]
  ignore line: [InstalledDir: /sw/workstations/apps/linux-ubuntu22.04-ivybridge/intel-oneapi-compilers/2022.2.1/gcc-11.3.0/k2f52ijqkzvd4hct7ccykcnys7eym6t3/compiler/2022.2.1/linux/bin-llvm]
  ignore line: [Configuration file: /sw/workstations/apps/linux-ubuntu22.04-ivybridge/intel-oneapi-compilers/2022.2.1/gcc-11.3.0/k2f52ijqkzvd4hct7ccykcnys7eym6t3/compiler/2022.2.1/linux/bin/icx.cfg]
  ignore line: [Found candidate GCC installation: /usr/lib/gcc/x86_64-linux-gnu/11]
  ignore line: [Found candidate GCC installation: /usr/lib/gcc/x86_64-linux-gnu/12]
  ignore line: [Selected GCC installation: /usr/lib/gcc/x86_64-linux-gnu/12]
  ignore line: [Candidate multilib: .]
  ignore line: [@m64]
  ignore line: [Selected multilib: .]
  ignore line: [@m64]
  link line: [ "/usr/bin/ld" -z relro --hash-style=gnu --eh-frame-hdr -m elf_x86_64 -dynamic-linker /lib64/ld-linux-x86-64.so.2 -o cmTC_1e9d2 /lib/x86_64-linux-gnu/crt1.o /lib/x86_64-linux-gnu/crti.o /usr/lib/gcc/x86_64-linux-gnu/12/crtbegin.o /usr/lib/gcc/x86_64-linux-gnu/12/crtfastmath.o -L/sw/workstations/apps/linux-ubuntu22.04-ivybridge/intel-oneapi-compilers/2022.2.1/gcc-11.3.0/k2f52ijqkzvd4hct7ccykcnys7eym6t3/compiler/2022.2.1/linux/bin-llvm/../compiler/lib/intel64_lin -L/sw/workstations/apps/linux-ubuntu22.04-ivybridge/intel-oneapi-compilers/2022.2.1/gcc-11.3.0/k2f52ijqkzvd4hct7ccykcnys7eym6t3/compiler/2022.2.1/linux/bin-llvm/../lib -L/sw/workstations/apps/linux-ubuntu22.04-ivybridge/intel-oneapi-compilers/2022.2.1/gcc-11.3.0/k2f52ijqkzvd4hct7ccykcnys7eym6t3/compiler/2022.2.1/linux/bin-llvm/../compiler/lib/intel64_lin -L/usr/lib/gcc/x86_64-linux-gnu/12 -L/usr/lib/gcc/x86_64-linux-gnu/12/../../../../lib64 -L/lib/x86_64-linux-gnu -L/lib/../lib64 -L/usr/lib/x86_64-linux-gnu -L/usr/lib/../lib64 -L/usr/lib/gcc/x86_64-linux-gnu/12/../../.. -L/lib -L/usr/lib -L/sw/workstations/apps/linux-ubuntu22.04-ivybridge/intel-oneapi-compilers/2022.2.1/gcc-11.3.0/k2f52ijqkzvd4hct7ccykcnys7eym6t3/compiler/2022.2.1/linux/compiler/lib/intel64_lin -L/sw/workstations/apps/linux-ubuntu22.04-ivybridge/intel-oneapi-compilers/2022.2.1/gcc-11.3.0/k2f52ijqkzvd4hct7ccykcnys7eym6t3/compiler/2022.2.1/linux/lib -rpath /sw/workstations/apps/linux-ubuntu22.04-ivybridge/intel-oneapi-compilers/2022.2.1/gcc-11.3.0/k2f52ijqkzvd4hct7ccykcnys7eym6t3/compiler/2022.2.1/linux/lib -rpath /sw/workstations/apps/linux-ubuntu22.04-ivybridge/intel-oneapi-compilers/2022.2.1/gcc-11.3.0/k2f52ijqkzvd4hct7ccykcnys7eym6t3/compiler/2022.2.1/linux/lib/x64 -rpath /sw/workstations/apps/linux-ubuntu22.04-ivybridge/intel-oneapi-compilers/2022.2.1/gcc-11.3.0/k2f52ijqkzvd4hct7ccykcnys7eym6t3/compiler/2022.2.1/linux/lib/oclfpga/host/linux64/lib -rpath /sw/workstations/apps/linux-ubuntu22.04-ivybridge/intel-oneapi-compilers/2022.2.1/gcc-11.3.0/k2f52ijqkzvd4hct7ccykcnys7eym6t3/compiler/2022.2.1/linux/lib/oclfpga/linux64/lib -rpath /sw/workstations/apps/linux-ubuntu22.04-ivybridge/intel-oneapi-compilers/2022.2.1/gcc-11.3.0/k2f52ijqkzvd4hct7ccykcnys7eym6t3/compiler/2022.2.1/linux/compiler/lib/intel64_lin CMakeFiles/cmTC_1e9d2.dir/CMakeCCompilerABI.c.o -Bstatic -lsvml -Bdynamic -Bstatic -lirng -Bdynamic -Bstatic -limf -Bdynamic -lm -lgcc --as-needed -lgcc_s --no-as-needed -Bstatic -lirc -Bdynamic -ldl -liomp5 -L/sw/workstations/apps/linux-ubuntu22.04-ivybridge/intel-oneapi-compilers/2022.2.1/gcc-11.3.0/k2f52ijqkzvd4hct7ccykcnys7eym6t3/compiler/2022.2.1/linux/lib -lgcc --as-needed -lgcc_s --no-as-needed -lpthread -lc -lgcc --as-needed -lgcc_s --no-as-needed -Bstatic -lirc_s -Bdynamic /usr/lib/gcc/x86_64-linux-gnu/12/crtend.o /lib/x86_64-linux-gnu/crtn.o]
    arg [/usr/bin/ld] ==> ignore
    arg [-zrelro] ==> ignore
    arg [--hash-style=gnu] ==> ignore
    arg [--eh-frame-hdr] ==> ignore
    arg [-m] ==> ignore
    arg [elf_x86_64] ==> ignore
    arg [-dynamic-linker] ==> ignore
    arg [/lib64/ld-linux-x86-64.so.2] ==> ignore
    arg [-o] ==> ignore
    arg [cmTC_1e9d2] ==> ignore
    arg [/lib/x86_64-linux-gnu/crt1.o] ==> obj [/lib/x86_64-linux-gnu/crt1.o]
    arg [/lib/x86_64-linux-gnu/crti.o] ==> obj [/lib/x86_64-linux-gnu/crti.o]
    arg [/usr/lib/gcc/x86_64-linux-gnu/12/crtbegin.o] ==> obj [/usr/lib/gcc/x86_64-linux-gnu/12/crtbegin.o]
    arg [/usr/lib/gcc/x86_64-linux-gnu/12/crtfastmath.o] ==> obj [/usr/lib/gcc/x86_64-linux-gnu/12/crtfastmath.o]
    arg [-L/sw/workstations/apps/linux-ubuntu22.04-ivybridge/intel-oneapi-compilers/2022.2.1/gcc-11.3.0/k2f52ijqkzvd4hct7ccykcnys7eym6t3/compiler/2022.2.1/linux/bin-llvm/../compiler/lib/intel64_lin] ==> dir [/sw/workstations/apps/linux-ubuntu22.04-ivybridge/intel-oneapi-compilers/2022.2.1/gcc-11.3.0/k2f52ijqkzvd4hct7ccykcnys7eym6t3/compiler/2022.2.1/linux/bin-llvm/../compiler/lib/intel64_lin]
    arg [-L/sw/workstations/apps/linux-ubuntu22.04-ivybridge/intel-oneapi-compilers/2022.2.1/gcc-11.3.0/k2f52ijqkzvd4hct7ccykcnys7eym6t3/compiler/2022.2.1/linux/bin-llvm/../lib] ==> dir [/sw/workstations/apps/linux-ubuntu22.04-ivybridge/intel-oneapi-compilers/2022.2.1/gcc-11.3.0/k2f52ijqkzvd4hct7ccykcnys7eym6t3/compiler/2022.2.1/linux/bin-llvm/../lib]
    arg [-L/sw/workstations/apps/linux-ubuntu22.04-ivybridge/intel-oneapi-compilers/2022.2.1/gcc-11.3.0/k2f52ijqkzvd4hct7ccykcnys7eym6t3/compiler/2022.2.1/linux/bin-llvm/../compiler/lib/intel64_lin] ==> dir [/sw/workstations/apps/linux-ubuntu22.04-ivybridge/intel-oneapi-compilers/2022.2.1/gcc-11.3.0/k2f52ijqkzvd4hct7ccykcnys7eym6t3/compiler/2022.2.1/linux/bin-llvm/../compiler/lib/intel64_lin]
    arg [-L/usr/lib/gcc/x86_64-linux-gnu/12] ==> dir [/usr/lib/gcc/x86_64-linux-gnu/12]
    arg [-L/usr/lib/gcc/x86_64-linux-gnu/12/../../../../lib64] ==> dir [/usr/lib/gcc/x86_64-linux-gnu/12/../../../../lib64]
    arg [-L/lib/x86_64-linux-gnu] ==> dir [/lib/x86_64-linux-gnu]
    arg [-L/lib/../lib64] ==> dir [/lib/../lib64]
    arg [-L/usr/lib/x86_64-linux-gnu] ==> dir [/usr/lib/x86_64-linux-gnu]
    arg [-L/usr/lib/../lib64] ==> dir [/usr/lib/../lib64]
    arg [-L/usr/lib/gcc/x86_64-linux-gnu/12/../../..] ==> dir [/usr/lib/gcc/x86_64-linux-gnu/12/../../..]
    arg [-L/lib] ==> dir [/lib]
    arg [-L/usr/lib] ==> dir [/usr/lib]
    arg [-L/sw/workstations/apps/linux-ubuntu22.04-ivybridge/intel-oneapi-compilers/2022.2.1/gcc-11.3.0/k2f52ijqkzvd4hct7ccykcnys7eym6t3/compiler/2022.2.1/linux/compiler/lib/intel64_lin] ==> dir [/sw/workstations/apps/linux-ubuntu22.04-ivybridge/intel-oneapi-compilers/2022.2.1/gcc-11.3.0/k2f52ijqkzvd4hct7ccykcnys7eym6t3/compiler/2022.2.1/linux/compiler/lib/intel64_lin]
    arg [-L/sw/workstations/apps/linux-ubuntu22.04-ivybridge/intel-oneapi-compilers/2022.2.1/gcc-11.3.0/k2f52ijqkzvd4hct7ccykcnys7eym6t3/compiler/2022.2.1/linux/lib] ==> dir [/sw/workstations/apps/linux-ubuntu22.04-ivybridge/intel-oneapi-compilers/2022.2.1/gcc-11.3.0/k2f52ijqkzvd4hct7ccykcnys7eym6t3/compiler/2022.2.1/linux/lib]
    arg [-rpath] ==> ignore
    arg [/sw/workstations/apps/linux-ubuntu22.04-ivybridge/intel-oneapi-compilers/2022.2.1/gcc-11.3.0/k2f52ijqkzvd4hct7ccykcnys7eym6t3/compiler/2022.2.1/linux/lib] ==> ignore
    arg [-rpath] ==> ignore
    arg [/sw/workstations/apps/linux-ubuntu22.04-ivybridge/intel-oneapi-compilers/2022.2.1/gcc-11.3.0/k2f52ijqkzvd4hct7ccykcnys7eym6t3/compiler/2022.2.1/linux/lib/x64] ==> ignore
    arg [-rpath] ==> ignore
    arg [/sw/workstations/apps/linux-ubuntu22.04-ivybridge/intel-oneapi-compilers/2022.2.1/gcc-11.3.0/k2f52ijqkzvd4hct7ccykcnys7eym6t3/compiler/2022.2.1/linux/lib/oclfpga/host/linux64/lib] ==> ignore
    arg [-rpath] ==> ignore
    arg [/sw/workstations/apps/linux-ubuntu22.04-ivybridge/intel-oneapi-compilers/2022.2.1/gcc-11.3.0/k2f52ijqkzvd4hct7ccykcnys7eym6t3/compiler/2022.2.1/linux/lib/oclfpga/linux64/lib] ==> ignore
    arg [-rpath] ==> ignore
    arg [/sw/workstations/apps/linux-ubuntu22.04-ivybridge/intel-oneapi-compilers/2022.2.1/gcc-11.3.0/k2f52ijqkzvd4hct7ccykcnys7eym6t3/compiler/2022.2.1/linux/compiler/lib/intel64_lin] ==> ignore
    arg [CMakeFiles/cmTC_1e9d2.dir/CMakeCCompilerABI.c.o] ==> ignore
    arg [-Bstatic] ==> search static
    arg [-lsvml] ==> lib [svml]
    arg [-Bdynamic] ==> search dynamic
    arg [-Bstatic] ==> search static
    arg [-lirng] ==> lib [irng]
    arg [-Bdynamic] ==> search dynamic
    arg [-Bstatic] ==> search static
    arg [-limf] ==> lib [imf]
    arg [-Bdynamic] ==> search dynamic
    arg [-lm] ==> lib [m]
    arg [-lgcc] ==> lib [gcc]
    arg [--as-needed] ==> ignore
    arg [-lgcc_s] ==> lib [gcc_s]
    arg [--no-as-needed] ==> ignore
    arg [-Bstatic] ==> search static
    arg [-lirc] ==> lib [irc]
    arg [-Bdynamic] ==> search dynamic
    arg [-ldl] ==> lib [dl]
    arg [-liomp5] ==> lib [iomp5]
    arg [-L/sw/workstations/apps/linux-ubuntu22.04-ivybridge/intel-oneapi-compilers/2022.2.1/gcc-11.3.0/k2f52ijqkzvd4hct7ccykcnys7eym6t3/compiler/2022.2.1/linux/lib] ==> dir [/sw/workstations/apps/linux-ubuntu22.04-ivybridge/intel-oneapi-compilers/2022.2.1/gcc-11.3.0/k2f52ijqkzvd4hct7ccykcnys7eym6t3/compiler/2022.2.1/linux/lib]
    arg [-lgcc] ==> lib [gcc]
    arg [--as-needed] ==> ignore
    arg [-lgcc_s] ==> lib [gcc_s]
    arg [--no-as-needed] ==> ignore
    arg [-lpthread] ==> lib [pthread]
    arg [-lc] ==> lib [c]
    arg [-lgcc] ==> lib [gcc]
    arg [--as-needed] ==> ignore
    arg [-lgcc_s] ==> lib [gcc_s]
    arg [--no-as-needed] ==> ignore
    arg [-Bstatic] ==> search static
    arg [-lirc_s] ==> lib [irc_s]
    arg [-Bdynamic] ==> search dynamic
    arg [/usr/lib/gcc/x86_64-linux-gnu/12/crtend.o] ==> obj [/usr/lib/gcc/x86_64-linux-gnu/12/crtend.o]
    arg [/lib/x86_64-linux-gnu/crtn.o] ==> obj [/lib/x86_64-linux-gnu/crtn.o]
  collapse library dir [/sw/workstations/apps/linux-ubuntu22.04-ivybridge/intel-oneapi-compilers/2022.2.1/gcc-11.3.0/k2f52ijqkzvd4hct7ccykcnys7eym6t3/compiler/2022.2.1/linux/bin-llvm/../compiler/lib/intel64_lin] ==> [/sw/workstations/apps/linux-ubuntu22.04-ivybridge/intel-oneapi-compilers/2022.2.1/gcc-11.3.0/k2f52ijqkzvd4hct7ccykcnys7eym6t3/compiler/2022.2.1/linux/compiler/lib/intel64_lin]
  collapse library dir [/sw/workstations/apps/linux-ubuntu22.04-ivybridge/intel-oneapi-compilers/2022.2.1/gcc-11.3.0/k2f52ijqkzvd4hct7ccykcnys7eym6t3/compiler/2022.2.1/linux/bin-llvm/../lib] ==> [/sw/workstations/apps/linux-ubuntu22.04-ivybridge/intel-oneapi-compilers/2022.2.1/gcc-11.3.0/k2f52ijqkzvd4hct7ccykcnys7eym6t3/compiler/2022.2.1/linux/lib]
  collapse library dir [/sw/workstations/apps/linux-ubuntu22.04-ivybridge/intel-oneapi-compilers/2022.2.1/gcc-11.3.0/k2f52ijqkzvd4hct7ccykcnys7eym6t3/compiler/2022.2.1/linux/bin-llvm/../compiler/lib/intel64_lin] ==> [/sw/workstations/apps/linux-ubuntu22.04-ivybridge/intel-oneapi-compilers/2022.2.1/gcc-11.3.0/k2f52ijqkzvd4hct7ccykcnys7eym6t3/compiler/2022.2.1/linux/compiler/lib/intel64_lin]
  collapse library dir [/usr/lib/gcc/x86_64-linux-gnu/12] ==> [/usr/lib/gcc/x86_64-linux-gnu/12]
  collapse library dir [/usr/lib/gcc/x86_64-linux-gnu/12/../../../../lib64] ==> [/usr/lib64]
  collapse library dir [/lib/x86_64-linux-gnu] ==> [/lib/x86_64-linux-gnu]
  collapse library dir [/lib/../lib64] ==> [/lib64]
  collapse library dir [/usr/lib/x86_64-linux-gnu] ==> [/usr/lib/x86_64-linux-gnu]
  collapse library dir [/usr/lib/../lib64] ==> [/usr/lib64]
  collapse library dir [/usr/lib/gcc/x86_64-linux-gnu/12/../../..] ==> [/usr/lib]
  collapse library dir [/lib] ==> [/lib]
  collapse library dir [/usr/lib] ==> [/usr/lib]
  collapse library dir [/sw/workstations/apps/linux-ubuntu22.04-ivybridge/intel-oneapi-compilers/2022.2.1/gcc-11.3.0/k2f52ijqkzvd4hct7ccykcnys7eym6t3/compiler/2022.2.1/linux/compiler/lib/intel64_lin] ==> [/sw/workstations/apps/linux-ubuntu22.04-ivybridge/intel-oneapi-compilers/2022.2.1/gcc-11.3.0/k2f52ijqkzvd4hct7ccykcnys7eym6t3/compiler/2022.2.1/linux/compiler/lib/intel64_lin]
  collapse library dir [/sw/workstations/apps/linux-ubuntu22.04-ivybridge/intel-oneapi-compilers/2022.2.1/gcc-11.3.0/k2f52ijqkzvd4hct7ccykcnys7eym6t3/compiler/2022.2.1/linux/lib] ==> [/sw/workstations/apps/linux-ubuntu22.04-ivybridge/intel-oneapi-compilers/2022.2.1/gcc-11.3.0/k2f52ijqkzvd4hct7ccykcnys7eym6t3/compiler/2022.2.1/linux/lib]
  collapse library dir [/sw/workstations/apps/linux-ubuntu22.04-ivybridge/intel-oneapi-compilers/2022.2.1/gcc-11.3.0/k2f52ijqkzvd4hct7ccykcnys7eym6t3/compiler/2022.2.1/linux/lib] ==> [/sw/workstations/apps/linux-ubuntu22.04-ivybridge/intel-oneapi-compilers/2022.2.1/gcc-11.3.0/k2f52ijqkzvd4hct7ccykcnys7eym6t3/compiler/2022.2.1/linux/lib]
  implicit libs: [svml;irng;imf;m;gcc;gcc_s;irc;dl;iomp5;gcc;gcc_s;pthread;c;gcc;gcc_s;irc_s]
  implicit objs: [/lib/x86_64-linux-gnu/crt1.o;/lib/x86_64-linux-gnu/crti.o;/usr/lib/gcc/x86_64-linux-gnu/12/crtbegin.o;/usr/lib/gcc/x86_64-linux-gnu/12/crtfastmath.o;/usr/lib/gcc/x86_64-linux-gnu/12/crtend.o;/lib/x86_64-linux-gnu/crtn.o]
  implicit dirs: [/sw/workstations/apps/linux-ubuntu22.04-ivybridge/intel-oneapi-compilers/2022.2.1/gcc-11.3.0/k2f52ijqkzvd4hct7ccykcnys7eym6t3/compiler/2022.2.1/linux/compiler/lib/intel64_lin;/sw/workstations/apps/linux-ubuntu22.04-ivybridge/intel-oneapi-compilers/2022.2.1/gcc-11.3.0/k2f52ijqkzvd4hct7ccykcnys7eym6t3/compiler/2022.2.1/linux/lib;/usr/lib/gcc/x86_64-linux-gnu/12;/usr/lib64;/lib/x86_64-linux-gnu;/lib64;/usr/lib/x86_64-linux-gnu;/usr/lib;/lib]
  implicit fwks: []


Detecting C OpenMP compiler ABI info compiled with the following output:
Change Dir: /media/x_plotnips/sdd1/Dropbox/PhD_proposal/work_with_david/Exawave_3_handover/panzer_repo/CMakeFiles/CMakeTmp

Run Build Command(s):/usr/bin/gmake -f Makefile cmTC_44d52/fast && /usr/bin/gmake  -f CMakeFiles/cmTC_44d52.dir/build.make CMakeFiles/cmTC_44d52.dir/build
gmake[1]: Entering directory '/media/x_plotnips/sdd1/Dropbox/PhD_proposal/work_with_david/Exawave_3_handover/panzer_repo/CMakeFiles/CMakeTmp'
Building C object CMakeFiles/cmTC_44d52.dir/OpenMPTryFlag.c.o
/sw/workstations/apps/linux-ubuntu22.04-ivybridge/intel-oneapi-compilers/2022.2.1/gcc-11.3.0/k2f52ijqkzvd4hct7ccykcnys7eym6t3/compiler/2022.2.1/linux/bin/icx   -march=znver2 -mtune=znver2 -O3 -ffast-math -qopenmp -mprefer-vector-width=256 -qopt-report=5 -qopt-report-phase=vec -fiopenmp -v -MD -MT CMakeFiles/cmTC_44d52.dir/OpenMPTryFlag.c.o -MF CMakeFiles/cmTC_44d52.dir/OpenMPTryFlag.c.o.d -o CMakeFiles/cmTC_44d52.dir/OpenMPTryFlag.c.o -c /media/x_plotnips/sdd1/Dropbox/PhD_proposal/work_with_david/Exawave_3_handover/panzer_repo/CMakeFiles/FindOpenMP/OpenMPTryFlag.c
icx: command line warning #10430: Unsupported command line options encountered
These options as listed are not supported.
For more information, use '-qnextgen-diag'.
option list: 
	-qopt-report-phase=vec
Intel(R) oneAPI DPC++/C++ Compiler 2022.2.1 (2022.2.1.20221020)
Target: x86_64-unknown-linux-gnu
Thread model: posix
InstalledDir: /sw/workstations/apps/linux-ubuntu22.04-ivybridge/intel-oneapi-compilers/2022.2.1/gcc-11.3.0/k2f52ijqkzvd4hct7ccykcnys7eym6t3/compiler/2022.2.1/linux/bin-llvm
Configuration file: /sw/workstations/apps/linux-ubuntu22.04-ivybridge/intel-oneapi-compilers/2022.2.1/gcc-11.3.0/k2f52ijqkzvd4hct7ccykcnys7eym6t3/compiler/2022.2.1/linux/bin/icx.cfg
Found candidate GCC installation: /usr/lib/gcc/x86_64-linux-gnu/11
Found candidate GCC installation: /usr/lib/gcc/x86_64-linux-gnu/12
Selected GCC installation: /usr/lib/gcc/x86_64-linux-gnu/12
Candidate multilib: .;@m64
Selected multilib: .;@m64
icx: warning: argument unused during compilation: '-qopt-report=5' [-Wunused-command-line-argument]
 (in-process)
 "/sw/workstations/apps/linux-ubuntu22.04-ivybridge/intel-oneapi-compilers/2022.2.1/gcc-11.3.0/k2f52ijqkzvd4hct7ccykcnys7eym6t3/compiler/2022.2.1/linux/bin-llvm/clang" -cc1 -triple x86_64-unknown-linux-gnu -emit-obj --mrelax-relocations -disable-free -clear-ast-before-backend -disable-llvm-verifier -discard-value-names -main-file-name OpenMPTryFlag.c -mrelocation-model static -fveclib=SVML -mframe-pointer=none -menable-no-infs -menable-no-nans -fapprox-func -menable-unsafe-fp-math -fno-signed-zeros -mreassociate -freciprocal-math -fdenormal-fp-math=preserve-sign,preserve-sign -ffp-contract=fast -fno-rounding-math -ffast-math -ffinite-math-only -mconstructor-aliases -funwind-tables=2 -target-cpu znver2 -mllvm -x86-enable-unaligned-vector-move=true -tune-cpu znver2 -mllvm -treat-scalable-fixed-error-as-warning -debug-info-kind=line-tables-only -debugger-tuning=gdb -v -fcoverage-compilation-dir=/media/x_plotnips/sdd1/Dropbox/PhD_proposal/work_with_david/Exawave_3_handover/panzer_repo/CMakeFiles/CMakeTmp -resource-dir /sw/workstations/apps/linux-ubuntu22.04-ivybridge/intel-oneapi-compilers/2022.2.1/gcc-11.3.0/k2f52ijqkzvd4hct7ccykcnys7eym6t3/compiler/2022.2.1/linux/lib/clang/15.0.0 -dependency-file CMakeFiles/cmTC_44d52.dir/OpenMPTryFlag.c.o.d -MT CMakeFiles/cmTC_44d52.dir/OpenMPTryFlag.c.o -sys-header-deps -internal-isystem /sw/workstations/apps/linux-ubuntu22.04-ivybridge/intel-oneapi-compilers/2022.2.1/gcc-11.3.0/k2f52ijqkzvd4hct7ccykcnys7eym6t3/compiler/2022.2.1/linux/bin-llvm/../compiler/include -internal-isystem /sw/workstations/apps/linux-ubuntu22.04-ivybridge/intel-oneapi-compilers/2022.2.1/gcc-11.3.0/k2f52ijqkzvd4hct7ccykcnys7eym6t3/compiler/2022.2.1/linux/lib/clang/15.0.0/include -internal-isystem /usr/local/include -internal-isystem /usr/lib/gcc/x86_64-linux-gnu/12/../../../../x86_64-linux-gnu/include -internal-externc-isystem /usr/include/x86_64-linux-gnu -internal-externc-isystem /include -internal-externc-isystem /usr/include -O3 -fdebug-compilation-dir=/media/x_plotnips/sdd1/Dropbox/PhD_proposal/work_with_david/Exawave_3_handover/panzer_repo/CMakeFiles/CMakeTmp -ferror-limit 19 -fheinous-gnu-extensions -fopenmp-late-outline -fopenmp-threadprivate-legacy -fopenmp -fgnuc-version=4.2.1 -mllvm -enable-gvn-hoist -vectorize-loops -vectorize-slp -mprefer-vector-width=256 -opt-record-file CMakeFiles/cmTC_44d52.dir/OpenMPTryFlag.c.opt.yaml -opt-record-format yaml -dwarf-debug-flags " -Wl,-rpath,/sw/workstations/apps/linux-ubuntu22.04-ivybridge/intel-oneapi-compilers/2022.2.1/gcc-11.3.0/k2f52ijqkzvd4hct7ccykcnys7eym6t3/compiler/2022.2.1/linux/lib -Wl,-rpath,/sw/workstations/apps/linux-ubuntu22.04-ivybridge/intel-oneapi-compilers/2022.2.1/gcc-11.3.0/k2f52ijqkzvd4hct7ccykcnys7eym6t3/compiler/2022.2.1/linux/lib/x64 -Wl,-rpath,/sw/workstations/apps/linux-ubuntu22.04-ivybridge/intel-oneapi-compilers/2022.2.1/gcc-11.3.0/k2f52ijqkzvd4hct7ccykcnys7eym6t3/compiler/2022.2.1/linux/lib/oclfpga/host/linux64/lib -Wl,-rpath,/sw/workstations/apps/linux-ubuntu22.04-ivybridge/intel-oneapi-compilers/2022.2.1/gcc-11.3.0/k2f52ijqkzvd4hct7ccykcnys7eym6t3/compiler/2022.2.1/linux/lib/oclfpga/linux64/lib -Wl,-rpath,/sw/workstations/apps/linux-ubuntu22.04-ivybridge/intel-oneapi-compilers/2022.2.1/gcc-11.3.0/k2f52ijqkzvd4hct7ccykcnys7eym6t3/compiler/2022.2.1/linux/compiler/lib/intel64_lin --gcc-toolchain=/usr --intel -march=znver2 -mtune=znver2 -O3 -ffast-math -fiopenmp -mprefer-vector-width=256 -qopt-report=5 -fiopenmp -v -MD -MT CMakeFiles/cmTC_44d52.dir/OpenMPTryFlag.c.o -MF CMakeFiles/cmTC_44d52.dir/OpenMPTryFlag.c.o.d -o CMakeFiles/cmTC_44d52.dir/OpenMPTryFlag.c.o -c /media/x_plotnips/sdd1/Dropbox/PhD_proposal/work_with_david/Exawave_3_handover/panzer_repo/CMakeFiles/FindOpenMP/OpenMPTryFlag.c -fveclib=SVML -fheinous-gnu-extensions" -mllvm -paropt=31 -D__GCC_HAVE_DWARF2_CFI_ASM=1 -fintel-compatibility -fintel-libirc-allowed -mllvm -disable-hir-generate-mkl-call -mllvm -loopopt=1 -floopopt-pipeline=light -mllvm -intel-abi-compatible=true -o CMakeFiles/cmTC_44d52.dir/OpenMPTryFlag.c.o -x c /media/x_plotnips/sdd1/Dropbox/PhD_proposal/work_with_david/Exawave_3_handover/panzer_repo/CMakeFiles/FindOpenMP/OpenMPTryFlag.c
clang -cc1 version 15.0.0 based upon LLVM 15.0.0git default target x86_64-unknown-linux-gnu
ignoring nonexistent directory "/usr/lib/gcc/x86_64-linux-gnu/12/../../../../x86_64-linux-gnu/include"
ignoring nonexistent directory "/include"
#include "..." search starts here:
#include <...> search starts here:
 /sw/workstations/apps/linux-ubuntu22.04-ivybridge/intel-oneapi-compilers/2022.2.1/gcc-11.3.0/k2f52ijqkzvd4hct7ccykcnys7eym6t3/compiler/2022.2.1/linux/bin-llvm/../compiler/include
 /sw/workstations/apps/linux-ubuntu22.04-ivybridge/intel-oneapi-compilers/2022.2.1/gcc-11.3.0/k2f52ijqkzvd4hct7ccykcnys7eym6t3/compiler/2022.2.1/linux/lib/clang/15.0.0/include
 /usr/local/include
 /usr/include/x86_64-linux-gnu
 /usr/include
End of search list.
Linking C executable cmTC_44d52
/sw/workstations/apps/linux-ubuntu22.04-ivybridge/cmake/3.24.3/gcc-11.3.0/im6us5w327xiszfjh37fer4odzrpsbgr/bin/cmake -E cmake_link_script CMakeFiles/cmTC_44d52.dir/link.txt --verbose=1
/sw/workstations/apps/linux-ubuntu22.04-ivybridge/intel-oneapi-compilers/2022.2.1/gcc-11.3.0/k2f52ijqkzvd4hct7ccykcnys7eym6t3/compiler/2022.2.1/linux/bin/icx -march=znver2 -mtune=znver2 -O3 -ffast-math -qopenmp -mprefer-vector-width=256 -qopt-report=5 -qopt-report-phase=vec -fiopenmp -v CMakeFiles/cmTC_44d52.dir/OpenMPTryFlag.c.o -o cmTC_44d52  -v 
icx: command line warning #10430: Unsupported command line options encountered
These options as listed are not supported.
For more information, use '-qnextgen-diag'.
option list: 
	-qopt-report-phase=vec
Intel(R) oneAPI DPC++/C++ Compiler 2022.2.1 (2022.2.1.20221020)
Target: x86_64-unknown-linux-gnu
Thread model: posix
InstalledDir: /sw/workstations/apps/linux-ubuntu22.04-ivybridge/intel-oneapi-compilers/2022.2.1/gcc-11.3.0/k2f52ijqkzvd4hct7ccykcnys7eym6t3/compiler/2022.2.1/linux/bin-llvm
Configuration file: /sw/workstations/apps/linux-ubuntu22.04-ivybridge/intel-oneapi-compilers/2022.2.1/gcc-11.3.0/k2f52ijqkzvd4hct7ccykcnys7eym6t3/compiler/2022.2.1/linux/bin/icx.cfg
Found candidate GCC installation: /usr/lib/gcc/x86_64-linux-gnu/11
Found candidate GCC installation: /usr/lib/gcc/x86_64-linux-gnu/12
Selected GCC installation: /usr/lib/gcc/x86_64-linux-gnu/12
Candidate multilib: .;@m64
Selected multilib: .;@m64
 "/usr/bin/ld" -z relro --hash-style=gnu --eh-frame-hdr -m elf_x86_64 -dynamic-linker /lib64/ld-linux-x86-64.so.2 -o cmTC_44d52 /lib/x86_64-linux-gnu/crt1.o /lib/x86_64-linux-gnu/crti.o /usr/lib/gcc/x86_64-linux-gnu/12/crtbegin.o /usr/lib/gcc/x86_64-linux-gnu/12/crtfastmath.o -L/sw/workstations/apps/linux-ubuntu22.04-ivybridge/intel-oneapi-compilers/2022.2.1/gcc-11.3.0/k2f52ijqkzvd4hct7ccykcnys7eym6t3/compiler/2022.2.1/linux/bin-llvm/../compiler/lib/intel64_lin -L/sw/workstations/apps/linux-ubuntu22.04-ivybridge/intel-oneapi-compilers/2022.2.1/gcc-11.3.0/k2f52ijqkzvd4hct7ccykcnys7eym6t3/compiler/2022.2.1/linux/bin-llvm/../lib -L/sw/workstations/apps/linux-ubuntu22.04-ivybridge/intel-oneapi-compilers/2022.2.1/gcc-11.3.0/k2f52ijqkzvd4hct7ccykcnys7eym6t3/compiler/2022.2.1/linux/bin-llvm/../compiler/lib/intel64_lin -L/usr/lib/gcc/x86_64-linux-gnu/12 -L/usr/lib/gcc/x86_64-linux-gnu/12/../../../../lib64 -L/lib/x86_64-linux-gnu -L/lib/../lib64 -L/usr/lib/x86_64-linux-gnu -L/usr/lib/../lib64 -L/usr/lib/gcc/x86_64-linux-gnu/12/../../.. -L/lib -L/usr/lib -L/sw/workstations/apps/linux-ubuntu22.04-ivybridge/intel-oneapi-compilers/2022.2.1/gcc-11.3.0/k2f52ijqkzvd4hct7ccykcnys7eym6t3/compiler/2022.2.1/linux/compiler/lib/intel64_lin -L/sw/workstations/apps/linux-ubuntu22.04-ivybridge/intel-oneapi-compilers/2022.2.1/gcc-11.3.0/k2f52ijqkzvd4hct7ccykcnys7eym6t3/compiler/2022.2.1/linux/lib -rpath /sw/workstations/apps/linux-ubuntu22.04-ivybridge/intel-oneapi-compilers/2022.2.1/gcc-11.3.0/k2f52ijqkzvd4hct7ccykcnys7eym6t3/compiler/2022.2.1/linux/lib -rpath /sw/workstations/apps/linux-ubuntu22.04-ivybridge/intel-oneapi-compilers/2022.2.1/gcc-11.3.0/k2f52ijqkzvd4hct7ccykcnys7eym6t3/compiler/2022.2.1/linux/lib/x64 -rpath /sw/workstations/apps/linux-ubuntu22.04-ivybridge/intel-oneapi-compilers/2022.2.1/gcc-11.3.0/k2f52ijqkzvd4hct7ccykcnys7eym6t3/compiler/2022.2.1/linux/lib/oclfpga/host/linux64/lib -rpath /sw/workstations/apps/linux-ubuntu22.04-ivybridge/intel-oneapi-compilers/2022.2.1/gcc-11.3.0/k2f52ijqkzvd4hct7ccykcnys7eym6t3/compiler/2022.2.1/linux/lib/oclfpga/linux64/lib -rpath /sw/workstations/apps/linux-ubuntu22.04-ivybridge/intel-oneapi-compilers/2022.2.1/gcc-11.3.0/k2f52ijqkzvd4hct7ccykcnys7eym6t3/compiler/2022.2.1/linux/compiler/lib/intel64_lin CMakeFiles/cmTC_44d52.dir/OpenMPTryFlag.c.o -Bstatic -lsvml -Bdynamic -Bstatic -lirng -Bdynamic -Bstatic -limf -Bdynamic -lm -lgcc --as-needed -lgcc_s --no-as-needed -Bstatic -lirc -Bdynamic -ldl -liomp5 -L/sw/workstations/apps/linux-ubuntu22.04-ivybridge/intel-oneapi-compilers/2022.2.1/gcc-11.3.0/k2f52ijqkzvd4hct7ccykcnys7eym6t3/compiler/2022.2.1/linux/lib -lgcc --as-needed -lgcc_s --no-as-needed -lpthread -lc -lgcc --as-needed -lgcc_s --no-as-needed -Bstatic -lirc_s -Bdynamic /usr/lib/gcc/x86_64-linux-gnu/12/crtend.o /lib/x86_64-linux-gnu/crtn.o
gmake[1]: Leaving directory '/media/x_plotnips/sdd1/Dropbox/PhD_proposal/work_with_david/Exawave_3_handover/panzer_repo/CMakeFiles/CMakeTmp'



Parsed C OpenMP implicit link information from above output:
  link line regex: [^( *|.*[/\])(ld|CMAKE_LINK_STARTFILE-NOTFOUND|([^/\]+-)?ld|collect2)[^/\]*( |$)]
  ignore line: [Change Dir: /media/x_plotnips/sdd1/Dropbox/PhD_proposal/work_with_david/Exawave_3_handover/panzer_repo/CMakeFiles/CMakeTmp]
  ignore line: []
  ignore line: [Run Build Command(s):/usr/bin/gmake -f Makefile cmTC_44d52/fast && /usr/bin/gmake  -f CMakeFiles/cmTC_44d52.dir/build.make CMakeFiles/cmTC_44d52.dir/build]
  ignore line: [gmake[1]: Entering directory '/media/x_plotnips/sdd1/Dropbox/PhD_proposal/work_with_david/Exawave_3_handover/panzer_repo/CMakeFiles/CMakeTmp']
  ignore line: [Building C object CMakeFiles/cmTC_44d52.dir/OpenMPTryFlag.c.o]
  ignore line: [/sw/workstations/apps/linux-ubuntu22.04-ivybridge/intel-oneapi-compilers/2022.2.1/gcc-11.3.0/k2f52ijqkzvd4hct7ccykcnys7eym6t3/compiler/2022.2.1/linux/bin/icx   -march=znver2 -mtune=znver2 -O3 -ffast-math -qopenmp -mprefer-vector-width=256 -qopt-report=5 -qopt-report-phase=vec -fiopenmp -v -MD -MT CMakeFiles/cmTC_44d52.dir/OpenMPTryFlag.c.o -MF CMakeFiles/cmTC_44d52.dir/OpenMPTryFlag.c.o.d -o CMakeFiles/cmTC_44d52.dir/OpenMPTryFlag.c.o -c /media/x_plotnips/sdd1/Dropbox/PhD_proposal/work_with_david/Exawave_3_handover/panzer_repo/CMakeFiles/FindOpenMP/OpenMPTryFlag.c]
  ignore line: [icx: command line warning #10430: Unsupported command line options encountered]
  ignore line: [These options as listed are not supported.]
  ignore line: [For more information  use '-qnextgen-diag'.]
  ignore line: [option list: ]
  ignore line: [	-qopt-report-phase=vec]
  ignore line: [Intel(R) oneAPI DPC++/C++ Compiler 2022.2.1 (2022.2.1.20221020)]
  ignore line: [Target: x86_64-unknown-linux-gnu]
  ignore line: [Thread model: posix]
  ignore line: [InstalledDir: /sw/workstations/apps/linux-ubuntu22.04-ivybridge/intel-oneapi-compilers/2022.2.1/gcc-11.3.0/k2f52ijqkzvd4hct7ccykcnys7eym6t3/compiler/2022.2.1/linux/bin-llvm]
  ignore line: [Configuration file: /sw/workstations/apps/linux-ubuntu22.04-ivybridge/intel-oneapi-compilers/2022.2.1/gcc-11.3.0/k2f52ijqkzvd4hct7ccykcnys7eym6t3/compiler/2022.2.1/linux/bin/icx.cfg]
  ignore line: [Found candidate GCC installation: /usr/lib/gcc/x86_64-linux-gnu/11]
  ignore line: [Found candidate GCC installation: /usr/lib/gcc/x86_64-linux-gnu/12]
  ignore line: [Selected GCC installation: /usr/lib/gcc/x86_64-linux-gnu/12]
  ignore line: [Candidate multilib: .]
  ignore line: [@m64]
  ignore line: [Selected multilib: .]
  ignore line: [@m64]
  ignore line: [icx: warning: argument unused during compilation: '-qopt-report=5' [-Wunused-command-line-argument]]
  ignore line: [ (in-process)]
  ignore line: [ "/sw/workstations/apps/linux-ubuntu22.04-ivybridge/intel-oneapi-compilers/2022.2.1/gcc-11.3.0/k2f52ijqkzvd4hct7ccykcnys7eym6t3/compiler/2022.2.1/linux/bin-llvm/clang" -cc1 -triple x86_64-unknown-linux-gnu -emit-obj --mrelax-relocations -disable-free -clear-ast-before-backend -disable-llvm-verifier -discard-value-names -main-file-name OpenMPTryFlag.c -mrelocation-model static -fveclib=SVML -mframe-pointer=none -menable-no-infs -menable-no-nans -fapprox-func -menable-unsafe-fp-math -fno-signed-zeros -mreassociate -freciprocal-math -fdenormal-fp-math=preserve-sign preserve-sign -ffp-contract=fast -fno-rounding-math -ffast-math -ffinite-math-only -mconstructor-aliases -funwind-tables=2 -target-cpu znver2 -mllvm -x86-enable-unaligned-vector-move=true -tune-cpu znver2 -mllvm -treat-scalable-fixed-error-as-warning -debug-info-kind=line-tables-only -debugger-tuning=gdb -v -fcoverage-compilation-dir=/media/x_plotnips/sdd1/Dropbox/PhD_proposal/work_with_david/Exawave_3_handover/panzer_repo/CMakeFiles/CMakeTmp -resource-dir /sw/workstations/apps/linux-ubuntu22.04-ivybridge/intel-oneapi-compilers/2022.2.1/gcc-11.3.0/k2f52ijqkzvd4hct7ccykcnys7eym6t3/compiler/2022.2.1/linux/lib/clang/15.0.0 -dependency-file CMakeFiles/cmTC_44d52.dir/OpenMPTryFlag.c.o.d -MT CMakeFiles/cmTC_44d52.dir/OpenMPTryFlag.c.o -sys-header-deps -internal-isystem /sw/workstations/apps/linux-ubuntu22.04-ivybridge/intel-oneapi-compilers/2022.2.1/gcc-11.3.0/k2f52ijqkzvd4hct7ccykcnys7eym6t3/compiler/2022.2.1/linux/bin-llvm/../compiler/include -internal-isystem /sw/workstations/apps/linux-ubuntu22.04-ivybridge/intel-oneapi-compilers/2022.2.1/gcc-11.3.0/k2f52ijqkzvd4hct7ccykcnys7eym6t3/compiler/2022.2.1/linux/lib/clang/15.0.0/include -internal-isystem /usr/local/include -internal-isystem /usr/lib/gcc/x86_64-linux-gnu/12/../../../../x86_64-linux-gnu/include -internal-externc-isystem /usr/include/x86_64-linux-gnu -internal-externc-isystem /include -internal-externc-isystem /usr/include -O3 -fdebug-compilation-dir=/media/x_plotnips/sdd1/Dropbox/PhD_proposal/work_with_david/Exawave_3_handover/panzer_repo/CMakeFiles/CMakeTmp -ferror-limit 19 -fheinous-gnu-extensions -fopenmp-late-outline -fopenmp-threadprivate-legacy -fopenmp -fgnuc-version=4.2.1 -mllvm -enable-gvn-hoist -vectorize-loops -vectorize-slp -mprefer-vector-width=256 -opt-record-file CMakeFiles/cmTC_44d52.dir/OpenMPTryFlag.c.opt.yaml -opt-record-format yaml -dwarf-debug-flags " -Wl -rpath /sw/workstations/apps/linux-ubuntu22.04-ivybridge/intel-oneapi-compilers/2022.2.1/gcc-11.3.0/k2f52ijqkzvd4hct7ccykcnys7eym6t3/compiler/2022.2.1/linux/lib -Wl -rpath /sw/workstations/apps/linux-ubuntu22.04-ivybridge/intel-oneapi-compilers/2022.2.1/gcc-11.3.0/k2f52ijqkzvd4hct7ccykcnys7eym6t3/compiler/2022.2.1/linux/lib/x64 -Wl -rpath /sw/workstations/apps/linux-ubuntu22.04-ivybridge/intel-oneapi-compilers/2022.2.1/gcc-11.3.0/k2f52ijqkzvd4hct7ccykcnys7eym6t3/compiler/2022.2.1/linux/lib/oclfpga/host/linux64/lib -Wl -rpath /sw/workstations/apps/linux-ubuntu22.04-ivybridge/intel-oneapi-compilers/2022.2.1/gcc-11.3.0/k2f52ijqkzvd4hct7ccykcnys7eym6t3/compiler/2022.2.1/linux/lib/oclfpga/linux64/lib -Wl -rpath /sw/workstations/apps/linux-ubuntu22.04-ivybridge/intel-oneapi-compilers/2022.2.1/gcc-11.3.0/k2f52ijqkzvd4hct7ccykcnys7eym6t3/compiler/2022.2.1/linux/compiler/lib/intel64_lin --gcc-toolchain=/usr --intel -march=znver2 -mtune=znver2 -O3 -ffast-math -fiopenmp -mprefer-vector-width=256 -qopt-report=5 -fiopenmp -v -MD -MT CMakeFiles/cmTC_44d52.dir/OpenMPTryFlag.c.o -MF CMakeFiles/cmTC_44d52.dir/OpenMPTryFlag.c.o.d -o CMakeFiles/cmTC_44d52.dir/OpenMPTryFlag.c.o -c /media/x_plotnips/sdd1/Dropbox/PhD_proposal/work_with_david/Exawave_3_handover/panzer_repo/CMakeFiles/FindOpenMP/OpenMPTryFlag.c -fveclib=SVML -fheinous-gnu-extensions" -mllvm -paropt=31 -D__GCC_HAVE_DWARF2_CFI_ASM=1 -fintel-compatibility -fintel-libirc-allowed -mllvm -disable-hir-generate-mkl-call -mllvm -loopopt=1 -floopopt-pipeline=light -mllvm -intel-abi-compatible=true -o CMakeFiles/cmTC_44d52.dir/OpenMPTryFlag.c.o -x c /media/x_plotnips/sdd1/Dropbox/PhD_proposal/work_with_david/Exawave_3_handover/panzer_repo/CMakeFiles/FindOpenMP/OpenMPTryFlag.c]
  ignore line: [clang -cc1 version 15.0.0 based upon LLVM 15.0.0git default target x86_64-unknown-linux-gnu]
  ignore line: [ignoring nonexistent directory "/usr/lib/gcc/x86_64-linux-gnu/12/../../../../x86_64-linux-gnu/include"]
  ignore line: [ignoring nonexistent directory "/include"]
  ignore line: [#include "..." search starts here:]
  ignore line: [#include <...> search starts here:]
  ignore line: [ /sw/workstations/apps/linux-ubuntu22.04-ivybridge/intel-oneapi-compilers/2022.2.1/gcc-11.3.0/k2f52ijqkzvd4hct7ccykcnys7eym6t3/compiler/2022.2.1/linux/bin-llvm/../compiler/include]
  ignore line: [ /sw/workstations/apps/linux-ubuntu22.04-ivybridge/intel-oneapi-compilers/2022.2.1/gcc-11.3.0/k2f52ijqkzvd4hct7ccykcnys7eym6t3/compiler/2022.2.1/linux/lib/clang/15.0.0/include]
  ignore line: [ /usr/local/include]
  ignore line: [ /usr/include/x86_64-linux-gnu]
  ignore line: [ /usr/include]
  ignore line: [End of search list.]
  ignore line: [Linking C executable cmTC_44d52]
  ignore line: [/sw/workstations/apps/linux-ubuntu22.04-ivybridge/cmake/3.24.3/gcc-11.3.0/im6us5w327xiszfjh37fer4odzrpsbgr/bin/cmake -E cmake_link_script CMakeFiles/cmTC_44d52.dir/link.txt --verbose=1]
  ignore line: [/sw/workstations/apps/linux-ubuntu22.04-ivybridge/intel-oneapi-compilers/2022.2.1/gcc-11.3.0/k2f52ijqkzvd4hct7ccykcnys7eym6t3/compiler/2022.2.1/linux/bin/icx -march=znver2 -mtune=znver2 -O3 -ffast-math -qopenmp -mprefer-vector-width=256 -qopt-report=5 -qopt-report-phase=vec -fiopenmp -v CMakeFiles/cmTC_44d52.dir/OpenMPTryFlag.c.o -o cmTC_44d52  -v ]
  ignore line: [icx: command line warning #10430: Unsupported command line options encountered]
  ignore line: [These options as listed are not supported.]
  ignore line: [For more information  use '-qnextgen-diag'.]
  ignore line: [option list: ]
  ignore line: [	-qopt-report-phase=vec]
  ignore line: [Intel(R) oneAPI DPC++/C++ Compiler 2022.2.1 (2022.2.1.20221020)]
  ignore line: [Target: x86_64-unknown-linux-gnu]
  ignore line: [Thread model: posix]
  ignore line: [InstalledDir: /sw/workstations/apps/linux-ubuntu22.04-ivybridge/intel-oneapi-compilers/2022.2.1/gcc-11.3.0/k2f52ijqkzvd4hct7ccykcnys7eym6t3/compiler/2022.2.1/linux/bin-llvm]
  ignore line: [Configuration file: /sw/workstations/apps/linux-ubuntu22.04-ivybridge/intel-oneapi-compilers/2022.2.1/gcc-11.3.0/k2f52ijqkzvd4hct7ccykcnys7eym6t3/compiler/2022.2.1/linux/bin/icx.cfg]
  ignore line: [Found candidate GCC installation: /usr/lib/gcc/x86_64-linux-gnu/11]
  ignore line: [Found candidate GCC installation: /usr/lib/gcc/x86_64-linux-gnu/12]
  ignore line: [Selected GCC installation: /usr/lib/gcc/x86_64-linux-gnu/12]
  ignore line: [Candidate multilib: .]
  ignore line: [@m64]
  ignore line: [Selected multilib: .]
  ignore line: [@m64]
  link line: [ "/usr/bin/ld" -z relro --hash-style=gnu --eh-frame-hdr -m elf_x86_64 -dynamic-linker /lib64/ld-linux-x86-64.so.2 -o cmTC_44d52 /lib/x86_64-linux-gnu/crt1.o /lib/x86_64-linux-gnu/crti.o /usr/lib/gcc/x86_64-linux-gnu/12/crtbegin.o /usr/lib/gcc/x86_64-linux-gnu/12/crtfastmath.o -L/sw/workstations/apps/linux-ubuntu22.04-ivybridge/intel-oneapi-compilers/2022.2.1/gcc-11.3.0/k2f52ijqkzvd4hct7ccykcnys7eym6t3/compiler/2022.2.1/linux/bin-llvm/../compiler/lib/intel64_lin -L/sw/workstations/apps/linux-ubuntu22.04-ivybridge/intel-oneapi-compilers/2022.2.1/gcc-11.3.0/k2f52ijqkzvd4hct7ccykcnys7eym6t3/compiler/2022.2.1/linux/bin-llvm/../lib -L/sw/workstations/apps/linux-ubuntu22.04-ivybridge/intel-oneapi-compilers/2022.2.1/gcc-11.3.0/k2f52ijqkzvd4hct7ccykcnys7eym6t3/compiler/2022.2.1/linux/bin-llvm/../compiler/lib/intel64_lin -L/usr/lib/gcc/x86_64-linux-gnu/12 -L/usr/lib/gcc/x86_64-linux-gnu/12/../../../../lib64 -L/lib/x86_64-linux-gnu -L/lib/../lib64 -L/usr/lib/x86_64-linux-gnu -L/usr/lib/../lib64 -L/usr/lib/gcc/x86_64-linux-gnu/12/../../.. -L/lib -L/usr/lib -L/sw/workstations/apps/linux-ubuntu22.04-ivybridge/intel-oneapi-compilers/2022.2.1/gcc-11.3.0/k2f52ijqkzvd4hct7ccykcnys7eym6t3/compiler/2022.2.1/linux/compiler/lib/intel64_lin -L/sw/workstations/apps/linux-ubuntu22.04-ivybridge/intel-oneapi-compilers/2022.2.1/gcc-11.3.0/k2f52ijqkzvd4hct7ccykcnys7eym6t3/compiler/2022.2.1/linux/lib -rpath /sw/workstations/apps/linux-ubuntu22.04-ivybridge/intel-oneapi-compilers/2022.2.1/gcc-11.3.0/k2f52ijqkzvd4hct7ccykcnys7eym6t3/compiler/2022.2.1/linux/lib -rpath /sw/workstations/apps/linux-ubuntu22.04-ivybridge/intel-oneapi-compilers/2022.2.1/gcc-11.3.0/k2f52ijqkzvd4hct7ccykcnys7eym6t3/compiler/2022.2.1/linux/lib/x64 -rpath /sw/workstations/apps/linux-ubuntu22.04-ivybridge/intel-oneapi-compilers/2022.2.1/gcc-11.3.0/k2f52ijqkzvd4hct7ccykcnys7eym6t3/compiler/2022.2.1/linux/lib/oclfpga/host/linux64/lib -rpath /sw/workstations/apps/linux-ubuntu22.04-ivybridge/intel-oneapi-compilers/2022.2.1/gcc-11.3.0/k2f52ijqkzvd4hct7ccykcnys7eym6t3/compiler/2022.2.1/linux/lib/oclfpga/linux64/lib -rpath /sw/workstations/apps/linux-ubuntu22.04-ivybridge/intel-oneapi-compilers/2022.2.1/gcc-11.3.0/k2f52ijqkzvd4hct7ccykcnys7eym6t3/compiler/2022.2.1/linux/compiler/lib/intel64_lin CMakeFiles/cmTC_44d52.dir/OpenMPTryFlag.c.o -Bstatic -lsvml -Bdynamic -Bstatic -lirng -Bdynamic -Bstatic -limf -Bdynamic -lm -lgcc --as-needed -lgcc_s --no-as-needed -Bstatic -lirc -Bdynamic -ldl -liomp5 -L/sw/workstations/apps/linux-ubuntu22.04-ivybridge/intel-oneapi-compilers/2022.2.1/gcc-11.3.0/k2f52ijqkzvd4hct7ccykcnys7eym6t3/compiler/2022.2.1/linux/lib -lgcc --as-needed -lgcc_s --no-as-needed -lpthread -lc -lgcc --as-needed -lgcc_s --no-as-needed -Bstatic -lirc_s -Bdynamic /usr/lib/gcc/x86_64-linux-gnu/12/crtend.o /lib/x86_64-linux-gnu/crtn.o]
    arg [/usr/bin/ld] ==> ignore
    arg [-zrelro] ==> ignore
    arg [--hash-style=gnu] ==> ignore
    arg [--eh-frame-hdr] ==> ignore
    arg [-m] ==> ignore
    arg [elf_x86_64] ==> ignore
    arg [-dynamic-linker] ==> ignore
    arg [/lib64/ld-linux-x86-64.so.2] ==> ignore
    arg [-o] ==> ignore
    arg [cmTC_44d52] ==> ignore
    arg [-L/sw/workstations/apps/linux-ubuntu22.04-ivybridge/intel-oneapi-compilers/2022.2.1/gcc-11.3.0/k2f52ijqkzvd4hct7ccykcnys7eym6t3/compiler/2022.2.1/linux/bin-llvm/../compiler/lib/intel64_lin] ==> dir [/sw/workstations/apps/linux-ubuntu22.04-ivybridge/intel-oneapi-compilers/2022.2.1/gcc-11.3.0/k2f52ijqkzvd4hct7ccykcnys7eym6t3/compiler/2022.2.1/linux/bin-llvm/../compiler/lib/intel64_lin]
    arg [-L/sw/workstations/apps/linux-ubuntu22.04-ivybridge/intel-oneapi-compilers/2022.2.1/gcc-11.3.0/k2f52ijqkzvd4hct7ccykcnys7eym6t3/compiler/2022.2.1/linux/bin-llvm/../lib] ==> dir [/sw/workstations/apps/linux-ubuntu22.04-ivybridge/intel-oneapi-compilers/2022.2.1/gcc-11.3.0/k2f52ijqkzvd4hct7ccykcnys7eym6t3/compiler/2022.2.1/linux/bin-llvm/../lib]
    arg [-L/sw/workstations/apps/linux-ubuntu22.04-ivybridge/intel-oneapi-compilers/2022.2.1/gcc-11.3.0/k2f52ijqkzvd4hct7ccykcnys7eym6t3/compiler/2022.2.1/linux/bin-llvm/../compiler/lib/intel64_lin] ==> dir [/sw/workstations/apps/linux-ubuntu22.04-ivybridge/intel-oneapi-compilers/2022.2.1/gcc-11.3.0/k2f52ijqkzvd4hct7ccykcnys7eym6t3/compiler/2022.2.1/linux/bin-llvm/../compiler/lib/intel64_lin]
    arg [-L/usr/lib/gcc/x86_64-linux-gnu/12] ==> dir [/usr/lib/gcc/x86_64-linux-gnu/12]
    arg [-L/usr/lib/gcc/x86_64-linux-gnu/12/../../../../lib64] ==> dir [/usr/lib/gcc/x86_64-linux-gnu/12/../../../../lib64]
    arg [-L/lib/x86_64-linux-gnu] ==> dir [/lib/x86_64-linux-gnu]
    arg [-L/lib/../lib64] ==> dir [/lib/../lib64]
    arg [-L/usr/lib/x86_64-linux-gnu] ==> dir [/usr/lib/x86_64-linux-gnu]
    arg [-L/usr/lib/../lib64] ==> dir [/usr/lib/../lib64]
    arg [-L/usr/lib/gcc/x86_64-linux-gnu/12/../../..] ==> dir [/usr/lib/gcc/x86_64-linux-gnu/12/../../..]
    arg [-L/lib] ==> dir [/lib]
    arg [-L/usr/lib] ==> dir [/usr/lib]
    arg [-L/sw/workstations/apps/linux-ubuntu22.04-ivybridge/intel-oneapi-compilers/2022.2.1/gcc-11.3.0/k2f52ijqkzvd4hct7ccykcnys7eym6t3/compiler/2022.2.1/linux/compiler/lib/intel64_lin] ==> dir [/sw/workstations/apps/linux-ubuntu22.04-ivybridge/intel-oneapi-compilers/2022.2.1/gcc-11.3.0/k2f52ijqkzvd4hct7ccykcnys7eym6t3/compiler/2022.2.1/linux/compiler/lib/intel64_lin]
    arg [-L/sw/workstations/apps/linux-ubuntu22.04-ivybridge/intel-oneapi-compilers/2022.2.1/gcc-11.3.0/k2f52ijqkzvd4hct7ccykcnys7eym6t3/compiler/2022.2.1/linux/lib] ==> dir [/sw/workstations/apps/linux-ubuntu22.04-ivybridge/intel-oneapi-compilers/2022.2.1/gcc-11.3.0/k2f52ijqkzvd4hct7ccykcnys7eym6t3/compiler/2022.2.1/linux/lib]
    arg [-rpath] ==> ignore
    arg [/sw/workstations/apps/linux-ubuntu22.04-ivybridge/intel-oneapi-compilers/2022.2.1/gcc-11.3.0/k2f52ijqkzvd4hct7ccykcnys7eym6t3/compiler/2022.2.1/linux/lib] ==> ignore
    arg [-rpath] ==> ignore
    arg [/sw/workstations/apps/linux-ubuntu22.04-ivybridge/intel-oneapi-compilers/2022.2.1/gcc-11.3.0/k2f52ijqkzvd4hct7ccykcnys7eym6t3/compiler/2022.2.1/linux/lib/x64] ==> ignore
    arg [-rpath] ==> ignore
    arg [/sw/workstations/apps/linux-ubuntu22.04-ivybridge/intel-oneapi-compilers/2022.2.1/gcc-11.3.0/k2f52ijqkzvd4hct7ccykcnys7eym6t3/compiler/2022.2.1/linux/lib/oclfpga/host/linux64/lib] ==> ignore
    arg [-rpath] ==> ignore
    arg [/sw/workstations/apps/linux-ubuntu22.04-ivybridge/intel-oneapi-compilers/2022.2.1/gcc-11.3.0/k2f52ijqkzvd4hct7ccykcnys7eym6t3/compiler/2022.2.1/linux/lib/oclfpga/linux64/lib] ==> ignore
    arg [-rpath] ==> ignore
    arg [/sw/workstations/apps/linux-ubuntu22.04-ivybridge/intel-oneapi-compilers/2022.2.1/gcc-11.3.0/k2f52ijqkzvd4hct7ccykcnys7eym6t3/compiler/2022.2.1/linux/compiler/lib/intel64_lin] ==> ignore
    arg [CMakeFiles/cmTC_44d52.dir/OpenMPTryFlag.c.o] ==> ignore
    arg [-Bstatic] ==> search static
    arg [-lsvml] ==> lib [svml]
    arg [-Bdynamic] ==> search dynamic
    arg [-Bstatic] ==> search static
    arg [-lirng] ==> lib [irng]
    arg [-Bdynamic] ==> search dynamic
    arg [-Bstatic] ==> search static
    arg [-limf] ==> lib [imf]
    arg [-Bdynamic] ==> search dynamic
    arg [-lm] ==> lib [m]
    arg [-lgcc] ==> lib [gcc]
    arg [--as-needed] ==> ignore
    arg [-lgcc_s] ==> lib [gcc_s]
    arg [--no-as-needed] ==> ignore
    arg [-Bstatic] ==> search static
    arg [-lirc] ==> lib [irc]
    arg [-Bdynamic] ==> search dynamic
    arg [-ldl] ==> lib [dl]
    arg [-liomp5] ==> lib [iomp5]
    arg [-L/sw/workstations/apps/linux-ubuntu22.04-ivybridge/intel-oneapi-compilers/2022.2.1/gcc-11.3.0/k2f52ijqkzvd4hct7ccykcnys7eym6t3/compiler/2022.2.1/linux/lib] ==> dir [/sw/workstations/apps/linux-ubuntu22.04-ivybridge/intel-oneapi-compilers/2022.2.1/gcc-11.3.0/k2f52ijqkzvd4hct7ccykcnys7eym6t3/compiler/2022.2.1/linux/lib]
    arg [-lgcc] ==> lib [gcc]
    arg [--as-needed] ==> ignore
    arg [-lgcc_s] ==> lib [gcc_s]
    arg [--no-as-needed] ==> ignore
    arg [-lpthread] ==> lib [pthread]
    arg [-lc] ==> lib [c]
    arg [-lgcc] ==> lib [gcc]
    arg [--as-needed] ==> ignore
    arg [-lgcc_s] ==> lib [gcc_s]
    arg [--no-as-needed] ==> ignore
    arg [-Bstatic] ==> search static
    arg [-lirc_s] ==> lib [irc_s]
    arg [-Bdynamic] ==> search dynamic
  collapse library dir [/sw/workstations/apps/linux-ubuntu22.04-ivybridge/intel-oneapi-compilers/2022.2.1/gcc-11.3.0/k2f52ijqkzvd4hct7ccykcnys7eym6t3/compiler/2022.2.1/linux/bin-llvm/../compiler/lib/intel64_lin] ==> [/sw/workstations/apps/linux-ubuntu22.04-ivybridge/intel-oneapi-compilers/2022.2.1/gcc-11.3.0/k2f52ijqkzvd4hct7ccykcnys7eym6t3/compiler/2022.2.1/linux/compiler/lib/intel64_lin]
  collapse library dir [/sw/workstations/apps/linux-ubuntu22.04-ivybridge/intel-oneapi-compilers/2022.2.1/gcc-11.3.0/k2f52ijqkzvd4hct7ccykcnys7eym6t3/compiler/2022.2.1/linux/bin-llvm/../lib] ==> [/sw/workstations/apps/linux-ubuntu22.04-ivybridge/intel-oneapi-compilers/2022.2.1/gcc-11.3.0/k2f52ijqkzvd4hct7ccykcnys7eym6t3/compiler/2022.2.1/linux/lib]
  collapse library dir [/sw/workstations/apps/linux-ubuntu22.04-ivybridge/intel-oneapi-compilers/2022.2.1/gcc-11.3.0/k2f52ijqkzvd4hct7ccykcnys7eym6t3/compiler/2022.2.1/linux/bin-llvm/../compiler/lib/intel64_lin] ==> [/sw/workstations/apps/linux-ubuntu22.04-ivybridge/intel-oneapi-compilers/2022.2.1/gcc-11.3.0/k2f52ijqkzvd4hct7ccykcnys7eym6t3/compiler/2022.2.1/linux/compiler/lib/intel64_lin]
  collapse library dir [/usr/lib/gcc/x86_64-linux-gnu/12] ==> [/usr/lib/gcc/x86_64-linux-gnu/12]
  collapse library dir [/usr/lib/gcc/x86_64-linux-gnu/12/../../../../lib64] ==> [/usr/lib64]
  collapse library dir [/lib/x86_64-linux-gnu] ==> [/lib/x86_64-linux-gnu]
  collapse library dir [/lib/../lib64] ==> [/lib64]
  collapse library dir [/usr/lib/x86_64-linux-gnu] ==> [/usr/lib/x86_64-linux-gnu]
  collapse library dir [/usr/lib/../lib64] ==> [/usr/lib64]
  collapse library dir [/usr/lib/gcc/x86_64-linux-gnu/12/../../..] ==> [/usr/lib]
  collapse library dir [/lib] ==> [/lib]
  collapse library dir [/usr/lib] ==> [/usr/lib]
  collapse library dir [/sw/workstations/apps/linux-ubuntu22.04-ivybridge/intel-oneapi-compilers/2022.2.1/gcc-11.3.0/k2f52ijqkzvd4hct7ccykcnys7eym6t3/compiler/2022.2.1/linux/compiler/lib/intel64_lin] ==> [/sw/workstations/apps/linux-ubuntu22.04-ivybridge/intel-oneapi-compilers/2022.2.1/gcc-11.3.0/k2f52ijqkzvd4hct7ccykcnys7eym6t3/compiler/2022.2.1/linux/compiler/lib/intel64_lin]
  collapse library dir [/sw/workstations/apps/linux-ubuntu22.04-ivybridge/intel-oneapi-compilers/2022.2.1/gcc-11.3.0/k2f52ijqkzvd4hct7ccykcnys7eym6t3/compiler/2022.2.1/linux/lib] ==> [/sw/workstations/apps/linux-ubuntu22.04-ivybridge/intel-oneapi-compilers/2022.2.1/gcc-11.3.0/k2f52ijqkzvd4hct7ccykcnys7eym6t3/compiler/2022.2.1/linux/lib]
  collapse library dir [/sw/workstations/apps/linux-ubuntu22.04-ivybridge/intel-oneapi-compilers/2022.2.1/gcc-11.3.0/k2f52ijqkzvd4hct7ccykcnys7eym6t3/compiler/2022.2.1/linux/lib] ==> [/sw/workstations/apps/linux-ubuntu22.04-ivybridge/intel-oneapi-compilers/2022.2.1/gcc-11.3.0/k2f52ijqkzvd4hct7ccykcnys7eym6t3/compiler/2022.2.1/linux/lib]
  implicit libs: [svml;irng;imf;m;gcc;gcc_s;irc;dl;iomp5;gcc;gcc_s;pthread;c;gcc;gcc_s;irc_s]
  implicit objs: []
  implicit dirs: [/sw/workstations/apps/linux-ubuntu22.04-ivybridge/intel-oneapi-compilers/2022.2.1/gcc-11.3.0/k2f52ijqkzvd4hct7ccykcnys7eym6t3/compiler/2022.2.1/linux/compiler/lib/intel64_lin;/sw/workstations/apps/linux-ubuntu22.04-ivybridge/intel-oneapi-compilers/2022.2.1/gcc-11.3.0/k2f52ijqkzvd4hct7ccykcnys7eym6t3/compiler/2022.2.1/linux/lib;/usr/lib/gcc/x86_64-linux-gnu/12;/usr/lib64;/lib/x86_64-linux-gnu;/lib64;/usr/lib/x86_64-linux-gnu;/usr/lib;/lib]
  implicit fwks: []


Compiling the CXX compiler identification source file "CMakeCXXCompilerId.cpp" succeeded.
Compiler: /sw/workstations/apps/linux-ubuntu22.04-ivybridge/intel-oneapi-compilers/2022.2.1/gcc-11.3.0/k2f52ijqkzvd4hct7ccykcnys7eym6t3/compiler/2022.2.1/linux/bin/icpx 
Build flags: ;
Id flags:  

The output was:
0


Compilation of the CXX compiler identification source "CMakeCXXCompilerId.cpp" produced "a.out"

The CXX compiler identification is IntelLLVM, found in "/media/x_plotnips/sdd1/Dropbox/PhD_proposal/work_with_david/Exawave_3_handover/panzer_repo/CMakeFiles/3.24.3/CompilerIdCXX/a.out"

Detecting CXX compiler ABI info compiled with the following output:
Change Dir: /media/x_plotnips/sdd1/Dropbox/PhD_proposal/work_with_david/Exawave_3_handover/panzer_repo/CMakeFiles/CMakeTmp

Run Build Command(s):/usr/bin/gmake -f Makefile cmTC_dcee4/fast && /usr/bin/gmake  -f CMakeFiles/cmTC_dcee4.dir/build.make CMakeFiles/cmTC_dcee4.dir/build
gmake[1]: Entering directory '/media/x_plotnips/sdd1/Dropbox/PhD_proposal/work_with_david/Exawave_3_handover/panzer_repo/CMakeFiles/CMakeTmp'
Building CXX object CMakeFiles/cmTC_dcee4.dir/CMakeCXXCompilerABI.cpp.o
/sw/workstations/apps/linux-ubuntu22.04-ivybridge/intel-oneapi-compilers/2022.2.1/gcc-11.3.0/k2f52ijqkzvd4hct7ccykcnys7eym6t3/compiler/2022.2.1/linux/bin/icpx   -v -MD -MT CMakeFiles/cmTC_dcee4.dir/CMakeCXXCompilerABI.cpp.o -MF CMakeFiles/cmTC_dcee4.dir/CMakeCXXCompilerABI.cpp.o.d -o CMakeFiles/cmTC_dcee4.dir/CMakeCXXCompilerABI.cpp.o -c /sw/workstations/apps/linux-ubuntu22.04-ivybridge/cmake/3.24.3/gcc-11.3.0/im6us5w327xiszfjh37fer4odzrpsbgr/share/cmake-3.24/Modules/CMakeCXXCompilerABI.cpp
Intel(R) oneAPI DPC++/C++ Compiler 2022.2.1 (2022.2.1.20221020)
Target: x86_64-unknown-linux-gnu
Thread model: posix
InstalledDir: /sw/workstations/apps/linux-ubuntu22.04-ivybridge/intel-oneapi-compilers/2022.2.1/gcc-11.3.0/k2f52ijqkzvd4hct7ccykcnys7eym6t3/compiler/2022.2.1/linux/bin-llvm
Configuration file: /sw/workstations/apps/linux-ubuntu22.04-ivybridge/intel-oneapi-compilers/2022.2.1/gcc-11.3.0/k2f52ijqkzvd4hct7ccykcnys7eym6t3/compiler/2022.2.1/linux/bin/icpx.cfg
Found candidate GCC installation: /usr/lib/gcc/x86_64-linux-gnu/11
Found candidate GCC installation: /usr/lib/gcc/x86_64-linux-gnu/12
Selected GCC installation: /usr/lib/gcc/x86_64-linux-gnu/12
Candidate multilib: .;@m64
Selected multilib: .;@m64
 (in-process)
 "/sw/workstations/apps/linux-ubuntu22.04-ivybridge/intel-oneapi-compilers/2022.2.1/gcc-11.3.0/k2f52ijqkzvd4hct7ccykcnys7eym6t3/compiler/2022.2.1/linux/bin-llvm/clang++" -cc1 -triple x86_64-unknown-linux-gnu -emit-obj --mrelax-relocations -disable-free -clear-ast-before-backend -disable-llvm-verifier -discard-value-names -main-file-name CMakeCXXCompilerABI.cpp -mrelocation-model static -fveclib=SVML -mframe-pointer=none -menable-no-infs -menable-no-nans -fapprox-func -menable-unsafe-fp-math -fno-signed-zeros -mreassociate -freciprocal-math -fdenormal-fp-math=preserve-sign,preserve-sign -ffp-contract=fast -fno-rounding-math -ffast-math -ffinite-math-only -mconstructor-aliases -funwind-tables=2 -target-cpu x86-64 -mllvm -x86-enable-unaligned-vector-move=true -tune-cpu generic -mllvm -treat-scalable-fixed-error-as-warning -debugger-tuning=gdb -v -fcoverage-compilation-dir=/media/x_plotnips/sdd1/Dropbox/PhD_proposal/work_with_david/Exawave_3_handover/panzer_repo/CMakeFiles/CMakeTmp -resource-dir /sw/workstations/apps/linux-ubuntu22.04-ivybridge/intel-oneapi-compilers/2022.2.1/gcc-11.3.0/k2f52ijqkzvd4hct7ccykcnys7eym6t3/compiler/2022.2.1/linux/lib/clang/15.0.0 -dependency-file CMakeFiles/cmTC_dcee4.dir/CMakeCXXCompilerABI.cpp.o.d -MT CMakeFiles/cmTC_dcee4.dir/CMakeCXXCompilerABI.cpp.o -sys-header-deps -internal-isystem /sw/workstations/apps/linux-ubuntu22.04-ivybridge/intel-oneapi-compilers/2022.2.1/gcc-11.3.0/k2f52ijqkzvd4hct7ccykcnys7eym6t3/compiler/2022.2.1/linux/bin-llvm/../compiler/include -internal-isystem /usr/lib/gcc/x86_64-linux-gnu/12/../../../../include/c++ -internal-isystem /usr/lib/gcc/x86_64-linux-gnu/12/../../../../include/c++/x86_64-linux-gnu -internal-isystem /usr/lib/gcc/x86_64-linux-gnu/12/../../../../include/c++/backward -internal-isystem /sw/workstations/apps/linux-ubuntu22.04-ivybridge/intel-oneapi-compilers/2022.2.1/gcc-11.3.0/k2f52ijqkzvd4hct7ccykcnys7eym6t3/compiler/2022.2.1/linux/lib/clang/15.0.0/include -internal-isystem /usr/local/include -internal-isystem /usr/lib/gcc/x86_64-linux-gnu/12/../../../../x86_64-linux-gnu/include -internal-externc-isystem /usr/include/x86_64-linux-gnu -internal-externc-isystem /include -internal-externc-isystem /usr/include -O2 -fdeprecated-macro -fdebug-compilation-dir=/media/x_plotnips/sdd1/Dropbox/PhD_proposal/work_with_david/Exawave_3_handover/panzer_repo/CMakeFiles/CMakeTmp -ferror-limit 19 -fheinous-gnu-extensions -fgnuc-version=4.2.1 -fcxx-exceptions -fexceptions -vectorize-loops -vectorize-slp -D__GCC_HAVE_DWARF2_CFI_ASM=1 -fintel-compatibility -fintel-libirc-allowed -mllvm -disable-hir-generate-mkl-call -mllvm -loopopt=1 -floopopt-pipeline=light -mllvm -intel-abi-compatible=true -o CMakeFiles/cmTC_dcee4.dir/CMakeCXXCompilerABI.cpp.o -x c++ /sw/workstations/apps/linux-ubuntu22.04-ivybridge/cmake/3.24.3/gcc-11.3.0/im6us5w327xiszfjh37fer4odzrpsbgr/share/cmake-3.24/Modules/CMakeCXXCompilerABI.cpp
clang -cc1 version 15.0.0 based upon LLVM 15.0.0git default target x86_64-unknown-linux-gnu
ignoring nonexistent directory "/usr/lib/gcc/x86_64-linux-gnu/12/../../../../include/c++/x86_64-linux-gnu"
ignoring nonexistent directory "/usr/lib/gcc/x86_64-linux-gnu/12/../../../../include/c++/backward"
ignoring nonexistent directory "/usr/lib/gcc/x86_64-linux-gnu/12/../../../../x86_64-linux-gnu/include"
ignoring nonexistent directory "/include"
#include "..." search starts here:
#include <...> search starts here:
 /sw/workstations/apps/linux-ubuntu22.04-ivybridge/intel-oneapi-compilers/2022.2.1/gcc-11.3.0/k2f52ijqkzvd4hct7ccykcnys7eym6t3/compiler/2022.2.1/linux/bin-llvm/../compiler/include
 /usr/lib/gcc/x86_64-linux-gnu/12/../../../../include/c++
 /sw/workstations/apps/linux-ubuntu22.04-ivybridge/intel-oneapi-compilers/2022.2.1/gcc-11.3.0/k2f52ijqkzvd4hct7ccykcnys7eym6t3/compiler/2022.2.1/linux/lib/clang/15.0.0/include
 /usr/local/include
 /usr/include/x86_64-linux-gnu
 /usr/include
End of search list.
Linking CXX executable cmTC_dcee4
/sw/workstations/apps/linux-ubuntu22.04-ivybridge/cmake/3.24.3/gcc-11.3.0/im6us5w327xiszfjh37fer4odzrpsbgr/bin/cmake -E cmake_link_script CMakeFiles/cmTC_dcee4.dir/link.txt --verbose=1
/sw/workstations/apps/linux-ubuntu22.04-ivybridge/intel-oneapi-compilers/2022.2.1/gcc-11.3.0/k2f52ijqkzvd4hct7ccykcnys7eym6t3/compiler/2022.2.1/linux/bin/icpx   -v CMakeFiles/cmTC_dcee4.dir/CMakeCXXCompilerABI.cpp.o -o cmTC_dcee4 
Intel(R) oneAPI DPC++/C++ Compiler 2022.2.1 (2022.2.1.20221020)
Target: x86_64-unknown-linux-gnu
Thread model: posix
InstalledDir: /sw/workstations/apps/linux-ubuntu22.04-ivybridge/intel-oneapi-compilers/2022.2.1/gcc-11.3.0/k2f52ijqkzvd4hct7ccykcnys7eym6t3/compiler/2022.2.1/linux/bin-llvm
Configuration file: /sw/workstations/apps/linux-ubuntu22.04-ivybridge/intel-oneapi-compilers/2022.2.1/gcc-11.3.0/k2f52ijqkzvd4hct7ccykcnys7eym6t3/compiler/2022.2.1/linux/bin/icpx.cfg
Found candidate GCC installation: /usr/lib/gcc/x86_64-linux-gnu/11
Found candidate GCC installation: /usr/lib/gcc/x86_64-linux-gnu/12
Selected GCC installation: /usr/lib/gcc/x86_64-linux-gnu/12
Candidate multilib: .;@m64
Selected multilib: .;@m64
 "/usr/bin/ld" -z relro --hash-style=gnu --eh-frame-hdr -m elf_x86_64 -dynamic-linker /lib64/ld-linux-x86-64.so.2 -o cmTC_dcee4 /lib/x86_64-linux-gnu/crt1.o /lib/x86_64-linux-gnu/crti.o /usr/lib/gcc/x86_64-linux-gnu/12/crtbegin.o -L/sw/workstations/apps/linux-ubuntu22.04-ivybridge/intel-oneapi-compilers/2022.2.1/gcc-11.3.0/k2f52ijqkzvd4hct7ccykcnys7eym6t3/compiler/2022.2.1/linux/bin-llvm/../compiler/lib/intel64_lin -L/sw/workstations/apps/linux-ubuntu22.04-ivybridge/intel-oneapi-compilers/2022.2.1/gcc-11.3.0/k2f52ijqkzvd4hct7ccykcnys7eym6t3/compiler/2022.2.1/linux/bin-llvm/../lib -L/sw/workstations/apps/linux-ubuntu22.04-ivybridge/intel-oneapi-compilers/2022.2.1/gcc-11.3.0/k2f52ijqkzvd4hct7ccykcnys7eym6t3/compiler/2022.2.1/linux/bin-llvm/../compiler/lib/intel64_lin -L/usr/lib/gcc/x86_64-linux-gnu/12 -L/usr/lib/gcc/x86_64-linux-gnu/12/../../../../lib64 -L/lib/x86_64-linux-gnu -L/lib/../lib64 -L/usr/lib/x86_64-linux-gnu -L/usr/lib/../lib64 -L/usr/lib/gcc/x86_64-linux-gnu/12/../../.. -L/lib -L/usr/lib -L/sw/workstations/apps/linux-ubuntu22.04-ivybridge/intel-oneapi-compilers/2022.2.1/gcc-11.3.0/k2f52ijqkzvd4hct7ccykcnys7eym6t3/compiler/2022.2.1/linux/compiler/lib/intel64_lin -L/sw/workstations/apps/linux-ubuntu22.04-ivybridge/intel-oneapi-compilers/2022.2.1/gcc-11.3.0/k2f52ijqkzvd4hct7ccykcnys7eym6t3/compiler/2022.2.1/linux/lib -rpath /sw/workstations/apps/linux-ubuntu22.04-ivybridge/intel-oneapi-compilers/2022.2.1/gcc-11.3.0/k2f52ijqkzvd4hct7ccykcnys7eym6t3/compiler/2022.2.1/linux/lib -rpath /sw/workstations/apps/linux-ubuntu22.04-ivybridge/intel-oneapi-compilers/2022.2.1/gcc-11.3.0/k2f52ijqkzvd4hct7ccykcnys7eym6t3/compiler/2022.2.1/linux/lib/x64 -rpath /sw/workstations/apps/linux-ubuntu22.04-ivybridge/intel-oneapi-compilers/2022.2.1/gcc-11.3.0/k2f52ijqkzvd4hct7ccykcnys7eym6t3/compiler/2022.2.1/linux/lib/oclfpga/host/linux64/lib -rpath /sw/workstations/apps/linux-ubuntu22.04-ivybridge/intel-oneapi-compilers/2022.2.1/gcc-11.3.0/k2f52ijqkzvd4hct7ccykcnys7eym6t3/compiler/2022.2.1/linux/lib/oclfpga/linux64/lib -rpath /sw/workstations/apps/linux-ubuntu22.04-ivybridge/intel-oneapi-compilers/2022.2.1/gcc-11.3.0/k2f52ijqkzvd4hct7ccykcnys7eym6t3/compiler/2022.2.1/linux/compiler/lib/intel64_lin CMakeFiles/cmTC_dcee4.dir/CMakeCXXCompilerABI.cpp.o -Bstatic -lsvml -Bdynamic -Bstatic -lirng -Bdynamic -lstdc++ -Bstatic -limf -Bdynamic -lm -lgcc_s -lgcc -Bstatic -lirc -Bdynamic -ldl -lgcc_s -lgcc -lc -lgcc_s -lgcc -Bstatic -lirc_s -Bdynamic /usr/lib/gcc/x86_64-linux-gnu/12/crtend.o /lib/x86_64-linux-gnu/crtn.o
gmake[1]: Leaving directory '/media/x_plotnips/sdd1/Dropbox/PhD_proposal/work_with_david/Exawave_3_handover/panzer_repo/CMakeFiles/CMakeTmp'



Parsed CXX implicit include dir info from above output: rv=done
  found start of include info
  found start of implicit include info
    add: [/sw/workstations/apps/linux-ubuntu22.04-ivybridge/intel-oneapi-compilers/2022.2.1/gcc-11.3.0/k2f52ijqkzvd4hct7ccykcnys7eym6t3/compiler/2022.2.1/linux/bin-llvm/../compiler/include]
    add: [/usr/lib/gcc/x86_64-linux-gnu/12/../../../../include/c++]
    add: [/sw/workstations/apps/linux-ubuntu22.04-ivybridge/intel-oneapi-compilers/2022.2.1/gcc-11.3.0/k2f52ijqkzvd4hct7ccykcnys7eym6t3/compiler/2022.2.1/linux/lib/clang/15.0.0/include]
    add: [/usr/local/include]
    add: [/usr/include/x86_64-linux-gnu]
    add: [/usr/include]
  end of search list found
  collapse include dir [/sw/workstations/apps/linux-ubuntu22.04-ivybridge/intel-oneapi-compilers/2022.2.1/gcc-11.3.0/k2f52ijqkzvd4hct7ccykcnys7eym6t3/compiler/2022.2.1/linux/bin-llvm/../compiler/include] ==> [/sw/workstations/apps/linux-ubuntu22.04-ivybridge/intel-oneapi-compilers/2022.2.1/gcc-11.3.0/k2f52ijqkzvd4hct7ccykcnys7eym6t3/compiler/2022.2.1/linux/compiler/include]
  collapse include dir [/usr/lib/gcc/x86_64-linux-gnu/12/../../../../include/c++] ==> [/usr/include/c++]
  collapse include dir [/sw/workstations/apps/linux-ubuntu22.04-ivybridge/intel-oneapi-compilers/2022.2.1/gcc-11.3.0/k2f52ijqkzvd4hct7ccykcnys7eym6t3/compiler/2022.2.1/linux/lib/clang/15.0.0/include] ==> [/sw/workstations/apps/linux-ubuntu22.04-ivybridge/intel-oneapi-compilers/2022.2.1/gcc-11.3.0/k2f52ijqkzvd4hct7ccykcnys7eym6t3/compiler/2022.2.1/linux/lib/clang/15.0.0/include]
  collapse include dir [/usr/local/include] ==> [/usr/local/include]
  collapse include dir [/usr/include/x86_64-linux-gnu] ==> [/usr/include/x86_64-linux-gnu]
  collapse include dir [/usr/include] ==> [/usr/include]
  implicit include dirs: [/sw/workstations/apps/linux-ubuntu22.04-ivybridge/intel-oneapi-compilers/2022.2.1/gcc-11.3.0/k2f52ijqkzvd4hct7ccykcnys7eym6t3/compiler/2022.2.1/linux/compiler/include;/usr/include/c++;/sw/workstations/apps/linux-ubuntu22.04-ivybridge/intel-oneapi-compilers/2022.2.1/gcc-11.3.0/k2f52ijqkzvd4hct7ccykcnys7eym6t3/compiler/2022.2.1/linux/lib/clang/15.0.0/include;/usr/local/include;/usr/include/x86_64-linux-gnu;/usr/include]


Parsed CXX implicit link information from above output:
  link line regex: [^( *|.*[/\])(ld|CMAKE_LINK_STARTFILE-NOTFOUND|([^/\]+-)?ld|collect2)[^/\]*( |$)]
  ignore line: [Change Dir: /media/x_plotnips/sdd1/Dropbox/PhD_proposal/work_with_david/Exawave_3_handover/panzer_repo/CMakeFiles/CMakeTmp]
  ignore line: []
  ignore line: [Run Build Command(s):/usr/bin/gmake -f Makefile cmTC_dcee4/fast && /usr/bin/gmake  -f CMakeFiles/cmTC_dcee4.dir/build.make CMakeFiles/cmTC_dcee4.dir/build]
  ignore line: [gmake[1]: Entering directory '/media/x_plotnips/sdd1/Dropbox/PhD_proposal/work_with_david/Exawave_3_handover/panzer_repo/CMakeFiles/CMakeTmp']
  ignore line: [Building CXX object CMakeFiles/cmTC_dcee4.dir/CMakeCXXCompilerABI.cpp.o]
  ignore line: [/sw/workstations/apps/linux-ubuntu22.04-ivybridge/intel-oneapi-compilers/2022.2.1/gcc-11.3.0/k2f52ijqkzvd4hct7ccykcnys7eym6t3/compiler/2022.2.1/linux/bin/icpx   -v -MD -MT CMakeFiles/cmTC_dcee4.dir/CMakeCXXCompilerABI.cpp.o -MF CMakeFiles/cmTC_dcee4.dir/CMakeCXXCompilerABI.cpp.o.d -o CMakeFiles/cmTC_dcee4.dir/CMakeCXXCompilerABI.cpp.o -c /sw/workstations/apps/linux-ubuntu22.04-ivybridge/cmake/3.24.3/gcc-11.3.0/im6us5w327xiszfjh37fer4odzrpsbgr/share/cmake-3.24/Modules/CMakeCXXCompilerABI.cpp]
  ignore line: [Intel(R) oneAPI DPC++/C++ Compiler 2022.2.1 (2022.2.1.20221020)]
  ignore line: [Target: x86_64-unknown-linux-gnu]
  ignore line: [Thread model: posix]
  ignore line: [InstalledDir: /sw/workstations/apps/linux-ubuntu22.04-ivybridge/intel-oneapi-compilers/2022.2.1/gcc-11.3.0/k2f52ijqkzvd4hct7ccykcnys7eym6t3/compiler/2022.2.1/linux/bin-llvm]
  ignore line: [Configuration file: /sw/workstations/apps/linux-ubuntu22.04-ivybridge/intel-oneapi-compilers/2022.2.1/gcc-11.3.0/k2f52ijqkzvd4hct7ccykcnys7eym6t3/compiler/2022.2.1/linux/bin/icpx.cfg]
  ignore line: [Found candidate GCC installation: /usr/lib/gcc/x86_64-linux-gnu/11]
  ignore line: [Found candidate GCC installation: /usr/lib/gcc/x86_64-linux-gnu/12]
  ignore line: [Selected GCC installation: /usr/lib/gcc/x86_64-linux-gnu/12]
  ignore line: [Candidate multilib: .]
  ignore line: [@m64]
  ignore line: [Selected multilib: .]
  ignore line: [@m64]
  ignore line: [ (in-process)]
  ignore line: [ "/sw/workstations/apps/linux-ubuntu22.04-ivybridge/intel-oneapi-compilers/2022.2.1/gcc-11.3.0/k2f52ijqkzvd4hct7ccykcnys7eym6t3/compiler/2022.2.1/linux/bin-llvm/clang++" -cc1 -triple x86_64-unknown-linux-gnu -emit-obj --mrelax-relocations -disable-free -clear-ast-before-backend -disable-llvm-verifier -discard-value-names -main-file-name CMakeCXXCompilerABI.cpp -mrelocation-model static -fveclib=SVML -mframe-pointer=none -menable-no-infs -menable-no-nans -fapprox-func -menable-unsafe-fp-math -fno-signed-zeros -mreassociate -freciprocal-math -fdenormal-fp-math=preserve-sign preserve-sign -ffp-contract=fast -fno-rounding-math -ffast-math -ffinite-math-only -mconstructor-aliases -funwind-tables=2 -target-cpu x86-64 -mllvm -x86-enable-unaligned-vector-move=true -tune-cpu generic -mllvm -treat-scalable-fixed-error-as-warning -debugger-tuning=gdb -v -fcoverage-compilation-dir=/media/x_plotnips/sdd1/Dropbox/PhD_proposal/work_with_david/Exawave_3_handover/panzer_repo/CMakeFiles/CMakeTmp -resource-dir /sw/workstations/apps/linux-ubuntu22.04-ivybridge/intel-oneapi-compilers/2022.2.1/gcc-11.3.0/k2f52ijqkzvd4hct7ccykcnys7eym6t3/compiler/2022.2.1/linux/lib/clang/15.0.0 -dependency-file CMakeFiles/cmTC_dcee4.dir/CMakeCXXCompilerABI.cpp.o.d -MT CMakeFiles/cmTC_dcee4.dir/CMakeCXXCompilerABI.cpp.o -sys-header-deps -internal-isystem /sw/workstations/apps/linux-ubuntu22.04-ivybridge/intel-oneapi-compilers/2022.2.1/gcc-11.3.0/k2f52ijqkzvd4hct7ccykcnys7eym6t3/compiler/2022.2.1/linux/bin-llvm/../compiler/include -internal-isystem /usr/lib/gcc/x86_64-linux-gnu/12/../../../../include/c++ -internal-isystem /usr/lib/gcc/x86_64-linux-gnu/12/../../../../include/c++/x86_64-linux-gnu -internal-isystem /usr/lib/gcc/x86_64-linux-gnu/12/../../../../include/c++/backward -internal-isystem /sw/workstations/apps/linux-ubuntu22.04-ivybridge/intel-oneapi-compilers/2022.2.1/gcc-11.3.0/k2f52ijqkzvd4hct7ccykcnys7eym6t3/compiler/2022.2.1/linux/lib/clang/15.0.0/include -internal-isystem /usr/local/include -internal-isystem /usr/lib/gcc/x86_64-linux-gnu/12/../../../../x86_64-linux-gnu/include -internal-externc-isystem /usr/include/x86_64-linux-gnu -internal-externc-isystem /include -internal-externc-isystem /usr/include -O2 -fdeprecated-macro -fdebug-compilation-dir=/media/x_plotnips/sdd1/Dropbox/PhD_proposal/work_with_david/Exawave_3_handover/panzer_repo/CMakeFiles/CMakeTmp -ferror-limit 19 -fheinous-gnu-extensions -fgnuc-version=4.2.1 -fcxx-exceptions -fexceptions -vectorize-loops -vectorize-slp -D__GCC_HAVE_DWARF2_CFI_ASM=1 -fintel-compatibility -fintel-libirc-allowed -mllvm -disable-hir-generate-mkl-call -mllvm -loopopt=1 -floopopt-pipeline=light -mllvm -intel-abi-compatible=true -o CMakeFiles/cmTC_dcee4.dir/CMakeCXXCompilerABI.cpp.o -x c++ /sw/workstations/apps/linux-ubuntu22.04-ivybridge/cmake/3.24.3/gcc-11.3.0/im6us5w327xiszfjh37fer4odzrpsbgr/share/cmake-3.24/Modules/CMakeCXXCompilerABI.cpp]
  ignore line: [clang -cc1 version 15.0.0 based upon LLVM 15.0.0git default target x86_64-unknown-linux-gnu]
  ignore line: [ignoring nonexistent directory "/usr/lib/gcc/x86_64-linux-gnu/12/../../../../include/c++/x86_64-linux-gnu"]
  ignore line: [ignoring nonexistent directory "/usr/lib/gcc/x86_64-linux-gnu/12/../../../../include/c++/backward"]
  ignore line: [ignoring nonexistent directory "/usr/lib/gcc/x86_64-linux-gnu/12/../../../../x86_64-linux-gnu/include"]
  ignore line: [ignoring nonexistent directory "/include"]
  ignore line: [#include "..." search starts here:]
  ignore line: [#include <...> search starts here:]
  ignore line: [ /sw/workstations/apps/linux-ubuntu22.04-ivybridge/intel-oneapi-compilers/2022.2.1/gcc-11.3.0/k2f52ijqkzvd4hct7ccykcnys7eym6t3/compiler/2022.2.1/linux/bin-llvm/../compiler/include]
  ignore line: [ /usr/lib/gcc/x86_64-linux-gnu/12/../../../../include/c++]
  ignore line: [ /sw/workstations/apps/linux-ubuntu22.04-ivybridge/intel-oneapi-compilers/2022.2.1/gcc-11.3.0/k2f52ijqkzvd4hct7ccykcnys7eym6t3/compiler/2022.2.1/linux/lib/clang/15.0.0/include]
  ignore line: [ /usr/local/include]
  ignore line: [ /usr/include/x86_64-linux-gnu]
  ignore line: [ /usr/include]
  ignore line: [End of search list.]
  ignore line: [Linking CXX executable cmTC_dcee4]
  ignore line: [/sw/workstations/apps/linux-ubuntu22.04-ivybridge/cmake/3.24.3/gcc-11.3.0/im6us5w327xiszfjh37fer4odzrpsbgr/bin/cmake -E cmake_link_script CMakeFiles/cmTC_dcee4.dir/link.txt --verbose=1]
  ignore line: [/sw/workstations/apps/linux-ubuntu22.04-ivybridge/intel-oneapi-compilers/2022.2.1/gcc-11.3.0/k2f52ijqkzvd4hct7ccykcnys7eym6t3/compiler/2022.2.1/linux/bin/icpx   -v CMakeFiles/cmTC_dcee4.dir/CMakeCXXCompilerABI.cpp.o -o cmTC_dcee4 ]
  ignore line: [Intel(R) oneAPI DPC++/C++ Compiler 2022.2.1 (2022.2.1.20221020)]
  ignore line: [Target: x86_64-unknown-linux-gnu]
  ignore line: [Thread model: posix]
  ignore line: [InstalledDir: /sw/workstations/apps/linux-ubuntu22.04-ivybridge/intel-oneapi-compilers/2022.2.1/gcc-11.3.0/k2f52ijqkzvd4hct7ccykcnys7eym6t3/compiler/2022.2.1/linux/bin-llvm]
  ignore line: [Configuration file: /sw/workstations/apps/linux-ubuntu22.04-ivybridge/intel-oneapi-compilers/2022.2.1/gcc-11.3.0/k2f52ijqkzvd4hct7ccykcnys7eym6t3/compiler/2022.2.1/linux/bin/icpx.cfg]
  ignore line: [Found candidate GCC installation: /usr/lib/gcc/x86_64-linux-gnu/11]
  ignore line: [Found candidate GCC installation: /usr/lib/gcc/x86_64-linux-gnu/12]
  ignore line: [Selected GCC installation: /usr/lib/gcc/x86_64-linux-gnu/12]
  ignore line: [Candidate multilib: .]
  ignore line: [@m64]
  ignore line: [Selected multilib: .]
  ignore line: [@m64]
  link line: [ "/usr/bin/ld" -z relro --hash-style=gnu --eh-frame-hdr -m elf_x86_64 -dynamic-linker /lib64/ld-linux-x86-64.so.2 -o cmTC_dcee4 /lib/x86_64-linux-gnu/crt1.o /lib/x86_64-linux-gnu/crti.o /usr/lib/gcc/x86_64-linux-gnu/12/crtbegin.o -L/sw/workstations/apps/linux-ubuntu22.04-ivybridge/intel-oneapi-compilers/2022.2.1/gcc-11.3.0/k2f52ijqkzvd4hct7ccykcnys7eym6t3/compiler/2022.2.1/linux/bin-llvm/../compiler/lib/intel64_lin -L/sw/workstations/apps/linux-ubuntu22.04-ivybridge/intel-oneapi-compilers/2022.2.1/gcc-11.3.0/k2f52ijqkzvd4hct7ccykcnys7eym6t3/compiler/2022.2.1/linux/bin-llvm/../lib -L/sw/workstations/apps/linux-ubuntu22.04-ivybridge/intel-oneapi-compilers/2022.2.1/gcc-11.3.0/k2f52ijqkzvd4hct7ccykcnys7eym6t3/compiler/2022.2.1/linux/bin-llvm/../compiler/lib/intel64_lin -L/usr/lib/gcc/x86_64-linux-gnu/12 -L/usr/lib/gcc/x86_64-linux-gnu/12/../../../../lib64 -L/lib/x86_64-linux-gnu -L/lib/../lib64 -L/usr/lib/x86_64-linux-gnu -L/usr/lib/../lib64 -L/usr/lib/gcc/x86_64-linux-gnu/12/../../.. -L/lib -L/usr/lib -L/sw/workstations/apps/linux-ubuntu22.04-ivybridge/intel-oneapi-compilers/2022.2.1/gcc-11.3.0/k2f52ijqkzvd4hct7ccykcnys7eym6t3/compiler/2022.2.1/linux/compiler/lib/intel64_lin -L/sw/workstations/apps/linux-ubuntu22.04-ivybridge/intel-oneapi-compilers/2022.2.1/gcc-11.3.0/k2f52ijqkzvd4hct7ccykcnys7eym6t3/compiler/2022.2.1/linux/lib -rpath /sw/workstations/apps/linux-ubuntu22.04-ivybridge/intel-oneapi-compilers/2022.2.1/gcc-11.3.0/k2f52ijqkzvd4hct7ccykcnys7eym6t3/compiler/2022.2.1/linux/lib -rpath /sw/workstations/apps/linux-ubuntu22.04-ivybridge/intel-oneapi-compilers/2022.2.1/gcc-11.3.0/k2f52ijqkzvd4hct7ccykcnys7eym6t3/compiler/2022.2.1/linux/lib/x64 -rpath /sw/workstations/apps/linux-ubuntu22.04-ivybridge/intel-oneapi-compilers/2022.2.1/gcc-11.3.0/k2f52ijqkzvd4hct7ccykcnys7eym6t3/compiler/2022.2.1/linux/lib/oclfpga/host/linux64/lib -rpath /sw/workstations/apps/linux-ubuntu22.04-ivybridge/intel-oneapi-compilers/2022.2.1/gcc-11.3.0/k2f52ijqkzvd4hct7ccykcnys7eym6t3/compiler/2022.2.1/linux/lib/oclfpga/linux64/lib -rpath /sw/workstations/apps/linux-ubuntu22.04-ivybridge/intel-oneapi-compilers/2022.2.1/gcc-11.3.0/k2f52ijqkzvd4hct7ccykcnys7eym6t3/compiler/2022.2.1/linux/compiler/lib/intel64_lin CMakeFiles/cmTC_dcee4.dir/CMakeCXXCompilerABI.cpp.o -Bstatic -lsvml -Bdynamic -Bstatic -lirng -Bdynamic -lstdc++ -Bstatic -limf -Bdynamic -lm -lgcc_s -lgcc -Bstatic -lirc -Bdynamic -ldl -lgcc_s -lgcc -lc -lgcc_s -lgcc -Bstatic -lirc_s -Bdynamic /usr/lib/gcc/x86_64-linux-gnu/12/crtend.o /lib/x86_64-linux-gnu/crtn.o]
    arg [/usr/bin/ld] ==> ignore
    arg [-zrelro] ==> ignore
    arg [--hash-style=gnu] ==> ignore
    arg [--eh-frame-hdr] ==> ignore
    arg [-m] ==> ignore
    arg [elf_x86_64] ==> ignore
    arg [-dynamic-linker] ==> ignore
    arg [/lib64/ld-linux-x86-64.so.2] ==> ignore
    arg [-o] ==> ignore
    arg [cmTC_dcee4] ==> ignore
    arg [/lib/x86_64-linux-gnu/crt1.o] ==> obj [/lib/x86_64-linux-gnu/crt1.o]
    arg [/lib/x86_64-linux-gnu/crti.o] ==> obj [/lib/x86_64-linux-gnu/crti.o]
    arg [/usr/lib/gcc/x86_64-linux-gnu/12/crtbegin.o] ==> obj [/usr/lib/gcc/x86_64-linux-gnu/12/crtbegin.o]
    arg [-L/sw/workstations/apps/linux-ubuntu22.04-ivybridge/intel-oneapi-compilers/2022.2.1/gcc-11.3.0/k2f52ijqkzvd4hct7ccykcnys7eym6t3/compiler/2022.2.1/linux/bin-llvm/../compiler/lib/intel64_lin] ==> dir [/sw/workstations/apps/linux-ubuntu22.04-ivybridge/intel-oneapi-compilers/2022.2.1/gcc-11.3.0/k2f52ijqkzvd4hct7ccykcnys7eym6t3/compiler/2022.2.1/linux/bin-llvm/../compiler/lib/intel64_lin]
    arg [-L/sw/workstations/apps/linux-ubuntu22.04-ivybridge/intel-oneapi-compilers/2022.2.1/gcc-11.3.0/k2f52ijqkzvd4hct7ccykcnys7eym6t3/compiler/2022.2.1/linux/bin-llvm/../lib] ==> dir [/sw/workstations/apps/linux-ubuntu22.04-ivybridge/intel-oneapi-compilers/2022.2.1/gcc-11.3.0/k2f52ijqkzvd4hct7ccykcnys7eym6t3/compiler/2022.2.1/linux/bin-llvm/../lib]
    arg [-L/sw/workstations/apps/linux-ubuntu22.04-ivybridge/intel-oneapi-compilers/2022.2.1/gcc-11.3.0/k2f52ijqkzvd4hct7ccykcnys7eym6t3/compiler/2022.2.1/linux/bin-llvm/../compiler/lib/intel64_lin] ==> dir [/sw/workstations/apps/linux-ubuntu22.04-ivybridge/intel-oneapi-compilers/2022.2.1/gcc-11.3.0/k2f52ijqkzvd4hct7ccykcnys7eym6t3/compiler/2022.2.1/linux/bin-llvm/../compiler/lib/intel64_lin]
    arg [-L/usr/lib/gcc/x86_64-linux-gnu/12] ==> dir [/usr/lib/gcc/x86_64-linux-gnu/12]
    arg [-L/usr/lib/gcc/x86_64-linux-gnu/12/../../../../lib64] ==> dir [/usr/lib/gcc/x86_64-linux-gnu/12/../../../../lib64]
    arg [-L/lib/x86_64-linux-gnu] ==> dir [/lib/x86_64-linux-gnu]
    arg [-L/lib/../lib64] ==> dir [/lib/../lib64]
    arg [-L/usr/lib/x86_64-linux-gnu] ==> dir [/usr/lib/x86_64-linux-gnu]
    arg [-L/usr/lib/../lib64] ==> dir [/usr/lib/../lib64]
    arg [-L/usr/lib/gcc/x86_64-linux-gnu/12/../../..] ==> dir [/usr/lib/gcc/x86_64-linux-gnu/12/../../..]
    arg [-L/lib] ==> dir [/lib]
    arg [-L/usr/lib] ==> dir [/usr/lib]
    arg [-L/sw/workstations/apps/linux-ubuntu22.04-ivybridge/intel-oneapi-compilers/2022.2.1/gcc-11.3.0/k2f52ijqkzvd4hct7ccykcnys7eym6t3/compiler/2022.2.1/linux/compiler/lib/intel64_lin] ==> dir [/sw/workstations/apps/linux-ubuntu22.04-ivybridge/intel-oneapi-compilers/2022.2.1/gcc-11.3.0/k2f52ijqkzvd4hct7ccykcnys7eym6t3/compiler/2022.2.1/linux/compiler/lib/intel64_lin]
    arg [-L/sw/workstations/apps/linux-ubuntu22.04-ivybridge/intel-oneapi-compilers/2022.2.1/gcc-11.3.0/k2f52ijqkzvd4hct7ccykcnys7eym6t3/compiler/2022.2.1/linux/lib] ==> dir [/sw/workstations/apps/linux-ubuntu22.04-ivybridge/intel-oneapi-compilers/2022.2.1/gcc-11.3.0/k2f52ijqkzvd4hct7ccykcnys7eym6t3/compiler/2022.2.1/linux/lib]
    arg [-rpath] ==> ignore
    arg [/sw/workstations/apps/linux-ubuntu22.04-ivybridge/intel-oneapi-compilers/2022.2.1/gcc-11.3.0/k2f52ijqkzvd4hct7ccykcnys7eym6t3/compiler/2022.2.1/linux/lib] ==> ignore
    arg [-rpath] ==> ignore
    arg [/sw/workstations/apps/linux-ubuntu22.04-ivybridge/intel-oneapi-compilers/2022.2.1/gcc-11.3.0/k2f52ijqkzvd4hct7ccykcnys7eym6t3/compiler/2022.2.1/linux/lib/x64] ==> ignore
    arg [-rpath] ==> ignore
    arg [/sw/workstations/apps/linux-ubuntu22.04-ivybridge/intel-oneapi-compilers/2022.2.1/gcc-11.3.0/k2f52ijqkzvd4hct7ccykcnys7eym6t3/compiler/2022.2.1/linux/lib/oclfpga/host/linux64/lib] ==> ignore
    arg [-rpath] ==> ignore
    arg [/sw/workstations/apps/linux-ubuntu22.04-ivybridge/intel-oneapi-compilers/2022.2.1/gcc-11.3.0/k2f52ijqkzvd4hct7ccykcnys7eym6t3/compiler/2022.2.1/linux/lib/oclfpga/linux64/lib] ==> ignore
    arg [-rpath] ==> ignore
    arg [/sw/workstations/apps/linux-ubuntu22.04-ivybridge/intel-oneapi-compilers/2022.2.1/gcc-11.3.0/k2f52ijqkzvd4hct7ccykcnys7eym6t3/compiler/2022.2.1/linux/compiler/lib/intel64_lin] ==> ignore
    arg [CMakeFiles/cmTC_dcee4.dir/CMakeCXXCompilerABI.cpp.o] ==> ignore
    arg [-Bstatic] ==> search static
    arg [-lsvml] ==> lib [svml]
    arg [-Bdynamic] ==> search dynamic
    arg [-Bstatic] ==> search static
    arg [-lirng] ==> lib [irng]
    arg [-Bdynamic] ==> search dynamic
    arg [-lstdc++] ==> lib [stdc++]
    arg [-Bstatic] ==> search static
    arg [-limf] ==> lib [imf]
    arg [-Bdynamic] ==> search dynamic
    arg [-lm] ==> lib [m]
    arg [-lgcc_s] ==> lib [gcc_s]
    arg [-lgcc] ==> lib [gcc]
    arg [-Bstatic] ==> search static
    arg [-lirc] ==> lib [irc]
    arg [-Bdynamic] ==> search dynamic
    arg [-ldl] ==> lib [dl]
    arg [-lgcc_s] ==> lib [gcc_s]
    arg [-lgcc] ==> lib [gcc]
    arg [-lc] ==> lib [c]
    arg [-lgcc_s] ==> lib [gcc_s]
    arg [-lgcc] ==> lib [gcc]
    arg [-Bstatic] ==> search static
    arg [-lirc_s] ==> lib [irc_s]
    arg [-Bdynamic] ==> search dynamic
    arg [/usr/lib/gcc/x86_64-linux-gnu/12/crtend.o] ==> obj [/usr/lib/gcc/x86_64-linux-gnu/12/crtend.o]
    arg [/lib/x86_64-linux-gnu/crtn.o] ==> obj [/lib/x86_64-linux-gnu/crtn.o]
  collapse library dir [/sw/workstations/apps/linux-ubuntu22.04-ivybridge/intel-oneapi-compilers/2022.2.1/gcc-11.3.0/k2f52ijqkzvd4hct7ccykcnys7eym6t3/compiler/2022.2.1/linux/bin-llvm/../compiler/lib/intel64_lin] ==> [/sw/workstations/apps/linux-ubuntu22.04-ivybridge/intel-oneapi-compilers/2022.2.1/gcc-11.3.0/k2f52ijqkzvd4hct7ccykcnys7eym6t3/compiler/2022.2.1/linux/compiler/lib/intel64_lin]
  collapse library dir [/sw/workstations/apps/linux-ubuntu22.04-ivybridge/intel-oneapi-compilers/2022.2.1/gcc-11.3.0/k2f52ijqkzvd4hct7ccykcnys7eym6t3/compiler/2022.2.1/linux/bin-llvm/../lib] ==> [/sw/workstations/apps/linux-ubuntu22.04-ivybridge/intel-oneapi-compilers/2022.2.1/gcc-11.3.0/k2f52ijqkzvd4hct7ccykcnys7eym6t3/compiler/2022.2.1/linux/lib]
  collapse library dir [/sw/workstations/apps/linux-ubuntu22.04-ivybridge/intel-oneapi-compilers/2022.2.1/gcc-11.3.0/k2f52ijqkzvd4hct7ccykcnys7eym6t3/compiler/2022.2.1/linux/bin-llvm/../compiler/lib/intel64_lin] ==> [/sw/workstations/apps/linux-ubuntu22.04-ivybridge/intel-oneapi-compilers/2022.2.1/gcc-11.3.0/k2f52ijqkzvd4hct7ccykcnys7eym6t3/compiler/2022.2.1/linux/compiler/lib/intel64_lin]
  collapse library dir [/usr/lib/gcc/x86_64-linux-gnu/12] ==> [/usr/lib/gcc/x86_64-linux-gnu/12]
  collapse library dir [/usr/lib/gcc/x86_64-linux-gnu/12/../../../../lib64] ==> [/usr/lib64]
  collapse library dir [/lib/x86_64-linux-gnu] ==> [/lib/x86_64-linux-gnu]
  collapse library dir [/lib/../lib64] ==> [/lib64]
  collapse library dir [/usr/lib/x86_64-linux-gnu] ==> [/usr/lib/x86_64-linux-gnu]
  collapse library dir [/usr/lib/../lib64] ==> [/usr/lib64]
  collapse library dir [/usr/lib/gcc/x86_64-linux-gnu/12/../../..] ==> [/usr/lib]
  collapse library dir [/lib] ==> [/lib]
  collapse library dir [/usr/lib] ==> [/usr/lib]
  collapse library dir [/sw/workstations/apps/linux-ubuntu22.04-ivybridge/intel-oneapi-compilers/2022.2.1/gcc-11.3.0/k2f52ijqkzvd4hct7ccykcnys7eym6t3/compiler/2022.2.1/linux/compiler/lib/intel64_lin] ==> [/sw/workstations/apps/linux-ubuntu22.04-ivybridge/intel-oneapi-compilers/2022.2.1/gcc-11.3.0/k2f52ijqkzvd4hct7ccykcnys7eym6t3/compiler/2022.2.1/linux/compiler/lib/intel64_lin]
  collapse library dir [/sw/workstations/apps/linux-ubuntu22.04-ivybridge/intel-oneapi-compilers/2022.2.1/gcc-11.3.0/k2f52ijqkzvd4hct7ccykcnys7eym6t3/compiler/2022.2.1/linux/lib] ==> [/sw/workstations/apps/linux-ubuntu22.04-ivybridge/intel-oneapi-compilers/2022.2.1/gcc-11.3.0/k2f52ijqkzvd4hct7ccykcnys7eym6t3/compiler/2022.2.1/linux/lib]
  implicit libs: [svml;irng;stdc++;imf;m;gcc_s;gcc;irc;dl;gcc_s;gcc;c;gcc_s;gcc;irc_s]
  implicit objs: [/lib/x86_64-linux-gnu/crt1.o;/lib/x86_64-linux-gnu/crti.o;/usr/lib/gcc/x86_64-linux-gnu/12/crtbegin.o;/usr/lib/gcc/x86_64-linux-gnu/12/crtend.o;/lib/x86_64-linux-gnu/crtn.o]
  implicit dirs: [/sw/workstations/apps/linux-ubuntu22.04-ivybridge/intel-oneapi-compilers/2022.2.1/gcc-11.3.0/k2f52ijqkzvd4hct7ccykcnys7eym6t3/compiler/2022.2.1/linux/compiler/lib/intel64_lin;/sw/workstations/apps/linux-ubuntu22.04-ivybridge/intel-oneapi-compilers/2022.2.1/gcc-11.3.0/k2f52ijqkzvd4hct7ccykcnys7eym6t3/compiler/2022.2.1/linux/lib;/usr/lib/gcc/x86_64-linux-gnu/12;/usr/lib64;/lib/x86_64-linux-gnu;/lib64;/usr/lib/x86_64-linux-gnu;/usr/lib;/lib]
  implicit fwks: []


The system is: Linux - 5.15.0-179-generic - x86_64
Compiling the C compiler identification source file "CMakeCCompilerId.c" succeeded.
Compiler: /sw/workstations/apps/linux-ubuntu22.04-ivybridge/intel-oneapi-compilers/2022.2.1/gcc-11.3.0/k2f52ijqkzvd4hct7ccykcnys7eym6t3/compiler/2022.2.1/linux/bin/icx 
Build flags: -march=znver2;-mtune=znver2;-O3;-ffast-math;-qopenmp;-mprefer-vector-width=256;-qopt-report=5;-qopt-report-phase=vec
Id flags:  

The output was:
0
icx: command line warning #10430: Unsupported command line options encountered
These options as listed are not supported.
For more information, use '-qnextgen-diag'.
option list: 
	-qopt-report-phase=vec
icx: warning: argument unused during compilation: '-qopt-report=5' [-Wunused-command-line-argument]


Compilation of the C compiler identification source "CMakeCCompilerId.c" produced "CMakeCCompilerId.opt.yaml"

Compilation of the C compiler identification source "CMakeCCompilerId.c" produced "a.out"

The C compiler identification is IntelLLVM, found in "/media/x_plotnips/sdd1/Dropbox/PhD_proposal/work_with_david/Exawave_3_handover/panzer_repo/CMakeFiles/3.24.3/CompilerIdC/a.out"

Detecting C compiler ABI info compiled with the following output:
Change Dir: /media/x_plotnips/sdd1/Dropbox/PhD_proposal/work_with_david/Exawave_3_handover/panzer_repo/CMakeFiles/CMakeTmp

Run Build Command(s):/usr/bin/gmake -f Makefile cmTC_e3750/fast && /usr/bin/gmake  -f CMakeFiles/cmTC_e3750.dir/build.make CMakeFiles/cmTC_e3750.dir/build
gmake[1]: Entering directory '/media/x_plotnips/sdd1/Dropbox/PhD_proposal/work_with_david/Exawave_3_handover/panzer_repo/CMakeFiles/CMakeTmp'
Building C object CMakeFiles/cmTC_e3750.dir/CMakeCCompilerABI.c.o
/sw/workstations/apps/linux-ubuntu22.04-ivybridge/intel-oneapi-compilers/2022.2.1/gcc-11.3.0/k2f52ijqkzvd4hct7ccykcnys7eym6t3/compiler/2022.2.1/linux/bin/icx   -march=znver2 -mtune=znver2 -O3 -ffast-math -qopenmp -mprefer-vector-width=256 -qopt-report=5 -qopt-report-phase=vec    -v -MD -MT CMakeFiles/cmTC_e3750.dir/CMakeCCompilerABI.c.o -MF CMakeFiles/cmTC_e3750.dir/CMakeCCompilerABI.c.o.d -o CMakeFiles/cmTC_e3750.dir/CMakeCCompilerABI.c.o -c /sw/workstations/apps/linux-ubuntu22.04-ivybridge/cmake/3.24.3/gcc-11.3.0/im6us5w327xiszfjh37fer4odzrpsbgr/share/cmake-3.24/Modules/CMakeCCompilerABI.c
icx: command line warning #10430: Unsupported command line options encountered
These options as listed are not supported.
For more information, use '-qnextgen-diag'.
option list: 
	-qopt-report-phase=vec
Intel(R) oneAPI DPC++/C++ Compiler 2022.2.1 (2022.2.1.20221020)
Target: x86_64-unknown-linux-gnu
Thread model: posix
InstalledDir: /sw/workstations/apps/linux-ubuntu22.04-ivybridge/intel-oneapi-compilers/2022.2.1/gcc-11.3.0/k2f52ijqkzvd4hct7ccykcnys7eym6t3/compiler/2022.2.1/linux/bin-llvm
Configuration file: /sw/workstations/apps/linux-ubuntu22.04-ivybridge/intel-oneapi-compilers/2022.2.1/gcc-11.3.0/k2f52ijqkzvd4hct7ccykcnys7eym6t3/compiler/2022.2.1/linux/bin/icx.cfg
Found candidate GCC installation: /usr/lib/gcc/x86_64-linux-gnu/11
Found candidate GCC installation: /usr/lib/gcc/x86_64-linux-gnu/12
Selected GCC installation: /usr/lib/gcc/x86_64-linux-gnu/12
Candidate multilib: .;@m64
Selected multilib: .;@m64
icx: warning: argument unused during compilation: '-qopt-report=5' [-Wunused-command-line-argument]
 (in-process)
 "/sw/workstations/apps/linux-ubuntu22.04-ivybridge/intel-oneapi-compilers/2022.2.1/gcc-11.3.0/k2f52ijqkzvd4hct7ccykcnys7eym6t3/compiler/2022.2.1/linux/bin-llvm/clang" -cc1 -triple x86_64-unknown-linux-gnu -emit-obj --mrelax-relocations -disable-free -clear-ast-before-backend -disable-llvm-verifier -discard-value-names -main-file-name CMakeCCompilerABI.c -mrelocation-model static -fveclib=SVML -mframe-pointer=none -menable-no-infs -menable-no-nans -fapprox-func -menable-unsafe-fp-math -fno-signed-zeros -mreassociate -freciprocal-math -fdenormal-fp-math=preserve-sign,preserve-sign -ffp-contract=fast -fno-rounding-math -ffast-math -ffinite-math-only -mconstructor-aliases -funwind-tables=2 -target-cpu znver2 -mllvm -x86-enable-unaligned-vector-move=true -tune-cpu znver2 -mllvm -treat-scalable-fixed-error-as-warning -debug-info-kind=line-tables-only -debugger-tuning=gdb -v -fcoverage-compilation-dir=/media/x_plotnips/sdd1/Dropbox/PhD_proposal/work_with_david/Exawave_3_handover/panzer_repo/CMakeFiles/CMakeTmp -resource-dir /sw/workstations/apps/linux-ubuntu22.04-ivybridge/intel-oneapi-compilers/2022.2.1/gcc-11.3.0/k2f52ijqkzvd4hct7ccykcnys7eym6t3/compiler/2022.2.1/linux/lib/clang/15.0.0 -dependency-file CMakeFiles/cmTC_e3750.dir/CMakeCCompilerABI.c.o.d -MT CMakeFiles/cmTC_e3750.dir/CMakeCCompilerABI.c.o -sys-header-deps -internal-isystem /sw/workstations/apps/linux-ubuntu22.04-ivybridge/intel-oneapi-compilers/2022.2.1/gcc-11.3.0/k2f52ijqkzvd4hct7ccykcnys7eym6t3/compiler/2022.2.1/linux/bin-llvm/../compiler/include -internal-isystem /sw/workstations/apps/linux-ubuntu22.04-ivybridge/intel-oneapi-compilers/2022.2.1/gcc-11.3.0/k2f52ijqkzvd4hct7ccykcnys7eym6t3/compiler/2022.2.1/linux/lib/clang/15.0.0/include -internal-isystem /usr/local/include -internal-isystem /usr/lib/gcc/x86_64-linux-gnu/12/../../../../x86_64-linux-gnu/include -internal-externc-isystem /usr/include/x86_64-linux-gnu -internal-externc-isystem /include -internal-externc-isystem /usr/include -O3 -fdebug-compilation-dir=/media/x_plotnips/sdd1/Dropbox/PhD_proposal/work_with_david/Exawave_3_handover/panzer_repo/CMakeFiles/CMakeTmp -ferror-limit 19 -fheinous-gnu-extensions -fopenmp-late-outline -fopenmp-threadprivate-legacy -fopenmp -fgnuc-version=4.2.1 -mllvm -enable-gvn-hoist -vectorize-loops -vectorize-slp -mprefer-vector-width=256 -opt-record-file CMakeFiles/cmTC_e3750.dir/CMakeCCompilerABI.c.opt.yaml -opt-record-format yaml -dwarf-debug-flags " -Wl,-rpath,/sw/workstations/apps/linux-ubuntu22.04-ivybridge/intel-oneapi-compilers/2022.2.1/gcc-11.3.0/k2f52ijqkzvd4hct7ccykcnys7eym6t3/compiler/2022.2.1/linux/lib -Wl,-rpath,/sw/workstations/apps/linux-ubuntu22.04-ivybridge/intel-oneapi-compilers/2022.2.1/gcc-11.3.0/k2f52ijqkzvd4hct7ccykcnys7eym6t3/compiler/2022.2.1/linux/lib/x64 -Wl,-rpath,/sw/workstations/apps/linux-ubuntu22.04-ivybridge/intel-oneapi-compilers/2022.2.1/gcc-11.3.0/k2f52ijqkzvd4hct7ccykcnys7eym6t3/compiler/2022.2.1/linux/lib/oclfpga/host/linux64/lib -Wl,-rpath,/sw/workstations/apps/linux-ubuntu22.04-ivybridge/intel-oneapi-compilers/2022.2.1/gcc-11.3.0/k2f52ijqkzvd4hct7ccykcnys7eym6t3/compiler/2022.2.1/linux/lib/oclfpga/linux64/lib -Wl,-rpath,/sw/workstations/apps/linux-ubuntu22.04-ivybridge/intel-oneapi-compilers/2022.2.1/gcc-11.3.0/k2f52ijqkzvd4hct7ccykcnys7eym6t3/compiler/2022.2.1/linux/compiler/lib/intel64_lin --gcc-toolchain=/usr --intel -march=znver2 -mtune=znver2 -O3 -ffast-math -fiopenmp -mprefer-vector-width=256 -qopt-report=5 -v -MD -MT CMakeFiles/cmTC_e3750.dir/CMakeCCompilerABI.c.o -MF CMakeFiles/cmTC_e3750.dir/CMakeCCompilerABI.c.o.d -o CMakeFiles/cmTC_e3750.dir/CMakeCCompilerABI.c.o -c /sw/workstations/apps/linux-ubuntu22.04-ivybridge/cmake/3.24.3/gcc-11.3.0/im6us5w327xiszfjh37fer4odzrpsbgr/share/cmake-3.24/Modules/CMakeCCompilerABI.c -fveclib=SVML -fheinous-gnu-extensions" -mllvm -paropt=31 -D__GCC_HAVE_DWARF2_CFI_ASM=1 -fintel-compatibility -fintel-libirc-allowed -mllvm -disable-hir-generate-mkl-call -mllvm -loopopt=1 -floopopt-pipeline=light -mllvm -intel-abi-compatible=true -o CMakeFiles/cmTC_e3750.dir/CMakeCCompilerABI.c.o -x c /sw/workstations/apps/linux-ubuntu22.04-ivybridge/cmake/3.24.3/gcc-11.3.0/im6us5w327xiszfjh37fer4odzrpsbgr/share/cmake-3.24/Modules/CMakeCCompilerABI.c
clang -cc1 version 15.0.0 based upon LLVM 15.0.0git default target x86_64-unknown-linux-gnu
ignoring nonexistent directory "/usr/lib/gcc/x86_64-linux-gnu/12/../../../../x86_64-linux-gnu/include"
ignoring nonexistent directory "/include"
#include "..." search starts here:
#include <...> search starts here:
 /sw/workstations/apps/linux-ubuntu22.04-ivybridge/intel-oneapi-compilers/2022.2.1/gcc-11.3.0/k2f52ijqkzvd4hct7ccykcnys7eym6t3/compiler/2022.2.1/linux/bin-llvm/../compiler/include
 /sw/workstations/apps/linux-ubuntu22.04-ivybridge/intel-oneapi-compilers/2022.2.1/gcc-11.3.0/k2f52ijqkzvd4hct7ccykcnys7eym6t3/compiler/2022.2.1/linux/lib/clang/15.0.0/include
 /usr/local/include
 /usr/include/x86_64-linux-gnu
 /usr/include
End of search list.
Linking C executable cmTC_e3750
/sw/workstations/apps/linux-ubuntu22.04-ivybridge/cmake/3.24.3/gcc-11.3.0/im6us5w327xiszfjh37fer4odzrpsbgr/bin/cmake -E cmake_link_script CMakeFiles/cmTC_e3750.dir/link.txt --verbose=1
/sw/workstations/apps/linux-ubuntu22.04-ivybridge/intel-oneapi-compilers/2022.2.1/gcc-11.3.0/k2f52ijqkzvd4hct7ccykcnys7eym6t3/compiler/2022.2.1/linux/bin/icx -march=znver2 -mtune=znver2 -O3 -ffast-math -qopenmp -mprefer-vector-width=256 -qopt-report=5 -qopt-report-phase=vec   -v CMakeFiles/cmTC_e3750.dir/CMakeCCompilerABI.c.o -o cmTC_e3750 
icx: command line warning #10430: Unsupported command line options encountered
These options as listed are not supported.
For more information, use '-qnextgen-diag'.
option list: 
	-qopt-report-phase=vec
Intel(R) oneAPI DPC++/C++ Compiler 2022.2.1 (2022.2.1.20221020)
Target: x86_64-unknown-linux-gnu
Thread model: posix
InstalledDir: /sw/workstations/apps/linux-ubuntu22.04-ivybridge/intel-oneapi-compilers/2022.2.1/gcc-11.3.0/k2f52ijqkzvd4hct7ccykcnys7eym6t3/compiler/2022.2.1/linux/bin-llvm
Configuration file: /sw/workstations/apps/linux-ubuntu22.04-ivybridge/intel-oneapi-compilers/2022.2.1/gcc-11.3.0/k2f52ijqkzvd4hct7ccykcnys7eym6t3/compiler/2022.2.1/linux/bin/icx.cfg
Found candidate GCC installation: /usr/lib/gcc/x86_64-linux-gnu/11
Found candidate GCC installation: /usr/lib/gcc/x86_64-linux-gnu/12
Selected GCC installation: /usr/lib/gcc/x86_64-linux-gnu/12
Candidate multilib: .;@m64
Selected multilib: .;@m64
 "/usr/bin/ld" -z relro --hash-style=gnu --eh-frame-hdr -m elf_x86_64 -dynamic-linker /lib64/ld-linux-x86-64.so.2 -o cmTC_e3750 /lib/x86_64-linux-gnu/crt1.o /lib/x86_64-linux-gnu/crti.o /usr/lib/gcc/x86_64-linux-gnu/12/crtbegin.o /usr/lib/gcc/x86_64-linux-gnu/12/crtfastmath.o -L/sw/workstations/apps/linux-ubuntu22.04-ivybridge/intel-oneapi-compilers/2022.2.1/gcc-11.3.0/k2f52ijqkzvd4hct7ccykcnys7eym6t3/compiler/2022.2.1/linux/bin-llvm/../compiler/lib/intel64_lin -L/sw/workstations/apps/linux-ubuntu22.04-ivybridge/intel-oneapi-compilers/2022.2.1/gcc-11.3.0/k2f52ijqkzvd4hct7ccykcnys7eym6t3/compiler/2022.2.1/linux/bin-llvm/../lib -L/sw/workstations/apps/linux-ubuntu22.04-ivybridge/intel-oneapi-compilers/2022.2.1/gcc-11.3.0/k2f52ijqkzvd4hct7ccykcnys7eym6t3/compiler/2022.2.1/linux/bin-llvm/../compiler/lib/intel64_lin -L/usr/lib/gcc/x86_64-linux-gnu/12 -L/usr/lib/gcc/x86_64-linux-gnu/12/../../../../lib64 -L/lib/x86_64-linux-gnu -L/lib/../lib64 -L/usr/lib/x86_64-linux-gnu -L/usr/lib/../lib64 -L/usr/lib/gcc/x86_64-linux-gnu/12/../../.. -L/lib -L/usr/lib -L/sw/workstations/apps/linux-ubuntu22.04-ivybridge/intel-oneapi-compilers/2022.2.1/gcc-11.3.0/k2f52ijqkzvd4hct7ccykcnys7eym6t3/compiler/2022.2.1/linux/compiler/lib/intel64_lin -L/sw/workstations/apps/linux-ubuntu22.04-ivybridge/intel-oneapi-compilers/2022.2.1/gcc-11.3.0/k2f52ijqkzvd4hct7ccykcnys7eym6t3/compiler/2022.2.1/linux/lib -rpath /sw/workstations/apps/linux-ubuntu22.04-ivybridge/intel-oneapi-compilers/2022.2.1/gcc-11.3.0/k2f52ijqkzvd4hct7ccykcnys7eym6t3/compiler/2022.2.1/linux/lib -rpath /sw/workstations/apps/linux-ubuntu22.04-ivybridge/intel-oneapi-compilers/2022.2.1/gcc-11.3.0/k2f52ijqkzvd4hct7ccykcnys7eym6t3/compiler/2022.2.1/linux/lib/x64 -rpath /sw/workstations/apps/linux-ubuntu22.04-ivybridge/intel-oneapi-compilers/2022.2.1/gcc-11.3.0/k2f52ijqkzvd4hct7ccykcnys7eym6t3/compiler/2022.2.1/linux/lib/oclfpga/host/linux64/lib -rpath /sw/workstations/apps/linux-ubuntu22.04-ivybridge/intel-oneapi-compilers/2022.2.1/gcc-11.3.0/k2f52ijqkzvd4hct7ccykcnys7eym6t3/compiler/2022.2.1/linux/lib/oclfpga/linux64/lib -rpath /sw/workstations/apps/linux-ubuntu22.04-ivybridge/intel-oneapi-compilers/2022.2.1/gcc-11.3.0/k2f52ijqkzvd4hct7ccykcnys7eym6t3/compiler/2022.2.1/linux/compiler/lib/intel64_lin CMakeFiles/cmTC_e3750.dir/CMakeCCompilerABI.c.o -Bstatic -lsvml -Bdynamic -Bstatic -lirng -Bdynamic -Bstatic -limf -Bdynamic -lm -lgcc --as-needed -lgcc_s --no-as-needed -Bstatic -lirc -Bdynamic -ldl -liomp5 -L/sw/workstations/apps/linux-ubuntu22.04-ivybridge/intel-oneapi-compilers/2022.2.1/gcc-11.3.0/k2f52ijqkzvd4hct7ccykcnys7eym6t3/compiler/2022.2.1/linux/lib -lgcc --as-needed -lgcc_s --no-as-needed -lpthread -lc -lgcc --as-needed -lgcc_s --no-as-needed -Bstatic -lirc_s -Bdynamic /usr/lib/gcc/x86_64-linux-gnu/12/crtend.o /lib/x86_64-linux-gnu/crtn.o
gmake[1]: Leaving directory '/media/x_plotnips/sdd1/Dropbox/PhD_proposal/work_with_david/Exawave_3_handover/panzer_repo/CMakeFiles/CMakeTmp'



Parsed C implicit include dir info from above output: rv=done
  found start of include info
  found start of implicit include info
    add: [/sw/workstations/apps/linux-ubuntu22.04-ivybridge/intel-oneapi-compilers/2022.2.1/gcc-11.3.0/k2f52ijqkzvd4hct7ccykcnys7eym6t3/compiler/2022.2.1/linux/bin-llvm/../compiler/include]
    add: [/sw/workstations/apps/linux-ubuntu22.04-ivybridge/intel-oneapi-compilers/2022.2.1/gcc-11.3.0/k2f52ijqkzvd4hct7ccykcnys7eym6t3/compiler/2022.2.1/linux/lib/clang/15.0.0/include]
    add: [/usr/local/include]
    add: [/usr/include/x86_64-linux-gnu]
    add: [/usr/include]
  end of search list found
  collapse include dir [/sw/workstations/apps/linux-ubuntu22.04-ivybridge/intel-oneapi-compilers/2022.2.1/gcc-11.3.0/k2f52ijqkzvd4hct7ccykcnys7eym6t3/compiler/2022.2.1/linux/bin-llvm/../compiler/include] ==> [/sw/workstations/apps/linux-ubuntu22.04-ivybridge/intel-oneapi-compilers/2022.2.1/gcc-11.3.0/k2f52ijqkzvd4hct7ccykcnys7eym6t3/compiler/2022.2.1/linux/compiler/include]
  collapse include dir [/sw/workstations/apps/linux-ubuntu22.04-ivybridge/intel-oneapi-compilers/2022.2.1/gcc-11.3.0/k2f52ijqkzvd4hct7ccykcnys7eym6t3/compiler/2022.2.1/linux/lib/clang/15.0.0/include] ==> [/sw/workstations/apps/linux-ubuntu22.04-ivybridge/intel-oneapi-compilers/2022.2.1/gcc-11.3.0/k2f52ijqkzvd4hct7ccykcnys7eym6t3/compiler/2022.2.1/linux/lib/clang/15.0.0/include]
  collapse include dir [/usr/local/include] ==> [/usr/local/include]
  collapse include dir [/usr/include/x86_64-linux-gnu] ==> [/usr/include/x86_64-linux-gnu]
  collapse include dir [/usr/include] ==> [/usr/include]
  implicit include dirs: [/sw/workstations/apps/linux-ubuntu22.04-ivybridge/intel-oneapi-compilers/2022.2.1/gcc-11.3.0/k2f52ijqkzvd4hct7ccykcnys7eym6t3/compiler/2022.2.1/linux/compiler/include;/sw/workstations/apps/linux-ubuntu22.04-ivybridge/intel-oneapi-compilers/2022.2.1/gcc-11.3.0/k2f52ijqkzvd4hct7ccykcnys7eym6t3/compiler/2022.2.1/linux/lib/clang/15.0.0/include;/usr/local/include;/usr/include/x86_64-linux-gnu;/usr/include]


Parsed C implicit link information from above output:
  link line regex: [^( *|.*[/\])(ld|CMAKE_LINK_STARTFILE-NOTFOUND|([^/\]+-)?ld|collect2)[^/\]*( |$)]
  ignore line: [Change Dir: /media/x_plotnips/sdd1/Dropbox/PhD_proposal/work_with_david/Exawave_3_handover/panzer_repo/CMakeFiles/CMakeTmp]
  ignore line: []
  ignore line: [Run Build Command(s):/usr/bin/gmake -f Makefile cmTC_e3750/fast && /usr/bin/gmake  -f CMakeFiles/cmTC_e3750.dir/build.make CMakeFiles/cmTC_e3750.dir/build]
  ignore line: [gmake[1]: Entering directory '/media/x_plotnips/sdd1/Dropbox/PhD_proposal/work_with_david/Exawave_3_handover/panzer_repo/CMakeFiles/CMakeTmp']
  ignore line: [Building C object CMakeFiles/cmTC_e3750.dir/CMakeCCompilerABI.c.o]
  ignore line: [/sw/workstations/apps/linux-ubuntu22.04-ivybridge/intel-oneapi-compilers/2022.2.1/gcc-11.3.0/k2f52ijqkzvd4hct7ccykcnys7eym6t3/compiler/2022.2.1/linux/bin/icx   -march=znver2 -mtune=znver2 -O3 -ffast-math -qopenmp -mprefer-vector-width=256 -qopt-report=5 -qopt-report-phase=vec    -v -MD -MT CMakeFiles/cmTC_e3750.dir/CMakeCCompilerABI.c.o -MF CMakeFiles/cmTC_e3750.dir/CMakeCCompilerABI.c.o.d -o CMakeFiles/cmTC_e3750.dir/CMakeCCompilerABI.c.o -c /sw/workstations/apps/linux-ubuntu22.04-ivybridge/cmake/3.24.3/gcc-11.3.0/im6us5w327xiszfjh37fer4odzrpsbgr/share/cmake-3.24/Modules/CMakeCCompilerABI.c]
  ignore line: [icx: command line warning #10430: Unsupported command line options encountered]
  ignore line: [These options as listed are not supported.]
  ignore line: [For more information  use '-qnextgen-diag'.]
  ignore line: [option list: ]
  ignore line: [	-qopt-report-phase=vec]
  ignore line: [Intel(R) oneAPI DPC++/C++ Compiler 2022.2.1 (2022.2.1.20221020)]
  ignore line: [Target: x86_64-unknown-linux-gnu]
  ignore line: [Thread model: posix]
  ignore line: [InstalledDir: /sw/workstations/apps/linux-ubuntu22.04-ivybridge/intel-oneapi-compilers/2022.2.1/gcc-11.3.0/k2f52ijqkzvd4hct7ccykcnys7eym6t3/compiler/2022.2.1/linux/bin-llvm]
  ignore line: [Configuration file: /sw/workstations/apps/linux-ubuntu22.04-ivybridge/intel-oneapi-compilers/2022.2.1/gcc-11.3.0/k2f52ijqkzvd4hct7ccykcnys7eym6t3/compiler/2022.2.1/linux/bin/icx.cfg]
  ignore line: [Found candidate GCC installation: /usr/lib/gcc/x86_64-linux-gnu/11]
  ignore line: [Found candidate GCC installation: /usr/lib/gcc/x86_64-linux-gnu/12]
  ignore line: [Selected GCC installation: /usr/lib/gcc/x86_64-linux-gnu/12]
  ignore line: [Candidate multilib: .]
  ignore line: [@m64]
  ignore line: [Selected multilib: .]
  ignore line: [@m64]
  ignore line: [icx: warning: argument unused during compilation: '-qopt-report=5' [-Wunused-command-line-argument]]
  ignore line: [ (in-process)]
  ignore line: [ "/sw/workstations/apps/linux-ubuntu22.04-ivybridge/intel-oneapi-compilers/2022.2.1/gcc-11.3.0/k2f52ijqkzvd4hct7ccykcnys7eym6t3/compiler/2022.2.1/linux/bin-llvm/clang" -cc1 -triple x86_64-unknown-linux-gnu -emit-obj --mrelax-relocations -disable-free -clear-ast-before-backend -disable-llvm-verifier -discard-value-names -main-file-name CMakeCCompilerABI.c -mrelocation-model static -fveclib=SVML -mframe-pointer=none -menable-no-infs -menable-no-nans -fapprox-func -menable-unsafe-fp-math -fno-signed-zeros -mreassociate -freciprocal-math -fdenormal-fp-math=preserve-sign preserve-sign -ffp-contract=fast -fno-rounding-math -ffast-math -ffinite-math-only -mconstructor-aliases -funwind-tables=2 -target-cpu znver2 -mllvm -x86-enable-unaligned-vector-move=true -tune-cpu znver2 -mllvm -treat-scalable-fixed-error-as-warning -debug-info-kind=line-tables-only -debugger-tuning=gdb -v -fcoverage-compilation-dir=/media/x_plotnips/sdd1/Dropbox/PhD_proposal/work_with_david/Exawave_3_handover/panzer_repo/CMakeFiles/CMakeTmp -resource-dir /sw/workstations/apps/linux-ubuntu22.04-ivybridge/intel-oneapi-compilers/2022.2.1/gcc-11.3.0/k2f52ijqkzvd4hct7ccykcnys7eym6t3/compiler/2022.2.1/linux/lib/clang/15.0.0 -dependency-file CMakeFiles/cmTC_e3750.dir/CMakeCCompilerABI.c.o.d -MT CMakeFiles/cmTC_e3750.dir/CMakeCCompilerABI.c.o -sys-header-deps -internal-isystem /sw/workstations/apps/linux-ubuntu22.04-ivybridge/intel-oneapi-compilers/2022.2.1/gcc-11.3.0/k2f52ijqkzvd4hct7ccykcnys7eym6t3/compiler/2022.2.1/linux/bin-llvm/../compiler/include -internal-isystem /sw/workstations/apps/linux-ubuntu22.04-ivybridge/intel-oneapi-compilers/2022.2.1/gcc-11.3.0/k2f52ijqkzvd4hct7ccykcnys7eym6t3/compiler/2022.2.1/linux/lib/clang/15.0.0/include -internal-isystem /usr/local/include -internal-isystem /usr/lib/gcc/x86_64-linux-gnu/12/../../../../x86_64-linux-gnu/include -internal-externc-isystem /usr/include/x86_64-linux-gnu -internal-externc-isystem /include -internal-externc-isystem /usr/include -O3 -fdebug-compilation-dir=/media/x_plotnips/sdd1/Dropbox/PhD_proposal/work_with_david/Exawave_3_handover/panzer_repo/CMakeFiles/CMakeTmp -ferror-limit 19 -fheinous-gnu-extensions -fopenmp-late-outline -fopenmp-threadprivate-legacy -fopenmp -fgnuc-version=4.2.1 -mllvm -enable-gvn-hoist -vectorize-loops -vectorize-slp -mprefer-vector-width=256 -opt-record-file CMakeFiles/cmTC_e3750.dir/CMakeCCompilerABI.c.opt.yaml -opt-record-format yaml -dwarf-debug-flags " -Wl -rpath /sw/workstations/apps/linux-ubuntu22.04-ivybridge/intel-oneapi-compilers/2022.2.1/gcc-11.3.0/k2f52ijqkzvd4hct7ccykcnys7eym6t3/compiler/2022.2.1/linux/lib -Wl -rpath /sw/workstations/apps/linux-ubuntu22.04-ivybridge/intel-oneapi-compilers/2022.2.1/gcc-11.3.0/k2f52ijqkzvd4hct7ccykcnys7eym6t3/compiler/2022.2.1/linux/lib/x64 -Wl -rpath /sw/workstations/apps/linux-ubuntu22.04-ivybridge/intel-oneapi-compilers/2022.2.1/gcc-11.3.0/k2f52ijqkzvd4hct7ccykcnys7eym6t3/compiler/2022.2.1/linux/lib/oclfpga/host/linux64/lib -Wl -rpath /sw/workstations/apps/linux-ubuntu22.04-ivybridge/intel-oneapi-compilers/2022.2.1/gcc-11.3.0/k2f52ijqkzvd4hct7ccykcnys7eym6t3/compiler/2022.2.1/linux/lib/oclfpga/linux64/lib -Wl -rpath /sw/workstations/apps/linux-ubuntu22.04-ivybridge/intel-oneapi-compilers/2022.2.1/gcc-11.3.0/k2f52ijqkzvd4hct7ccykcnys7eym6t3/compiler/2022.2.1/linux/compiler/lib/intel64_lin --gcc-toolchain=/usr --intel -march=znver2 -mtune=znver2 -O3 -ffast-math -fiopenmp -mprefer-vector-width=256 -qopt-report=5 -v -MD -MT CMakeFiles/cmTC_e3750.dir/CMakeCCompilerABI.c.o -MF CMakeFiles/cmTC_e3750.dir/CMakeCCompilerABI.c.o.d -o CMakeFiles/cmTC_e3750.dir/CMakeCCompilerABI.c.o -c /sw/workstations/apps/linux-ubuntu22.04-ivybridge/cmake/3.24.3/gcc-11.3.0/im6us5w327xiszfjh37fer4odzrpsbgr/share/cmake-3.24/Modules/CMakeCCompilerABI.c -fveclib=SVML -fheinous-gnu-extensions" -mllvm -paropt=31 -D__GCC_HAVE_DWARF2_CFI_ASM=1 -fintel-compatibility -fintel-libirc-allowed -mllvm -disable-hir-generate-mkl-call -mllvm -loopopt=1 -floopopt-pipeline=light -mllvm -intel-abi-compatible=true -o CMakeFiles/cmTC_e3750.dir/CMakeCCompilerABI.c.o -x c /sw/workstations/apps/linux-ubuntu22.04-ivybridge/cmake/3.24.3/gcc-11.3.0/im6us5w327xiszfjh37fer4odzrpsbgr/share/cmake-3.24/Modules/CMakeCCompilerABI.c]
  ignore line: [clang -cc1 version 15.0.0 based upon LLVM 15.0.0git default target x86_64-unknown-linux-gnu]
  ignore line: [ignoring nonexistent directory "/usr/lib/gcc/x86_64-linux-gnu/12/../../../../x86_64-linux-gnu/include"]
  ignore line: [ignoring nonexistent directory "/include"]
  ignore line: [#include "..." search starts here:]
  ignore line: [#include <...> search starts here:]
  ignore line: [ /sw/workstations/apps/linux-ubuntu22.04-ivybridge/intel-oneapi-compilers/2022.2.1/gcc-11.3.0/k2f52ijqkzvd4hct7ccykcnys7eym6t3/compiler/2022.2.1/linux/bin-llvm/../compiler/include]
  ignore line: [ /sw/workstations/apps/linux-ubuntu22.04-ivybridge/intel-oneapi-compilers/2022.2.1/gcc-11.3.0/k2f52ijqkzvd4hct7ccykcnys7eym6t3/compiler/2022.2.1/linux/lib/clang/15.0.0/include]
  ignore line: [ /usr/local/include]
  ignore line: [ /usr/include/x86_64-linux-gnu]
  ignore line: [ /usr/include]
  ignore line: [End of search list.]
  ignore line: [Linking C executable cmTC_e3750]
  ignore line: [/sw/workstations/apps/linux-ubuntu22.04-ivybridge/cmake/3.24.3/gcc-11.3.0/im6us5w327xiszfjh37fer4odzrpsbgr/bin/cmake -E cmake_link_script CMakeFiles/cmTC_e3750.dir/link.txt --verbose=1]
  ignore line: [/sw/workstations/apps/linux-ubuntu22.04-ivybridge/intel-oneapi-compilers/2022.2.1/gcc-11.3.0/k2f52ijqkzvd4hct7ccykcnys7eym6t3/compiler/2022.2.1/linux/bin/icx -march=znver2 -mtune=znver2 -O3 -ffast-math -qopenmp -mprefer-vector-width=256 -qopt-report=5 -qopt-report-phase=vec   -v CMakeFiles/cmTC_e3750.dir/CMakeCCompilerABI.c.o -o cmTC_e3750 ]
  ignore line: [icx: command line warning #10430: Unsupported command line options encountered]
  ignore line: [These options as listed are not supported.]
  ignore line: [For more information  use '-qnextgen-diag'.]
  ignore line: [option list: ]
  ignore line: [	-qopt-report-phase=vec]
  ignore line: [Intel(R) oneAPI DPC++/C++ Compiler 2022.2.1 (2022.2.1.20221020)]
  ignore line: [Target: x86_64-unknown-linux-gnu]
  ignore line: [Thread model: posix]
  ignore line: [InstalledDir: /sw/workstations/apps/linux-ubuntu22.04-ivybridge/intel-oneapi-compilers/2022.2.1/gcc-11.3.0/k2f52ijqkzvd4hct7ccykcnys7eym6t3/compiler/2022.2.1/linux/bin-llvm]
  ignore line: [Configuration file: /sw/workstations/apps/linux-ubuntu22.04-ivybridge/intel-oneapi-compilers/2022.2.1/gcc-11.3.0/k2f52ijqkzvd4hct7ccykcnys7eym6t3/compiler/2022.2.1/linux/bin/icx.cfg]
  ignore line: [Found candidate GCC installation: /usr/lib/gcc/x86_64-linux-gnu/11]
  ignore line: [Found candidate GCC installation: /usr/lib/gcc/x86_64-linux-gnu/12]
  ignore line: [Selected GCC installation: /usr/lib/gcc/x86_64-linux-gnu/12]
  ignore line: [Candidate multilib: .]
  ignore line: [@m64]
  ignore line: [Selected multilib: .]
  ignore line: [@m64]
  link line: [ "/usr/bin/ld" -z relro --hash-style=gnu --eh-frame-hdr -m elf_x86_64 -dynamic-linker /lib64/ld-linux-x86-64.so.2 -o cmTC_e3750 /lib/x86_64-linux-gnu/crt1.o /lib/x86_64-linux-gnu/crti.o /usr/lib/gcc/x86_64-linux-gnu/12/crtbegin.o /usr/lib/gcc/x86_64-linux-gnu/12/crtfastmath.o -L/sw/workstations/apps/linux-ubuntu22.04-ivybridge/intel-oneapi-compilers/2022.2.1/gcc-11.3.0/k2f52ijqkzvd4hct7ccykcnys7eym6t3/compiler/2022.2.1/linux/bin-llvm/../compiler/lib/intel64_lin -L/sw/workstations/apps/linux-ubuntu22.04-ivybridge/intel-oneapi-compilers/2022.2.1/gcc-11.3.0/k2f52ijqkzvd4hct7ccykcnys7eym6t3/compiler/2022.2.1/linux/bin-llvm/../lib -L/sw/workstations/apps/linux-ubuntu22.04-ivybridge/intel-oneapi-compilers/2022.2.1/gcc-11.3.0/k2f52ijqkzvd4hct7ccykcnys7eym6t3/compiler/2022.2.1/linux/bin-llvm/../compiler/lib/intel64_lin -L/usr/lib/gcc/x86_64-linux-gnu/12 -L/usr/lib/gcc/x86_64-linux-gnu/12/../../../../lib64 -L/lib/x86_64-linux-gnu -L/lib/../lib64 -L/usr/lib/x86_64-linux-gnu -L/usr/lib/../lib64 -L/usr/lib/gcc/x86_64-linux-gnu/12/../../.. -L/lib -L/usr/lib -L/sw/workstations/apps/linux-ubuntu22.04-ivybridge/intel-oneapi-compilers/2022.2.1/gcc-11.3.0/k2f52ijqkzvd4hct7ccykcnys7eym6t3/compiler/2022.2.1/linux/compiler/lib/intel64_lin -L/sw/workstations/apps/linux-ubuntu22.04-ivybridge/intel-oneapi-compilers/2022.2.1/gcc-11.3.0/k2f52ijqkzvd4hct7ccykcnys7eym6t3/compiler/2022.2.1/linux/lib -rpath /sw/workstations/apps/linux-ubuntu22.04-ivybridge/intel-oneapi-compilers/2022.2.1/gcc-11.3.0/k2f52ijqkzvd4hct7ccykcnys7eym6t3/compiler/2022.2.1/linux/lib -rpath /sw/workstations/apps/linux-ubuntu22.04-ivybridge/intel-oneapi-compilers/2022.2.1/gcc-11.3.0/k2f52ijqkzvd4hct7ccykcnys7eym6t3/compiler/2022.2.1/linux/lib/x64 -rpath /sw/workstations/apps/linux-ubuntu22.04-ivybridge/intel-oneapi-compilers/2022.2.1/gcc-11.3.0/k2f52ijqkzvd4hct7ccykcnys7eym6t3/compiler/2022.2.1/linux/lib/oclfpga/host/linux64/lib -rpath /sw/workstations/apps/linux-ubuntu22.04-ivybridge/intel-oneapi-compilers/2022.2.1/gcc-11.3.0/k2f52ijqkzvd4hct7ccykcnys7eym6t3/compiler/2022.2.1/linux/lib/oclfpga/linux64/lib -rpath /sw/workstations/apps/linux-ubuntu22.04-ivybridge/intel-oneapi-compilers/2022.2.1/gcc-11.3.0/k2f52ijqkzvd4hct7ccykcnys7eym6t3/compiler/2022.2.1/linux/compiler/lib/intel64_lin CMakeFiles/cmTC_e3750.dir/CMakeCCompilerABI.c.o -Bstatic -lsvml -Bdynamic -Bstatic -lirng -Bdynamic -Bstatic -limf -Bdynamic -lm -lgcc --as-needed -lgcc_s --no-as-needed -Bstatic -lirc -Bdynamic -ldl -liomp5 -L/sw/workstations/apps/linux-ubuntu22.04-ivybridge/intel-oneapi-compilers/2022.2.1/gcc-11.3.0/k2f52ijqkzvd4hct7ccykcnys7eym6t3/compiler/2022.2.1/linux/lib -lgcc --as-needed -lgcc_s --no-as-needed -lpthread -lc -lgcc --as-needed -lgcc_s --no-as-needed -Bstatic -lirc_s -Bdynamic /usr/lib/gcc/x86_64-linux-gnu/12/crtend.o /lib/x86_64-linux-gnu/crtn.o]
    arg [/usr/bin/ld] ==> ignore
    arg [-zrelro] ==> ignore
    arg [--hash-style=gnu] ==> ignore
    arg [--eh-frame-hdr] ==> ignore
    arg [-m] ==> ignore
    arg [elf_x86_64] ==> ignore
    arg [-dynamic-linker] ==> ignore
    arg [/lib64/ld-linux-x86-64.so.2] ==> ignore
    arg [-o] ==> ignore
    arg [cmTC_e3750] ==> ignore
    arg [/lib/x86_64-linux-gnu/crt1.o] ==> obj [/lib/x86_64-linux-gnu/crt1.o]
    arg [/lib/x86_64-linux-gnu/crti.o] ==> obj [/lib/x86_64-linux-gnu/crti.o]
    arg [/usr/lib/gcc/x86_64-linux-gnu/12/crtbegin.o] ==> obj [/usr/lib/gcc/x86_64-linux-gnu/12/crtbegin.o]
    arg [/usr/lib/gcc/x86_64-linux-gnu/12/crtfastmath.o] ==> obj [/usr/lib/gcc/x86_64-linux-gnu/12/crtfastmath.o]
    arg [-L/sw/workstations/apps/linux-ubuntu22.04-ivybridge/intel-oneapi-compilers/2022.2.1/gcc-11.3.0/k2f52ijqkzvd4hct7ccykcnys7eym6t3/compiler/2022.2.1/linux/bin-llvm/../compiler/lib/intel64_lin] ==> dir [/sw/workstations/apps/linux-ubuntu22.04-ivybridge/intel-oneapi-compilers/2022.2.1/gcc-11.3.0/k2f52ijqkzvd4hct7ccykcnys7eym6t3/compiler/2022.2.1/linux/bin-llvm/../compiler/lib/intel64_lin]
    arg [-L/sw/workstations/apps/linux-ubuntu22.04-ivybridge/intel-oneapi-compilers/2022.2.1/gcc-11.3.0/k2f52ijqkzvd4hct7ccykcnys7eym6t3/compiler/2022.2.1/linux/bin-llvm/../lib] ==> dir [/sw/workstations/apps/linux-ubuntu22.04-ivybridge/intel-oneapi-compilers/2022.2.1/gcc-11.3.0/k2f52ijqkzvd4hct7ccykcnys7eym6t3/compiler/2022.2.1/linux/bin-llvm/../lib]
    arg [-L/sw/workstations/apps/linux-ubuntu22.04-ivybridge/intel-oneapi-compilers/2022.2.1/gcc-11.3.0/k2f52ijqkzvd4hct7ccykcnys7eym6t3/compiler/2022.2.1/linux/bin-llvm/../compiler/lib/intel64_lin] ==> dir [/sw/workstations/apps/linux-ubuntu22.04-ivybridge/intel-oneapi-compilers/2022.2.1/gcc-11.3.0/k2f52ijqkzvd4hct7ccykcnys7eym6t3/compiler/2022.2.1/linux/bin-llvm/../compiler/lib/intel64_lin]
    arg [-L/usr/lib/gcc/x86_64-linux-gnu/12] ==> dir [/usr/lib/gcc/x86_64-linux-gnu/12]
    arg [-L/usr/lib/gcc/x86_64-linux-gnu/12/../../../../lib64] ==> dir [/usr/lib/gcc/x86_64-linux-gnu/12/../../../../lib64]
    arg [-L/lib/x86_64-linux-gnu] ==> dir [/lib/x86_64-linux-gnu]
    arg [-L/lib/../lib64] ==> dir [/lib/../lib64]
    arg [-L/usr/lib/x86_64-linux-gnu] ==> dir [/usr/lib/x86_64-linux-gnu]
    arg [-L/usr/lib/../lib64] ==> dir [/usr/lib/../lib64]
    arg [-L/usr/lib/gcc/x86_64-linux-gnu/12/../../..] ==> dir [/usr/lib/gcc/x86_64-linux-gnu/12/../../..]
    arg [-L/lib] ==> dir [/lib]
    arg [-L/usr/lib] ==> dir [/usr/lib]
    arg [-L/sw/workstations/apps/linux-ubuntu22.04-ivybridge/intel-oneapi-compilers/2022.2.1/gcc-11.3.0/k2f52ijqkzvd4hct7ccykcnys7eym6t3/compiler/2022.2.1/linux/compiler/lib/intel64_lin] ==> dir [/sw/workstations/apps/linux-ubuntu22.04-ivybridge/intel-oneapi-compilers/2022.2.1/gcc-11.3.0/k2f52ijqkzvd4hct7ccykcnys7eym6t3/compiler/2022.2.1/linux/compiler/lib/intel64_lin]
    arg [-L/sw/workstations/apps/linux-ubuntu22.04-ivybridge/intel-oneapi-compilers/2022.2.1/gcc-11.3.0/k2f52ijqkzvd4hct7ccykcnys7eym6t3/compiler/2022.2.1/linux/lib] ==> dir [/sw/workstations/apps/linux-ubuntu22.04-ivybridge/intel-oneapi-compilers/2022.2.1/gcc-11.3.0/k2f52ijqkzvd4hct7ccykcnys7eym6t3/compiler/2022.2.1/linux/lib]
    arg [-rpath] ==> ignore
    arg [/sw/workstations/apps/linux-ubuntu22.04-ivybridge/intel-oneapi-compilers/2022.2.1/gcc-11.3.0/k2f52ijqkzvd4hct7ccykcnys7eym6t3/compiler/2022.2.1/linux/lib] ==> ignore
    arg [-rpath] ==> ignore
    arg [/sw/workstations/apps/linux-ubuntu22.04-ivybridge/intel-oneapi-compilers/2022.2.1/gcc-11.3.0/k2f52ijqkzvd4hct7ccykcnys7eym6t3/compiler/2022.2.1/linux/lib/x64] ==> ignore
    arg [-rpath] ==> ignore
    arg [/sw/workstations/apps/linux-ubuntu22.04-ivybridge/intel-oneapi-compilers/2022.2.1/gcc-11.3.0/k2f52ijqkzvd4hct7ccykcnys7eym6t3/compiler/2022.2.1/linux/lib/oclfpga/host/linux64/lib] ==> ignore
    arg [-rpath] ==> ignore
    arg [/sw/workstations/apps/linux-ubuntu22.04-ivybridge/intel-oneapi-compilers/2022.2.1/gcc-11.3.0/k2f52ijqkzvd4hct7ccykcnys7eym6t3/compiler/2022.2.1/linux/lib/oclfpga/linux64/lib] ==> ignore
    arg [-rpath] ==> ignore
    arg [/sw/workstations/apps/linux-ubuntu22.04-ivybridge/intel-oneapi-compilers/2022.2.1/gcc-11.3.0/k2f52ijqkzvd4hct7ccykcnys7eym6t3/compiler/2022.2.1/linux/compiler/lib/intel64_lin] ==> ignore
    arg [CMakeFiles/cmTC_e3750.dir/CMakeCCompilerABI.c.o] ==> ignore
    arg [-Bstatic] ==> search static
    arg [-lsvml] ==> lib [svml]
    arg [-Bdynamic] ==> search dynamic
    arg [-Bstatic] ==> search static
    arg [-lirng] ==> lib [irng]
    arg [-Bdynamic] ==> search dynamic
    arg [-Bstatic] ==> search static
    arg [-limf] ==> lib [imf]
    arg [-Bdynamic] ==> search dynamic
    arg [-lm] ==> lib [m]
    arg [-lgcc] ==> lib [gcc]
    arg [--as-needed] ==> ignore
    arg [-lgcc_s] ==> lib [gcc_s]
    arg [--no-as-needed] ==> ignore
    arg [-Bstatic] ==> search static
    arg [-lirc] ==> lib [irc]
    arg [-Bdynamic] ==> search dynamic
    arg [-ldl] ==> lib [dl]
    arg [-liomp5] ==> lib [iomp5]
    arg [-L/sw/workstations/apps/linux-ubuntu22.04-ivybridge/intel-oneapi-compilers/2022.2.1/gcc-11.3.0/k2f52ijqkzvd4hct7ccykcnys7eym6t3/compiler/2022.2.1/linux/lib] ==> dir [/sw/workstations/apps/linux-ubuntu22.04-ivybridge/intel-oneapi-compilers/2022.2.1/gcc-11.3.0/k2f52ijqkzvd4hct7ccykcnys7eym6t3/compiler/2022.2.1/linux/lib]
    arg [-lgcc] ==> lib [gcc]
    arg [--as-needed] ==> ignore
    arg [-lgcc_s] ==> lib [gcc_s]
    arg [--no-as-needed] ==> ignore
    arg [-lpthread] ==> lib [pthread]
    arg [-lc] ==> lib [c]
    arg [-lgcc] ==> lib [gcc]
    arg [--as-needed] ==> ignore
    arg [-lgcc_s] ==> lib [gcc_s]
    arg [--no-as-needed] ==> ignore
    arg [-Bstatic] ==> search static
    arg [-lirc_s] ==> lib [irc_s]
    arg [-Bdynamic] ==> search dynamic
    arg [/usr/lib/gcc/x86_64-linux-gnu/12/crtend.o] ==> obj [/usr/lib/gcc/x86_64-linux-gnu/12/crtend.o]
    arg [/lib/x86_64-linux-gnu/crtn.o] ==> obj [/lib/x86_64-linux-gnu/crtn.o]
  collapse library dir [/sw/workstations/apps/linux-ubuntu22.04-ivybridge/intel-oneapi-compilers/2022.2.1/gcc-11.3.0/k2f52ijqkzvd4hct7ccykcnys7eym6t3/compiler/2022.2.1/linux/bin-llvm/../compiler/lib/intel64_lin] ==> [/sw/workstations/apps/linux-ubuntu22.04-ivybridge/intel-oneapi-compilers/2022.2.1/gcc-11.3.0/k2f52ijqkzvd4hct7ccykcnys7eym6t3/compiler/2022.2.1/linux/compiler/lib/intel64_lin]
  collapse library dir [/sw/workstations/apps/linux-ubuntu22.04-ivybridge/intel-oneapi-compilers/2022.2.1/gcc-11.3.0/k2f52ijqkzvd4hct7ccykcnys7eym6t3/compiler/2022.2.1/linux/bin-llvm/../lib] ==> [/sw/workstations/apps/linux-ubuntu22.04-ivybridge/intel-oneapi-compilers/2022.2.1/gcc-11.3.0/k2f52ijqkzvd4hct7ccykcnys7eym6t3/compiler/2022.2.1/linux/lib]
  collapse library dir [/sw/workstations/apps/linux-ubuntu22.04-ivybridge/intel-oneapi-compilers/2022.2.1/gcc-11.3.0/k2f52ijqkzvd4hct7ccykcnys7eym6t3/compiler/2022.2.1/linux/bin-llvm/../compiler/lib/intel64_lin] ==> [/sw/workstations/apps/linux-ubuntu22.04-ivybridge/intel-oneapi-compilers/2022.2.1/gcc-11.3.0/k2f52ijqkzvd4hct7ccykcnys7eym6t3/compiler/2022.2.1/linux/compiler/lib/intel64_lin]
  collapse library dir [/usr/lib/gcc/x86_64-linux-gnu/12] ==> [/usr/lib/gcc/x86_64-linux-gnu/12]
  collapse library dir [/usr/lib/gcc/x86_64-linux-gnu/12/../../../../lib64] ==> [/usr/lib64]
  collapse library dir [/lib/x86_64-linux-gnu] ==> [/lib/x86_64-linux-gnu]
  collapse library dir [/lib/../lib64] ==> [/lib64]
  collapse library dir [/usr/lib/x86_64-linux-gnu] ==> [/usr/lib/x86_64-linux-gnu]
  collapse library dir [/usr/lib/../lib64] ==> [/usr/lib64]
  collapse library dir [/usr/lib/gcc/x86_64-linux-gnu/12/../../..] ==> [/usr/lib]
  collapse library dir [/lib] ==> [/lib]
  collapse library dir [/usr/lib] ==> [/usr/lib]
  collapse library dir [/sw/workstations/apps/linux-ubuntu22.04-ivybridge/intel-oneapi-compilers/2022.2.1/gcc-11.3.0/k2f52ijqkzvd4hct7ccykcnys7eym6t3/compiler/2022.2.1/linux/compiler/lib/intel64_lin] ==> [/sw/workstations/apps/linux-ubuntu22.04-ivybridge/intel-oneapi-compilers/2022.2.1/gcc-11.3.0/k2f52ijqkzvd4hct7ccykcnys7eym6t3/compiler/2022.2.1/linux/compiler/lib/intel64_lin]
  collapse library dir [/sw/workstations/apps/linux-ubuntu22.04-ivybridge/intel-oneapi-compilers/2022.2.1/gcc-11.3.0/k2f52ijqkzvd4hct7ccykcnys7eym6t3/compiler/2022.2.1/linux/lib] ==> [/sw/workstations/apps/linux-ubuntu22.04-ivybridge/intel-oneapi-compilers/2022.2.1/gcc-11.3.0/k2f52ijqkzvd4hct7ccykcnys7eym6t3/compiler/2022.2.1/linux/lib]
  collapse library dir [/sw/workstations/apps/linux-ubuntu22.04-ivybridge/intel-oneapi-compilers/2022.2.1/gcc-11.3.0/k2f52ijqkzvd4hct7ccykcnys7eym6t3/compiler/2022.2.1/linux/lib] ==> [/sw/workstations/apps/linux-ubuntu22.04-ivybridge/intel-oneapi-compilers/2022.2.1/gcc-11.3.0/k2f52ijqkzvd4hct7ccykcnys7eym6t3/compiler/2022.2.1/linux/lib]
  implicit libs: [svml;irng;imf;m;gcc;gcc_s;irc;dl;iomp5;gcc;gcc_s;pthread;c;gcc;gcc_s;irc_s]
  implicit objs: [/lib/x86_64-linux-gnu/crt1.o;/lib/x86_64-linux-gnu/crti.o;/usr/lib/gcc/x86_64-linux-gnu/12/crtbegin.o;/usr/lib/gcc/x86_64-linux-gnu/12/crtfastmath.o;/usr/lib/gcc/x86_64-linux-gnu/12/crtend.o;/lib/x86_64-linux-gnu/crtn.o]
  implicit dirs: [/sw/workstations/apps/linux-ubuntu22.04-ivybridge/intel-oneapi-compilers/2022.2.1/gcc-11.3.0/k2f52ijqkzvd4hct7ccykcnys7eym6t3/compiler/2022.2.1/linux/compiler/lib/intel64_lin;/sw/workstations/apps/linux-ubuntu22.04-ivybridge/intel-oneapi-compilers/2022.2.1/gcc-11.3.0/k2f52ijqkzvd4hct7ccykcnys7eym6t3/compiler/2022.2.1/linux/lib;/usr/lib/gcc/x86_64-linux-gnu/12;/usr/lib64;/lib/x86_64-linux-gnu;/lib64;/usr/lib/x86_64-linux-gnu;/usr/lib;/lib]
  implicit fwks: []


Detecting C OpenMP compiler ABI info compiled with the following output:
Change Dir: /media/x_plotnips/sdd1/Dropbox/PhD_proposal/work_with_david/Exawave_3_handover/panzer_repo/CMakeFiles/CMakeTmp

Run Build Command(s):/usr/bin/gmake -f Makefile cmTC_a8bda/fast && /usr/bin/gmake  -f CMakeFiles/cmTC_a8bda.dir/build.make CMakeFiles/cmTC_a8bda.dir/build
gmake[1]: Entering directory '/media/x_plotnips/sdd1/Dropbox/PhD_proposal/work_with_david/Exawave_3_handover/panzer_repo/CMakeFiles/CMakeTmp'
Building C object CMakeFiles/cmTC_a8bda.dir/OpenMPTryFlag.c.o
/sw/workstations/apps/linux-ubuntu22.04-ivybridge/intel-oneapi-compilers/2022.2.1/gcc-11.3.0/k2f52ijqkzvd4hct7ccykcnys7eym6t3/compiler/2022.2.1/linux/bin/icx   -march=znver2 -mtune=znver2 -O3 -ffast-math -qopenmp -mprefer-vector-width=256 -qopt-report=5 -qopt-report-phase=vec -fiopenmp -v -MD -MT CMakeFiles/cmTC_a8bda.dir/OpenMPTryFlag.c.o -MF CMakeFiles/cmTC_a8bda.dir/OpenMPTryFlag.c.o.d -o CMakeFiles/cmTC_a8bda.dir/OpenMPTryFlag.c.o -c /media/x_plotnips/sdd1/Dropbox/PhD_proposal/work_with_david/Exawave_3_handover/panzer_repo/CMakeFiles/FindOpenMP/OpenMPTryFlag.c
icx: command line warning #10430: Unsupported command line options encountered
These options as listed are not supported.
For more information, use '-qnextgen-diag'.
option list: 
	-qopt-report-phase=vec
Intel(R) oneAPI DPC++/C++ Compiler 2022.2.1 (2022.2.1.20221020)
Target: x86_64-unknown-linux-gnu
Thread model: posix
InstalledDir: /sw/workstations/apps/linux-ubuntu22.04-ivybridge/intel-oneapi-compilers/2022.2.1/gcc-11.3.0/k2f52ijqkzvd4hct7ccykcnys7eym6t3/compiler/2022.2.1/linux/bin-llvm
Configuration file: /sw/workstations/apps/linux-ubuntu22.04-ivybridge/intel-oneapi-compilers/2022.2.1/gcc-11.3.0/k2f52ijqkzvd4hct7ccykcnys7eym6t3/compiler/2022.2.1/linux/bin/icx.cfg
Found candidate GCC installation: /usr/lib/gcc/x86_64-linux-gnu/11
Found candidate GCC installation: /usr/lib/gcc/x86_64-linux-gnu/12
Selected GCC installation: /usr/lib/gcc/x86_64-linux-gnu/12
Candidate multilib: .;@m64
Selected multilib: .;@m64
icx: warning: argument unused during compilation: '-qopt-report=5' [-Wunused-command-line-argument]
 (in-process)
 "/sw/workstations/apps/linux-ubuntu22.04-ivybridge/intel-oneapi-compilers/2022.2.1/gcc-11.3.0/k2f52ijqkzvd4hct7ccykcnys7eym6t3/compiler/2022.2.1/linux/bin-llvm/clang" -cc1 -triple x86_64-unknown-linux-gnu -emit-obj --mrelax-relocations -disable-free -clear-ast-before-backend -disable-llvm-verifier -discard-value-names -main-file-name OpenMPTryFlag.c -mrelocation-model static -fveclib=SVML -mframe-pointer=none -menable-no-infs -menable-no-nans -fapprox-func -menable-unsafe-fp-math -fno-signed-zeros -mreassociate -freciprocal-math -fdenormal-fp-math=preserve-sign,preserve-sign -ffp-contract=fast -fno-rounding-math -ffast-math -ffinite-math-only -mconstructor-aliases -funwind-tables=2 -target-cpu znver2 -mllvm -x86-enable-unaligned-vector-move=true -tune-cpu znver2 -mllvm -treat-scalable-fixed-error-as-warning -debug-info-kind=line-tables-only -debugger-tuning=gdb -v -fcoverage-compilation-dir=/media/x_plotnips/sdd1/Dropbox/PhD_proposal/work_with_david/Exawave_3_handover/panzer_repo/CMakeFiles/CMakeTmp -resource-dir /sw/workstations/apps/linux-ubuntu22.04-ivybridge/intel-oneapi-compilers/2022.2.1/gcc-11.3.0/k2f52ijqkzvd4hct7ccykcnys7eym6t3/compiler/2022.2.1/linux/lib/clang/15.0.0 -dependency-file CMakeFiles/cmTC_a8bda.dir/OpenMPTryFlag.c.o.d -MT CMakeFiles/cmTC_a8bda.dir/OpenMPTryFlag.c.o -sys-header-deps -internal-isystem /sw/workstations/apps/linux-ubuntu22.04-ivybridge/intel-oneapi-compilers/2022.2.1/gcc-11.3.0/k2f52ijqkzvd4hct7ccykcnys7eym6t3/compiler/2022.2.1/linux/bin-llvm/../compiler/include -internal-isystem /sw/workstations/apps/linux-ubuntu22.04-ivybridge/intel-oneapi-compilers/2022.2.1/gcc-11.3.0/k2f52ijqkzvd4hct7ccykcnys7eym6t3/compiler/2022.2.1/linux/lib/clang/15.0.0/include -internal-isystem /usr/local/include -internal-isystem /usr/lib/gcc/x86_64-linux-gnu/12/../../../../x86_64-linux-gnu/include -internal-externc-isystem /usr/include/x86_64-linux-gnu -internal-externc-isystem /include -internal-externc-isystem /usr/include -O3 -fdebug-compilation-dir=/media/x_plotnips/sdd1/Dropbox/PhD_proposal/work_with_david/Exawave_3_handover/panzer_repo/CMakeFiles/CMakeTmp -ferror-limit 19 -fheinous-gnu-extensions -fopenmp-late-outline -fopenmp-threadprivate-legacy -fopenmp -fgnuc-version=4.2.1 -mllvm -enable-gvn-hoist -vectorize-loops -vectorize-slp -mprefer-vector-width=256 -opt-record-file CMakeFiles/cmTC_a8bda.dir/OpenMPTryFlag.c.opt.yaml -opt-record-format yaml -dwarf-debug-flags " -Wl,-rpath,/sw/workstations/apps/linux-ubuntu22.04-ivybridge/intel-oneapi-compilers/2022.2.1/gcc-11.3.0/k2f52ijqkzvd4hct7ccykcnys7eym6t3/compiler/2022.2.1/linux/lib -Wl,-rpath,/sw/workstations/apps/linux-ubuntu22.04-ivybridge/intel-oneapi-compilers/2022.2.1/gcc-11.3.0/k2f52ijqkzvd4hct7ccykcnys7eym6t3/compiler/2022.2.1/linux/lib/x64 -Wl,-rpath,/sw/workstations/apps/linux-ubuntu22.04-ivybridge/intel-oneapi-compilers/2022.2.1/gcc-11.3.0/k2f52ijqkzvd4hct7ccykcnys7eym6t3/compiler/2022.2.1/linux/lib/oclfpga/host/linux64/lib -Wl,-rpath,/sw/workstations/apps/linux-ubuntu22.04-ivybridge/intel-oneapi-compilers/2022.2.1/gcc-11.3.0/k2f52ijqkzvd4hct7ccykcnys7eym6t3/compiler/2022.2.1/linux/lib/oclfpga/linux64/lib -Wl,-rpath,/sw/workstations/apps/linux-ubuntu22.04-ivybridge/intel-oneapi-compilers/2022.2.1/gcc-11.3.0/k2f52ijqkzvd4hct7ccykcnys7eym6t3/compiler/2022.2.1/linux/compiler/lib/intel64_lin --gcc-toolchain=/usr --intel -march=znver2 -mtune=znver2 -O3 -ffast-math -fiopenmp -mprefer-vector-width=256 -qopt-report=5 -fiopenmp -v -MD -MT CMakeFiles/cmTC_a8bda.dir/OpenMPTryFlag.c.o -MF CMakeFiles/cmTC_a8bda.dir/OpenMPTryFlag.c.o.d -o CMakeFiles/cmTC_a8bda.dir/OpenMPTryFlag.c.o -c /media/x_plotnips/sdd1/Dropbox/PhD_proposal/work_with_david/Exawave_3_handover/panzer_repo/CMakeFiles/FindOpenMP/OpenMPTryFlag.c -fveclib=SVML -fheinous-gnu-extensions" -mllvm -paropt=31 -D__GCC_HAVE_DWARF2_CFI_ASM=1 -fintel-compatibility -fintel-libirc-allowed -mllvm -disable-hir-generate-mkl-call -mllvm -loopopt=1 -floopopt-pipeline=light -mllvm -intel-abi-compatible=true -o CMakeFiles/cmTC_a8bda.dir/OpenMPTryFlag.c.o -x c /media/x_plotnips/sdd1/Dropbox/PhD_proposal/work_with_david/Exawave_3_handover/panzer_repo/CMakeFiles/FindOpenMP/OpenMPTryFlag.c
clang -cc1 version 15.0.0 based upon LLVM 15.0.0git default target x86_64-unknown-linux-gnu
ignoring nonexistent directory "/usr/lib/gcc/x86_64-linux-gnu/12/../../../../x86_64-linux-gnu/include"
ignoring nonexistent directory "/include"
#include "..." search starts here:
#include <...> search starts here:
 /sw/workstations/apps/linux-ubuntu22.04-ivybridge/intel-oneapi-compilers/2022.2.1/gcc-11.3.0/k2f52ijqkzvd4hct7ccykcnys7eym6t3/compiler/2022.2.1/linux/bin-llvm/../compiler/include
 /sw/workstations/apps/linux-ubuntu22.04-ivybridge/intel-oneapi-compilers/2022.2.1/gcc-11.3.0/k2f52ijqkzvd4hct7ccykcnys7eym6t3/compiler/2022.2.1/linux/lib/clang/15.0.0/include
 /usr/local/include
 /usr/include/x86_64-linux-gnu
 /usr/include
End of search list.
Linking C executable cmTC_a8bda
/sw/workstations/apps/linux-ubuntu22.04-ivybridge/cmake/3.24.3/gcc-11.3.0/im6us5w327xiszfjh37fer4odzrpsbgr/bin/cmake -E cmake_link_script CMakeFiles/cmTC_a8bda.dir/link.txt --verbose=1
/sw/workstations/apps/linux-ubuntu22.04-ivybridge/intel-oneapi-compilers/2022.2.1/gcc-11.3.0/k2f52ijqkzvd4hct7ccykcnys7eym6t3/compiler/2022.2.1/linux/bin/icx -march=znver2 -mtune=znver2 -O3 -ffast-math -qopenmp -mprefer-vector-width=256 -qopt-report=5 -qopt-report-phase=vec -fiopenmp -v CMakeFiles/cmTC_a8bda.dir/OpenMPTryFlag.c.o -o cmTC_a8bda  -v 
icx: command line warning #10430: Unsupported command line options encountered
These options as listed are not supported.
For more information, use '-qnextgen-diag'.
option list: 
	-qopt-report-phase=vec
Intel(R) oneAPI DPC++/C++ Compiler 2022.2.1 (2022.2.1.20221020)
Target: x86_64-unknown-linux-gnu
Thread model: posix
InstalledDir: /sw/workstations/apps/linux-ubuntu22.04-ivybridge/intel-oneapi-compilers/2022.2.1/gcc-11.3.0/k2f52ijqkzvd4hct7ccykcnys7eym6t3/compiler/2022.2.1/linux/bin-llvm
Configuration file: /sw/workstations/apps/linux-ubuntu22.04-ivybridge/intel-oneapi-compilers/2022.2.1/gcc-11.3.0/k2f52ijqkzvd4hct7ccykcnys7eym6t3/compiler/2022.2.1/linux/bin/icx.cfg
Found candidate GCC installation: /usr/lib/gcc/x86_64-linux-gnu/11
Found candidate GCC installation: /usr/lib/gcc/x86_64-linux-gnu/12
Selected GCC installation: /usr/lib/gcc/x86_64-linux-gnu/12
Candidate multilib: .;@m64
Selected multilib: .;@m64
 "/usr/bin/ld" -z relro --hash-style=gnu --eh-frame-hdr -m elf_x86_64 -dynamic-linker /lib64/ld-linux-x86-64.so.2 -o cmTC_a8bda /lib/x86_64-linux-gnu/crt1.o /lib/x86_64-linux-gnu/crti.o /usr/lib/gcc/x86_64-linux-gnu/12/crtbegin.o /usr/lib/gcc/x86_64-linux-gnu/12/crtfastmath.o -L/sw/workstations/apps/linux-ubuntu22.04-ivybridge/intel-oneapi-compilers/2022.2.1/gcc-11.3.0/k2f52ijqkzvd4hct7ccykcnys7eym6t3/compiler/2022.2.1/linux/bin-llvm/../compiler/lib/intel64_lin -L/sw/workstations/apps/linux-ubuntu22.04-ivybridge/intel-oneapi-compilers/2022.2.1/gcc-11.3.0/k2f52ijqkzvd4hct7ccykcnys7eym6t3/compiler/2022.2.1/linux/bin-llvm/../lib -L/sw/workstations/apps/linux-ubuntu22.04-ivybridge/intel-oneapi-compilers/2022.2.1/gcc-11.3.0/k2f52ijqkzvd4hct7ccykcnys7eym6t3/compiler/2022.2.1/linux/bin-llvm/../compiler/lib/intel64_lin -L/usr/lib/gcc/x86_64-linux-gnu/12 -L/usr/lib/gcc/x86_64-linux-gnu/12/../../../../lib64 -L/lib/x86_64-linux-gnu -L/lib/../lib64 -L/usr/lib/x86_64-linux-gnu -L/usr/lib/../lib64 -L/usr/lib/gcc/x86_64-linux-gnu/12/../../.. -L/lib -L/usr/lib -L/sw/workstations/apps/linux-ubuntu22.04-ivybridge/intel-oneapi-compilers/2022.2.1/gcc-11.3.0/k2f52ijqkzvd4hct7ccykcnys7eym6t3/compiler/2022.2.1/linux/compiler/lib/intel64_lin -L/sw/workstations/apps/linux-ubuntu22.04-ivybridge/intel-oneapi-compilers/2022.2.1/gcc-11.3.0/k2f52ijqkzvd4hct7ccykcnys7eym6t3/compiler/2022.2.1/linux/lib -rpath /sw/workstations/apps/linux-ubuntu22.04-ivybridge/intel-oneapi-compilers/2022.2.1/gcc-11.3.0/k2f52ijqkzvd4hct7ccykcnys7eym6t3/compiler/2022.2.1/linux/lib -rpath /sw/workstations/apps/linux-ubuntu22.04-ivybridge/intel-oneapi-compilers/2022.2.1/gcc-11.3.0/k2f52ijqkzvd4hct7ccykcnys7eym6t3/compiler/2022.2.1/linux/lib/x64 -rpath /sw/workstations/apps/linux-ubuntu22.04-ivybridge/intel-oneapi-compilers/2022.2.1/gcc-11.3.0/k2f52ijqkzvd4hct7ccykcnys7eym6t3/compiler/2022.2.1/linux/lib/oclfpga/host/linux64/lib -rpath /sw/workstations/apps/linux-ubuntu22.04-ivybridge/intel-oneapi-compilers/2022.2.1/gcc-11.3.0/k2f52ijqkzvd4hct7ccykcnys7eym6t3/compiler/2022.2.1/linux/lib/oclfpga/linux64/lib -rpath /sw/workstations/apps/linux-ubuntu22.04-ivybridge/intel-oneapi-compilers/2022.2.1/gcc-11.3.0/k2f52ijqkzvd4hct7ccykcnys7eym6t3/compiler/2022.2.1/linux/compiler/lib/intel64_lin CMakeFiles/cmTC_a8bda.dir/OpenMPTryFlag.c.o -Bstatic -lsvml -Bdynamic -Bstatic -lirng -Bdynamic -Bstatic -limf -Bdynamic -lm -lgcc --as-needed -lgcc_s --no-as-needed -Bstatic -lirc -Bdynamic -ldl -liomp5 -L/sw/workstations/apps/linux-ubuntu22.04-ivybridge/intel-oneapi-compilers/2022.2.1/gcc-11.3.0/k2f52ijqkzvd4hct7ccykcnys7eym6t3/compiler/2022.2.1/linux/lib -lgcc --as-needed -lgcc_s --no-as-needed -lpthread -lc -lgcc --as-needed -lgcc_s --no-as-needed -Bstatic -lirc_s -Bdynamic /usr/lib/gcc/x86_64-linux-gnu/12/crtend.o /lib/x86_64-linux-gnu/crtn.o
gmake[1]: Leaving directory '/media/x_plotnips/sdd1/Dropbox/PhD_proposal/work_with_david/Exawave_3_handover/panzer_repo/CMakeFiles/CMakeTmp'



Parsed C OpenMP implicit link information from above output:
  link line regex: [^( *|.*[/\])(ld|CMAKE_LINK_STARTFILE-NOTFOUND|([^/\]+-)?ld|collect2)[^/\]*( |$)]
  ignore line: [Change Dir: /media/x_plotnips/sdd1/Dropbox/PhD_proposal/work_with_david/Exawave_3_handover/panzer_repo/CMakeFiles/CMakeTmp]
  ignore line: []
  ignore line: [Run Build Command(s):/usr/bin/gmake -f Makefile cmTC_a8bda/fast && /usr/bin/gmake  -f CMakeFiles/cmTC_a8bda.dir/build.make CMakeFiles/cmTC_a8bda.dir/build]
  ignore line: [gmake[1]: Entering directory '/media/x_plotnips/sdd1/Dropbox/PhD_proposal/work_with_david/Exawave_3_handover/panzer_repo/CMakeFiles/CMakeTmp']
  ignore line: [Building C object CMakeFiles/cmTC_a8bda.dir/OpenMPTryFlag.c.o]
  ignore line: [/sw/workstations/apps/linux-ubuntu22.04-ivybridge/intel-oneapi-compilers/2022.2.1/gcc-11.3.0/k2f52ijqkzvd4hct7ccykcnys7eym6t3/compiler/2022.2.1/linux/bin/icx   -march=znver2 -mtune=znver2 -O3 -ffast-math -qopenmp -mprefer-vector-width=256 -qopt-report=5 -qopt-report-phase=vec -fiopenmp -v -MD -MT CMakeFiles/cmTC_a8bda.dir/OpenMPTryFlag.c.o -MF CMakeFiles/cmTC_a8bda.dir/OpenMPTryFlag.c.o.d -o CMakeFiles/cmTC_a8bda.dir/OpenMPTryFlag.c.o -c /media/x_plotnips/sdd1/Dropbox/PhD_proposal/work_with_david/Exawave_3_handover/panzer_repo/CMakeFiles/FindOpenMP/OpenMPTryFlag.c]
  ignore line: [icx: command line warning #10430: Unsupported command line options encountered]
  ignore line: [These options as listed are not supported.]
  ignore line: [For more information  use '-qnextgen-diag'.]
  ignore line: [option list: ]
  ignore line: [	-qopt-report-phase=vec]
  ignore line: [Intel(R) oneAPI DPC++/C++ Compiler 2022.2.1 (2022.2.1.20221020)]
  ignore line: [Target: x86_64-unknown-linux-gnu]
  ignore line: [Thread model: posix]
  ignore line: [InstalledDir: /sw/workstations/apps/linux-ubuntu22.04-ivybridge/intel-oneapi-compilers/2022.2.1/gcc-11.3.0/k2f52ijqkzvd4hct7ccykcnys7eym6t3/compiler/2022.2.1/linux/bin-llvm]
  ignore line: [Configuration file: /sw/workstations/apps/linux-ubuntu22.04-ivybridge/intel-oneapi-compilers/2022.2.1/gcc-11.3.0/k2f52ijqkzvd4hct7ccykcnys7eym6t3/compiler/2022.2.1/linux/bin/icx.cfg]
  ignore line: [Found candidate GCC installation: /usr/lib/gcc/x86_64-linux-gnu/11]
  ignore line: [Found candidate GCC installation: /usr/lib/gcc/x86_64-linux-gnu/12]
  ignore line: [Selected GCC installation: /usr/lib/gcc/x86_64-linux-gnu/12]
  ignore line: [Candidate multilib: .]
  ignore line: [@m64]
  ignore line: [Selected multilib: .]
  ignore line: [@m64]
  ignore line: [icx: warning: argument unused during compilation: '-qopt-report=5' [-Wunused-command-line-argument]]
  ignore line: [ (in-process)]
  ignore line: [ "/sw/workstations/apps/linux-ubuntu22.04-ivybridge/intel-oneapi-compilers/2022.2.1/gcc-11.3.0/k2f52ijqkzvd4hct7ccykcnys7eym6t3/compiler/2022.2.1/linux/bin-llvm/clang" -cc1 -triple x86_64-unknown-linux-gnu -emit-obj --mrelax-relocations -disable-free -clear-ast-before-backend -disable-llvm-verifier -discard-value-names -main-file-name OpenMPTryFlag.c -mrelocation-model static -fveclib=SVML -mframe-pointer=none -menable-no-infs -menable-no-nans -fapprox-func -menable-unsafe-fp-math -fno-signed-zeros -mreassociate -freciprocal-math -fdenormal-fp-math=preserve-sign preserve-sign -ffp-contract=fast -fno-rounding-math -ffast-math -ffinite-math-only -mconstructor-aliases -funwind-tables=2 -target-cpu znver2 -mllvm -x86-enable-unaligned-vector-move=true -tune-cpu znver2 -mllvm -treat-scalable-fixed-error-as-warning -debug-info-kind=line-tables-only -debugger-tuning=gdb -v -fcoverage-compilation-dir=/media/x_plotnips/sdd1/Dropbox/PhD_proposal/work_with_david/Exawave_3_handover/panzer_repo/CMakeFiles/CMakeTmp -resource-dir /sw/workstations/apps/linux-ubuntu22.04-ivybridge/intel-oneapi-compilers/2022.2.1/gcc-11.3.0/k2f52ijqkzvd4hct7ccykcnys7eym6t3/compiler/2022.2.1/linux/lib/clang/15.0.0 -dependency-file CMakeFiles/cmTC_a8bda.dir/OpenMPTryFlag.c.o.d -MT CMakeFiles/cmTC_a8bda.dir/OpenMPTryFlag.c.o -sys-header-deps -internal-isystem /sw/workstations/apps/linux-ubuntu22.04-ivybridge/intel-oneapi-compilers/2022.2.1/gcc-11.3.0/k2f52ijqkzvd4hct7ccykcnys7eym6t3/compiler/2022.2.1/linux/bin-llvm/../compiler/include -internal-isystem /sw/workstations/apps/linux-ubuntu22.04-ivybridge/intel-oneapi-compilers/2022.2.1/gcc-11.3.0/k2f52ijqkzvd4hct7ccykcnys7eym6t3/compiler/2022.2.1/linux/lib/clang/15.0.0/include -internal-isystem /usr/local/include -internal-isystem /usr/lib/gcc/x86_64-linux-gnu/12/../../../../x86_64-linux-gnu/include -internal-externc-isystem /usr/include/x86_64-linux-gnu -internal-externc-isystem /include -internal-externc-isystem /usr/include -O3 -fdebug-compilation-dir=/media/x_plotnips/sdd1/Dropbox/PhD_proposal/work_with_david/Exawave_3_handover/panzer_repo/CMakeFiles/CMakeTmp -ferror-limit 19 -fheinous-gnu-extensions -fopenmp-late-outline -fopenmp-threadprivate-legacy -fopenmp -fgnuc-version=4.2.1 -mllvm -enable-gvn-hoist -vectorize-loops -vectorize-slp -mprefer-vector-width=256 -opt-record-file CMakeFiles/cmTC_a8bda.dir/OpenMPTryFlag.c.opt.yaml -opt-record-format yaml -dwarf-debug-flags " -Wl -rpath /sw/workstations/apps/linux-ubuntu22.04-ivybridge/intel-oneapi-compilers/2022.2.1/gcc-11.3.0/k2f52ijqkzvd4hct7ccykcnys7eym6t3/compiler/2022.2.1/linux/lib -Wl -rpath /sw/workstations/apps/linux-ubuntu22.04-ivybridge/intel-oneapi-compilers/2022.2.1/gcc-11.3.0/k2f52ijqkzvd4hct7ccykcnys7eym6t3/compiler/2022.2.1/linux/lib/x64 -Wl -rpath /sw/workstations/apps/linux-ubuntu22.04-ivybridge/intel-oneapi-compilers/2022.2.1/gcc-11.3.0/k2f52ijqkzvd4hct7ccykcnys7eym6t3/compiler/2022.2.1/linux/lib/oclfpga/host/linux64/lib -Wl -rpath /sw/workstations/apps/linux-ubuntu22.04-ivybridge/intel-oneapi-compilers/2022.2.1/gcc-11.3.0/k2f52ijqkzvd4hct7ccykcnys7eym6t3/compiler/2022.2.1/linux/lib/oclfpga/linux64/lib -Wl -rpath /sw/workstations/apps/linux-ubuntu22.04-ivybridge/intel-oneapi-compilers/2022.2.1/gcc-11.3.0/k2f52ijqkzvd4hct7ccykcnys7eym6t3/compiler/2022.2.1/linux/compiler/lib/intel64_lin --gcc-toolchain=/usr --intel -march=znver2 -mtune=znver2 -O3 -ffast-math -fiopenmp -mprefer-vector-width=256 -qopt-report=5 -fiopenmp -v -MD -MT CMakeFiles/cmTC_a8bda.dir/OpenMPTryFlag.c.o -MF CMakeFiles/cmTC_a8bda.dir/OpenMPTryFlag.c.o.d -o CMakeFiles/cmTC_a8bda.dir/OpenMPTryFlag.c.o -c /media/x_plotnips/sdd1/Dropbox/PhD_proposal/work_with_david/Exawave_3_handover/panzer_repo/CMakeFiles/FindOpenMP/OpenMPTryFlag.c -fveclib=SVML -fheinous-gnu-extensions" -mllvm -paropt=31 -D__GCC_HAVE_DWARF2_CFI_ASM=1 -fintel-compatibility -fintel-libirc-allowed -mllvm -disable-hir-generate-mkl-call -mllvm -loopopt=1 -floopopt-pipeline=light -mllvm -intel-abi-compatible=true -o CMakeFiles/cmTC_a8bda.dir/OpenMPTryFlag.c.o -x c /media/x_plotnips/sdd1/Dropbox/PhD_proposal/work_with_david/Exawave_3_handover/panzer_repo/CMakeFiles/FindOpenMP/OpenMPTryFlag.c]
  ignore line: [clang -cc1 version 15.0.0 based upon LLVM 15.0.0git default target x86_64-unknown-linux-gnu]
  ignore line: [ignoring nonexistent directory "/usr/lib/gcc/x86_64-linux-gnu/12/../../../../x86_64-linux-gnu/include"]
  ignore line: [ignoring nonexistent directory "/include"]
  ignore line: [#include "..." search starts here:]
  ignore line: [#include <...> search starts here:]
  ignore line: [ /sw/workstations/apps/linux-ubuntu22.04-ivybridge/intel-oneapi-compilers/2022.2.1/gcc-11.3.0/k2f52ijqkzvd4hct7ccykcnys7eym6t3/compiler/2022.2.1/linux/bin-llvm/../compiler/include]
  ignore line: [ /sw/workstations/apps/linux-ubuntu22.04-ivybridge/intel-oneapi-compilers/2022.2.1/gcc-11.3.0/k2f52ijqkzvd4hct7ccykcnys7eym6t3/compiler/2022.2.1/linux/lib/clang/15.0.0/include]
  ignore line: [ /usr/local/include]
  ignore line: [ /usr/include/x86_64-linux-gnu]
  ignore line: [ /usr/include]
  ignore line: [End of search list.]
  ignore line: [Linking C executable cmTC_a8bda]
  ignore line: [/sw/workstations/apps/linux-ubuntu22.04-ivybridge/cmake/3.24.3/gcc-11.3.0/im6us5w327xiszfjh37fer4odzrpsbgr/bin/cmake -E cmake_link_script CMakeFiles/cmTC_a8bda.dir/link.txt --verbose=1]
  ignore line: [/sw/workstations/apps/linux-ubuntu22.04-ivybridge/intel-oneapi-compilers/2022.2.1/gcc-11.3.0/k2f52ijqkzvd4hct7ccykcnys7eym6t3/compiler/2022.2.1/linux/bin/icx -march=znver2 -mtune=znver2 -O3 -ffast-math -qopenmp -mprefer-vector-width=256 -qopt-report=5 -qopt-report-phase=vec -fiopenmp -v CMakeFiles/cmTC_a8bda.dir/OpenMPTryFlag.c.o -o cmTC_a8bda  -v ]
  ignore line: [icx: command line warning #10430: Unsupported command line options encountered]
  ignore line: [These options as listed are not supported.]
  ignore line: [For more information  use '-qnextgen-diag'.]
  ignore line: [option list: ]
  ignore line: [	-qopt-report-phase=vec]
  ignore line: [Intel(R) oneAPI DPC++/C++ Compiler 2022.2.1 (2022.2.1.20221020)]
  ignore line: [Target: x86_64-unknown-linux-gnu]
  ignore line: [Thread model: posix]
  ignore line: [InstalledDir: /sw/workstations/apps/linux-ubuntu22.04-ivybridge/intel-oneapi-compilers/2022.2.1/gcc-11.3.0/k2f52ijqkzvd4hct7ccykcnys7eym6t3/compiler/2022.2.1/linux/bin-llvm]
  ignore line: [Configuration file: /sw/workstations/apps/linux-ubuntu22.04-ivybridge/intel-oneapi-compilers/2022.2.1/gcc-11.3.0/k2f52ijqkzvd4hct7ccykcnys7eym6t3/compiler/2022.2.1/linux/bin/icx.cfg]
  ignore line: [Found candidate GCC installation: /usr/lib/gcc/x86_64-linux-gnu/11]
  ignore line: [Found candidate GCC installation: /usr/lib/gcc/x86_64-linux-gnu/12]
  ignore line: [Selected GCC installation: /usr/lib/gcc/x86_64-linux-gnu/12]
  ignore line: [Candidate multilib: .]
  ignore line: [@m64]
  ignore line: [Selected multilib: .]
  ignore line: [@m64]
  link line: [ "/usr/bin/ld" -z relro --hash-style=gnu --eh-frame-hdr -m elf_x86_64 -dynamic-linker /lib64/ld-linux-x86-64.so.2 -o cmTC_a8bda /lib/x86_64-linux-gnu/crt1.o /lib/x86_64-linux-gnu/crti.o /usr/lib/gcc/x86_64-linux-gnu/12/crtbegin.o /usr/lib/gcc/x86_64-linux-gnu/12/crtfastmath.o -L/sw/workstations/apps/linux-ubuntu22.04-ivybridge/intel-oneapi-compilers/2022.2.1/gcc-11.3.0/k2f52ijqkzvd4hct7ccykcnys7eym6t3/compiler/2022.2.1/linux/bin-llvm/../compiler/lib/intel64_lin -L/sw/workstations/apps/linux-ubuntu22.04-ivybridge/intel-oneapi-compilers/2022.2.1/gcc-11.3.0/k2f52ijqkzvd4hct7ccykcnys7eym6t3/compiler/2022.2.1/linux/bin-llvm/../lib -L/sw/workstations/apps/linux-ubuntu22.04-ivybridge/intel-oneapi-compilers/2022.2.1/gcc-11.3.0/k2f52ijqkzvd4hct7ccykcnys7eym6t3/compiler/2022.2.1/linux/bin-llvm/../compiler/lib/intel64_lin -L/usr/lib/gcc/x86_64-linux-gnu/12 -L/usr/lib/gcc/x86_64-linux-gnu/12/../../../../lib64 -L/lib/x86_64-linux-gnu -L/lib/../lib64 -L/usr/lib/x86_64-linux-gnu -L/usr/lib/../lib64 -L/usr/lib/gcc/x86_64-linux-gnu/12/../../.. -L/lib -L/usr/lib -L/sw/workstations/apps/linux-ubuntu22.04-ivybridge/intel-oneapi-compilers/2022.2.1/gcc-11.3.0/k2f52ijqkzvd4hct7ccykcnys7eym6t3/compiler/2022.2.1/linux/compiler/lib/intel64_lin -L/sw/workstations/apps/linux-ubuntu22.04-ivybridge/intel-oneapi-compilers/2022.2.1/gcc-11.3.0/k2f52ijqkzvd4hct7ccykcnys7eym6t3/compiler/2022.2.1/linux/lib -rpath /sw/workstations/apps/linux-ubuntu22.04-ivybridge/intel-oneapi-compilers/2022.2.1/gcc-11.3.0/k2f52ijqkzvd4hct7ccykcnys7eym6t3/compiler/2022.2.1/linux/lib -rpath /sw/workstations/apps/linux-ubuntu22.04-ivybridge/intel-oneapi-compilers/2022.2.1/gcc-11.3.0/k2f52ijqkzvd4hct7ccykcnys7eym6t3/compiler/2022.2.1/linux/lib/x64 -rpath /sw/workstations/apps/linux-ubuntu22.04-ivybridge/intel-oneapi-compilers/2022.2.1/gcc-11.3.0/k2f52ijqkzvd4hct7ccykcnys7eym6t3/compiler/2022.2.1/linux/lib/oclfpga/host/linux64/lib -rpath /sw/workstations/apps/linux-ubuntu22.04-ivybridge/intel-oneapi-compilers/2022.2.1/gcc-11.3.0/k2f52ijqkzvd4hct7ccykcnys7eym6t3/compiler/2022.2.1/linux/lib/oclfpga/linux64/lib -rpath /sw/workstations/apps/linux-ubuntu22.04-ivybridge/intel-oneapi-compilers/2022.2.1/gcc-11.3.0/k2f52ijqkzvd4hct7ccykcnys7eym6t3/compiler/2022.2.1/linux/compiler/lib/intel64_lin CMakeFiles/cmTC_a8bda.dir/OpenMPTryFlag.c.o -Bstatic -lsvml -Bdynamic -Bstatic -lirng -Bdynamic -Bstatic -limf -Bdynamic -lm -lgcc --as-needed -lgcc_s --no-as-needed -Bstatic -lirc -Bdynamic -ldl -liomp5 -L/sw/workstations/apps/linux-ubuntu22.04-ivybridge/intel-oneapi-compilers/2022.2.1/gcc-11.3.0/k2f52ijqkzvd4hct7ccykcnys7eym6t3/compiler/2022.2.1/linux/lib -lgcc --as-needed -lgcc_s --no-as-needed -lpthread -lc -lgcc --as-needed -lgcc_s --no-as-needed -Bstatic -lirc_s -Bdynamic /usr/lib/gcc/x86_64-linux-gnu/12/crtend.o /lib/x86_64-linux-gnu/crtn.o]
    arg [/usr/bin/ld] ==> ignore
    arg [-zrelro] ==> ignore
    arg [--hash-style=gnu] ==> ignore
    arg [--eh-frame-hdr] ==> ignore
    arg [-m] ==> ignore
    arg [elf_x86_64] ==> ignore
    arg [-dynamic-linker] ==> ignore
    arg [/lib64/ld-linux-x86-64.so.2] ==> ignore
    arg [-o] ==> ignore
    arg [cmTC_a8bda] ==> ignore
    arg [-L/sw/workstations/apps/linux-ubuntu22.04-ivybridge/intel-oneapi-compilers/2022.2.1/gcc-11.3.0/k2f52ijqkzvd4hct7ccykcnys7eym6t3/compiler/2022.2.1/linux/bin-llvm/../compiler/lib/intel64_lin] ==> dir [/sw/workstations/apps/linux-ubuntu22.04-ivybridge/intel-oneapi-compilers/2022.2.1/gcc-11.3.0/k2f52ijqkzvd4hct7ccykcnys7eym6t3/compiler/2022.2.1/linux/bin-llvm/../compiler/lib/intel64_lin]
    arg [-L/sw/workstations/apps/linux-ubuntu22.04-ivybridge/intel-oneapi-compilers/2022.2.1/gcc-11.3.0/k2f52ijqkzvd4hct7ccykcnys7eym6t3/compiler/2022.2.1/linux/bin-llvm/../lib] ==> dir [/sw/workstations/apps/linux-ubuntu22.04-ivybridge/intel-oneapi-compilers/2022.2.1/gcc-11.3.0/k2f52ijqkzvd4hct7ccykcnys7eym6t3/compiler/2022.2.1/linux/bin-llvm/../lib]
    arg [-L/sw/workstations/apps/linux-ubuntu22.04-ivybridge/intel-oneapi-compilers/2022.2.1/gcc-11.3.0/k2f52ijqkzvd4hct7ccykcnys7eym6t3/compiler/2022.2.1/linux/bin-llvm/../compiler/lib/intel64_lin] ==> dir [/sw/workstations/apps/linux-ubuntu22.04-ivybridge/intel-oneapi-compilers/2022.2.1/gcc-11.3.0/k2f52ijqkzvd4hct7ccykcnys7eym6t3/compiler/2022.2.1/linux/bin-llvm/../compiler/lib/intel64_lin]
    arg [-L/usr/lib/gcc/x86_64-linux-gnu/12] ==> dir [/usr/lib/gcc/x86_64-linux-gnu/12]
    arg [-L/usr/lib/gcc/x86_64-linux-gnu/12/../../../../lib64] ==> dir [/usr/lib/gcc/x86_64-linux-gnu/12/../../../../lib64]
    arg [-L/lib/x86_64-linux-gnu] ==> dir [/lib/x86_64-linux-gnu]
    arg [-L/lib/../lib64] ==> dir [/lib/../lib64]
    arg [-L/usr/lib/x86_64-linux-gnu] ==> dir [/usr/lib/x86_64-linux-gnu]
    arg [-L/usr/lib/../lib64] ==> dir [/usr/lib/../lib64]
    arg [-L/usr/lib/gcc/x86_64-linux-gnu/12/../../..] ==> dir [/usr/lib/gcc/x86_64-linux-gnu/12/../../..]
    arg [-L/lib] ==> dir [/lib]
    arg [-L/usr/lib] ==> dir [/usr/lib]
    arg [-L/sw/workstations/apps/linux-ubuntu22.04-ivybridge/intel-oneapi-compilers/2022.2.1/gcc-11.3.0/k2f52ijqkzvd4hct7ccykcnys7eym6t3/compiler/2022.2.1/linux/compiler/lib/intel64_lin] ==> dir [/sw/workstations/apps/linux-ubuntu22.04-ivybridge/intel-oneapi-compilers/2022.2.1/gcc-11.3.0/k2f52ijqkzvd4hct7ccykcnys7eym6t3/compiler/2022.2.1/linux/compiler/lib/intel64_lin]
    arg [-L/sw/workstations/apps/linux-ubuntu22.04-ivybridge/intel-oneapi-compilers/2022.2.1/gcc-11.3.0/k2f52ijqkzvd4hct7ccykcnys7eym6t3/compiler/2022.2.1/linux/lib] ==> dir [/sw/workstations/apps/linux-ubuntu22.04-ivybridge/intel-oneapi-compilers/2022.2.1/gcc-11.3.0/k2f52ijqkzvd4hct7ccykcnys7eym6t3/compiler/2022.2.1/linux/lib]
    arg [-rpath] ==> ignore
    arg [/sw/workstations/apps/linux-ubuntu22.04-ivybridge/intel-oneapi-compilers/2022.2.1/gcc-11.3.0/k2f52ijqkzvd4hct7ccykcnys7eym6t3/compiler/2022.2.1/linux/lib] ==> ignore
    arg [-rpath] ==> ignore
    arg [/sw/workstations/apps/linux-ubuntu22.04-ivybridge/intel-oneapi-compilers/2022.2.1/gcc-11.3.0/k2f52ijqkzvd4hct7ccykcnys7eym6t3/compiler/2022.2.1/linux/lib/x64] ==> ignore
    arg [-rpath] ==> ignore
    arg [/sw/workstations/apps/linux-ubuntu22.04-ivybridge/intel-oneapi-compilers/2022.2.1/gcc-11.3.0/k2f52ijqkzvd4hct7ccykcnys7eym6t3/compiler/2022.2.1/linux/lib/oclfpga/host/linux64/lib] ==> ignore
    arg [-rpath] ==> ignore
    arg [/sw/workstations/apps/linux-ubuntu22.04-ivybridge/intel-oneapi-compilers/2022.2.1/gcc-11.3.0/k2f52ijqkzvd4hct7ccykcnys7eym6t3/compiler/2022.2.1/linux/lib/oclfpga/linux64/lib] ==> ignore
    arg [-rpath] ==> ignore
    arg [/sw/workstations/apps/linux-ubuntu22.04-ivybridge/intel-oneapi-compilers/2022.2.1/gcc-11.3.0/k2f52ijqkzvd4hct7ccykcnys7eym6t3/compiler/2022.2.1/linux/compiler/lib/intel64_lin] ==> ignore
    arg [CMakeFiles/cmTC_a8bda.dir/OpenMPTryFlag.c.o] ==> ignore
    arg [-Bstatic] ==> search static
    arg [-lsvml] ==> lib [svml]
    arg [-Bdynamic] ==> search dynamic
    arg [-Bstatic] ==> search static
    arg [-lirng] ==> lib [irng]
    arg [-Bdynamic] ==> search dynamic
    arg [-Bstatic] ==> search static
    arg [-limf] ==> lib [imf]
    arg [-Bdynamic] ==> search dynamic
    arg [-lm] ==> lib [m]
    arg [-lgcc] ==> lib [gcc]
    arg [--as-needed] ==> ignore
    arg [-lgcc_s] ==> lib [gcc_s]
    arg [--no-as-needed] ==> ignore
    arg [-Bstatic] ==> search static
    arg [-lirc] ==> lib [irc]
    arg [-Bdynamic] ==> search dynamic
    arg [-ldl] ==> lib [dl]
    arg [-liomp5] ==> lib [iomp5]
    arg [-L/sw/workstations/apps/linux-ubuntu22.04-ivybridge/intel-oneapi-compilers/2022.2.1/gcc-11.3.0/k2f52ijqkzvd4hct7ccykcnys7eym6t3/compiler/2022.2.1/linux/lib] ==> dir [/sw/workstations/apps/linux-ubuntu22.04-ivybridge/intel-oneapi-compilers/2022.2.1/gcc-11.3.0/k2f52ijqkzvd4hct7ccykcnys7eym6t3/compiler/2022.2.1/linux/lib]
    arg [-lgcc] ==> lib [gcc]
    arg [--as-needed] ==> ignore
    arg [-lgcc_s] ==> lib [gcc_s]
    arg [--no-as-needed] ==> ignore
    arg [-lpthread] ==> lib [pthread]
    arg [-lc] ==> lib [c]
    arg [-lgcc] ==> lib [gcc]
    arg [--as-needed] ==> ignore
    arg [-lgcc_s] ==> lib [gcc_s]
    arg [--no-as-needed] ==> ignore
    arg [-Bstatic] ==> search static
    arg [-lirc_s] ==> lib [irc_s]
    arg [-Bdynamic] ==> search dynamic
  collapse library dir [/sw/workstations/apps/linux-ubuntu22.04-ivybridge/intel-oneapi-compilers/2022.2.1/gcc-11.3.0/k2f52ijqkzvd4hct7ccykcnys7eym6t3/compiler/2022.2.1/linux/bin-llvm/../compiler/lib/intel64_lin] ==> [/sw/workstations/apps/linux-ubuntu22.04-ivybridge/intel-oneapi-compilers/2022.2.1/gcc-11.3.0/k2f52ijqkzvd4hct7ccykcnys7eym6t3/compiler/2022.2.1/linux/compiler/lib/intel64_lin]
  collapse library dir [/sw/workstations/apps/linux-ubuntu22.04-ivybridge/intel-oneapi-compilers/2022.2.1/gcc-11.3.0/k2f52ijqkzvd4hct7ccykcnys7eym6t3/compiler/2022.2.1/linux/bin-llvm/../lib] ==> [/sw/workstations/apps/linux-ubuntu22.04-ivybridge/intel-oneapi-compilers/2022.2.1/gcc-11.3.0/k2f52ijqkzvd4hct7ccykcnys7eym6t3/compiler/2022.2.1/linux/lib]
  collapse library dir [/sw/workstations/apps/linux-ubuntu22.04-ivybridge/intel-oneapi-compilers/2022.2.1/gcc-11.3.0/k2f52ijqkzvd4hct7ccykcnys7eym6t3/compiler/2022.2.1/linux/bin-llvm/../compiler/lib/intel64_lin] ==> [/sw/workstations/apps/linux-ubuntu22.04-ivybridge/intel-oneapi-compilers/2022.2.1/gcc-11.3.0/k2f52ijqkzvd4hct7ccykcnys7eym6t3/compiler/2022.2.1/linux/compiler/lib/intel64_lin]
  collapse library dir [/usr/lib/gcc/x86_64-linux-gnu/12] ==> [/usr/lib/gcc/x86_64-linux-gnu/12]
  collapse library dir [/usr/lib/gcc/x86_64-linux-gnu/12/../../../../lib64] ==> [/usr/lib64]
  collapse library dir [/lib/x86_64-linux-gnu] ==> [/lib/x86_64-linux-gnu]
  collapse library dir [/lib/../lib64] ==> [/lib64]
  collapse library dir [/usr/lib/x86_64-linux-gnu] ==> [/usr/lib/x86_64-linux-gnu]
  collapse library dir [/usr/lib/../lib64] ==> [/usr/lib64]
  collapse library dir [/usr/lib/gcc/x86_64-linux-gnu/12/../../..] ==> [/usr/lib]
  collapse library dir [/lib] ==> [/lib]
  collapse library dir [/usr/lib] ==> [/usr/lib]
  collapse library dir [/sw/workstations/apps/linux-ubuntu22.04-ivybridge/intel-oneapi-compilers/2022.2.1/gcc-11.3.0/k2f52ijqkzvd4hct7ccykcnys7eym6t3/compiler/2022.2.1/linux/compiler/lib/intel64_lin] ==> [/sw/workstations/apps/linux-ubuntu22.04-ivybridge/intel-oneapi-compilers/2022.2.1/gcc-11.3.0/k2f52ijqkzvd4hct7ccykcnys7eym6t3/compiler/2022.2.1/linux/compiler/lib/intel64_lin]
  collapse library dir [/sw/workstations/apps/linux-ubuntu22.04-ivybridge/intel-oneapi-compilers/2022.2.1/gcc-11.3.0/k2f52ijqkzvd4hct7ccykcnys7eym6t3/compiler/2022.2.1/linux/lib] ==> [/sw/workstations/apps/linux-ubuntu22.04-ivybridge/intel-oneapi-compilers/2022.2.1/gcc-11.3.0/k2f52ijqkzvd4hct7ccykcnys7eym6t3/compiler/2022.2.1/linux/lib]
  collapse library dir [/sw/workstations/apps/linux-ubuntu22.04-ivybridge/intel-oneapi-compilers/2022.2.1/gcc-11.3.0/k2f52ijqkzvd4hct7ccykcnys7eym6t3/compiler/2022.2.1/linux/lib] ==> [/sw/workstations/apps/linux-ubuntu22.04-ivybridge/intel-oneapi-compilers/2022.2.1/gcc-11.3.0/k2f52ijqkzvd4hct7ccykcnys7eym6t3/compiler/2022.2.1/linux/lib]
  implicit libs: [svml;irng;imf;m;gcc;gcc_s;irc;dl;iomp5;gcc;gcc_s;pthread;c;gcc;gcc_s;irc_s]
  implicit objs: []
  implicit dirs: [/sw/workstations/apps/linux-ubuntu22.04-ivybridge/intel-oneapi-compilers/2022.2.1/gcc-11.3.0/k2f52ijqkzvd4hct7ccykcnys7eym6t3/compiler/2022.2.1/linux/compiler/lib/intel64_lin;/sw/workstations/apps/linux-ubuntu22.04-ivybridge/intel-oneapi-compilers/2022.2.1/gcc-11.3.0/k2f52ijqkzvd4hct7ccykcnys7eym6t3/compiler/2022.2.1/linux/lib;/usr/lib/gcc/x86_64-linux-gnu/12;/usr/lib64;/lib/x86_64-linux-gnu;/lib64;/usr/lib/x86_64-linux-gnu;/usr/lib;/lib]
  implicit fwks: []


Compiling the CXX compiler identification source file "CMakeCXXCompilerId.cpp" succeeded.
Compiler: /sw/workstations/apps/linux-ubuntu22.04-ivybridge/intel-oneapi-compilers/2022.2.1/gcc-11.3.0/k2f52ijqkzvd4hct7ccykcnys7eym6t3/compiler/2022.2.1/linux/bin/icpx 
Build flags: ;
Id flags:  

The output was:
0


Compilation of the CXX compiler identification source "CMakeCXXCompilerId.cpp" produced "a.out"

The CXX compiler identification is IntelLLVM, found in "/media/x_plotnips/sdd1/Dropbox/PhD_proposal/work_with_david/Exawave_3_handover/panzer_repo/CMakeFiles/3.24.3/CompilerIdCXX/a.out"

Detecting CXX compiler ABI info compiled with the following output:
Change Dir: /media/x_plotnips/sdd1/Dropbox/PhD_proposal/work_with_david/Exawave_3_handover/panzer_repo/CMakeFiles/CMakeTmp

Run Build Command(s):/usr/bin/gmake -f Makefile cmTC_0a1c2/fast && /usr/bin/gmake  -f CMakeFiles/cmTC_0a1c2.dir/build.make CMakeFiles/cmTC_0a1c2.dir/build
gmake[1]: Entering directory '/media/x_plotnips/sdd1/Dropbox/PhD_proposal/work_with_david/Exawave_3_handover/panzer_repo/CMakeFiles/CMakeTmp'
Building CXX object CMakeFiles/cmTC_0a1c2.dir/CMakeCXXCompilerABI.cpp.o
/sw/workstations/apps/linux-ubuntu22.04-ivybridge/intel-oneapi-compilers/2022.2.1/gcc-11.3.0/k2f52ijqkzvd4hct7ccykcnys7eym6t3/compiler/2022.2.1/linux/bin/icpx   -v -MD -MT CMakeFiles/cmTC_0a1c2.dir/CMakeCXXCompilerABI.cpp.o -MF CMakeFiles/cmTC_0a1c2.dir/CMakeCXXCompilerABI.cpp.o.d -o CMakeFiles/cmTC_0a1c2.dir/CMakeCXXCompilerABI.cpp.o -c /sw/workstations/apps/linux-ubuntu22.04-ivybridge/cmake/3.24.3/gcc-11.3.0/im6us5w327xiszfjh37fer4odzrpsbgr/share/cmake-3.24/Modules/CMakeCXXCompilerABI.cpp
Intel(R) oneAPI DPC++/C++ Compiler 2022.2.1 (2022.2.1.20221020)
Target: x86_64-unknown-linux-gnu
Thread model: posix
InstalledDir: /sw/workstations/apps/linux-ubuntu22.04-ivybridge/intel-oneapi-compilers/2022.2.1/gcc-11.3.0/k2f52ijqkzvd4hct7ccykcnys7eym6t3/compiler/2022.2.1/linux/bin-llvm
Configuration file: /sw/workstations/apps/linux-ubuntu22.04-ivybridge/intel-oneapi-compilers/2022.2.1/gcc-11.3.0/k2f52ijqkzvd4hct7ccykcnys7eym6t3/compiler/2022.2.1/linux/bin/icpx.cfg
Found candidate GCC installation: /usr/lib/gcc/x86_64-linux-gnu/11
Found candidate GCC installation: /usr/lib/gcc/x86_64-linux-gnu/12
Selected GCC installation: /usr/lib/gcc/x86_64-linux-gnu/12
Candidate multilib: .;@m64
Selected multilib: .;@m64
 (in-process)
 "/sw/workstations/apps/linux-ubuntu22.04-ivybridge/intel-oneapi-compilers/2022.2.1/gcc-11.3.0/k2f52ijqkzvd4hct7ccykcnys7eym6t3/compiler/2022.2.1/linux/bin-llvm/clang++" -cc1 -triple x86_64-unknown-linux-gnu -emit-obj --mrelax-relocations -disable-free -clear-ast-before-backend -disable-llvm-verifier -discard-value-names -main-file-name CMakeCXXCompilerABI.cpp -mrelocation-model static -fveclib=SVML -mframe-pointer=none -menable-no-infs -menable-no-nans -fapprox-func -menable-unsafe-fp-math -fno-signed-zeros -mreassociate -freciprocal-math -fdenormal-fp-math=preserve-sign,preserve-sign -ffp-contract=fast -fno-rounding-math -ffast-math -ffinite-math-only -mconstructor-aliases -funwind-tables=2 -target-cpu x86-64 -mllvm -x86-enable-unaligned-vector-move=true -tune-cpu generic -mllvm -treat-scalable-fixed-error-as-warning -debugger-tuning=gdb -v -fcoverage-compilation-dir=/media/x_plotnips/sdd1/Dropbox/PhD_proposal/work_with_david/Exawave_3_handover/panzer_repo/CMakeFiles/CMakeTmp -resource-dir /sw/workstations/apps/linux-ubuntu22.04-ivybridge/intel-oneapi-compilers/2022.2.1/gcc-11.3.0/k2f52ijqkzvd4hct7ccykcnys7eym6t3/compiler/2022.2.1/linux/lib/clang/15.0.0 -dependency-file CMakeFiles/cmTC_0a1c2.dir/CMakeCXXCompilerABI.cpp.o.d -MT CMakeFiles/cmTC_0a1c2.dir/CMakeCXXCompilerABI.cpp.o -sys-header-deps -internal-isystem /sw/workstations/apps/linux-ubuntu22.04-ivybridge/intel-oneapi-compilers/2022.2.1/gcc-11.3.0/k2f52ijqkzvd4hct7ccykcnys7eym6t3/compiler/2022.2.1/linux/bin-llvm/../compiler/include -internal-isystem /usr/lib/gcc/x86_64-linux-gnu/12/../../../../include/c++ -internal-isystem /usr/lib/gcc/x86_64-linux-gnu/12/../../../../include/c++/x86_64-linux-gnu -internal-isystem /usr/lib/gcc/x86_64-linux-gnu/12/../../../../include/c++/backward -internal-isystem /sw/workstations/apps/linux-ubuntu22.04-ivybridge/intel-oneapi-compilers/2022.2.1/gcc-11.3.0/k2f52ijqkzvd4hct7ccykcnys7eym6t3/compiler/2022.2.1/linux/lib/clang/15.0.0/include -internal-isystem /usr/local/include -internal-isystem /usr/lib/gcc/x86_64-linux-gnu/12/../../../../x86_64-linux-gnu/include -internal-externc-isystem /usr/include/x86_64-linux-gnu -internal-externc-isystem /include -internal-externc-isystem /usr/include -O2 -fdeprecated-macro -fdebug-compilation-dir=/media/x_plotnips/sdd1/Dropbox/PhD_proposal/work_with_david/Exawave_3_handover/panzer_repo/CMakeFiles/CMakeTmp -ferror-limit 19 -fheinous-gnu-extensions -fgnuc-version=4.2.1 -fcxx-exceptions -fexceptions -vectorize-loops -vectorize-slp -D__GCC_HAVE_DWARF2_CFI_ASM=1 -fintel-compatibility -fintel-libirc-allowed -mllvm -disable-hir-generate-mkl-call -mllvm -loopopt=1 -floopopt-pipeline=light -mllvm -intel-abi-compatible=true -o CMakeFiles/cmTC_0a1c2.dir/CMakeCXXCompilerABI.cpp.o -x c++ /sw/workstations/apps/linux-ubuntu22.04-ivybridge/cmake/3.24.3/gcc-11.3.0/im6us5w327xiszfjh37fer4odzrpsbgr/share/cmake-3.24/Modules/CMakeCXXCompilerABI.cpp
clang -cc1 version 15.0.0 based upon LLVM 15.0.0git default target x86_64-unknown-linux-gnu
ignoring nonexistent directory "/usr/lib/gcc/x86_64-linux-gnu/12/../../../../include/c++/x86_64-linux-gnu"
ignoring nonexistent directory "/usr/lib/gcc/x86_64-linux-gnu/12/../../../../include/c++/backward"
ignoring nonexistent directory "/usr/lib/gcc/x86_64-linux-gnu/12/../../../../x86_64-linux-gnu/include"
ignoring nonexistent directory "/include"
#include "..." search starts here:
#include <...> search starts here:
 /sw/workstations/apps/linux-ubuntu22.04-ivybridge/intel-oneapi-compilers/2022.2.1/gcc-11.3.0/k2f52ijqkzvd4hct7ccykcnys7eym6t3/compiler/2022.2.1/linux/bin-llvm/../compiler/include
 /usr/lib/gcc/x86_64-linux-gnu/12/../../../../include/c++
 /sw/workstations/apps/linux-ubuntu22.04-ivybridge/intel-oneapi-compilers/2022.2.1/gcc-11.3.0/k2f52ijqkzvd4hct7ccykcnys7eym6t3/compiler/2022.2.1/linux/lib/clang/15.0.0/include
 /usr/local/include
 /usr/include/x86_64-linux-gnu
 /usr/include
End of search list.
Linking CXX executable cmTC_0a1c2
/sw/workstations/apps/linux-ubuntu22.04-ivybridge/cmake/3.24.3/gcc-11.3.0/im6us5w327xiszfjh37fer4odzrpsbgr/bin/cmake -E cmake_link_script CMakeFiles/cmTC_0a1c2.dir/link.txt --verbose=1
/sw/workstations/apps/linux-ubuntu22.04-ivybridge/intel-oneapi-compilers/2022.2.1/gcc-11.3.0/k2f52ijqkzvd4hct7ccykcnys7eym6t3/compiler/2022.2.1/linux/bin/icpx   -v CMakeFiles/cmTC_0a1c2.dir/CMakeCXXCompilerABI.cpp.o -o cmTC_0a1c2 
Intel(R) oneAPI DPC++/C++ Compiler 2022.2.1 (2022.2.1.20221020)
Target: x86_64-unknown-linux-gnu
Thread model: posix
InstalledDir: /sw/workstations/apps/linux-ubuntu22.04-ivybridge/intel-oneapi-compilers/2022.2.1/gcc-11.3.0/k2f52ijqkzvd4hct7ccykcnys7eym6t3/compiler/2022.2.1/linux/bin-llvm
Configuration file: /sw/workstations/apps/linux-ubuntu22.04-ivybridge/intel-oneapi-compilers/2022.2.1/gcc-11.3.0/k2f52ijqkzvd4hct7ccykcnys7eym6t3/compiler/2022.2.1/linux/bin/icpx.cfg
Found candidate GCC installation: /usr/lib/gcc/x86_64-linux-gnu/11
Found candidate GCC installation: /usr/lib/gcc/x86_64-linux-gnu/12
Selected GCC installation: /usr/lib/gcc/x86_64-linux-gnu/12
Candidate multilib: .;@m64
Selected multilib: .;@m64
 "/usr/bin/ld" -z relro --hash-style=gnu --eh-frame-hdr -m elf_x86_64 -dynamic-linker /lib64/ld-linux-x86-64.so.2 -o cmTC_0a1c2 /lib/x86_64-linux-gnu/crt1.o /lib/x86_64-linux-gnu/crti.o /usr/lib/gcc/x86_64-linux-gnu/12/crtbegin.o -L/sw/workstations/apps/linux-ubuntu22.04-ivybridge/intel-oneapi-compilers/2022.2.1/gcc-11.3.0/k2f52ijqkzvd4hct7ccykcnys7eym6t3/compiler/2022.2.1/linux/bin-llvm/../compiler/lib/intel64_lin -L/sw/workstations/apps/linux-ubuntu22.04-ivybridge/intel-oneapi-compilers/2022.2.1/gcc-11.3.0/k2f52ijqkzvd4hct7ccykcnys7eym6t3/compiler/2022.2.1/linux/bin-llvm/../lib -L/sw/workstations/apps/linux-ubuntu22.04-ivybridge/intel-oneapi-compilers/2022.2.1/gcc-11.3.0/k2f52ijqkzvd4hct7ccykcnys7eym6t3/compiler/2022.2.1/linux/bin-llvm/../compiler/lib/intel64_lin -L/usr/lib/gcc/x86_64-linux-gnu/12 -L/usr/lib/gcc/x86_64-linux-gnu/12/../../../../lib64 -L/lib/x86_64-linux-gnu -L/lib/../lib64 -L/usr/lib/x86_64-linux-gnu -L/usr/lib/../lib64 -L/usr/lib/gcc/x86_64-linux-gnu/12/../../.. -L/lib -L/usr/lib -L/sw/workstations/apps/linux-ubuntu22.04-ivybridge/intel-oneapi-compilers/2022.2.1/gcc-11.3.0/k2f52ijqkzvd4hct7ccykcnys7eym6t3/compiler/2022.2.1/linux/compiler/lib/intel64_lin -L/sw/workstations/apps/linux-ubuntu22.04-ivybridge/intel-oneapi-compilers/2022.2.1/gcc-11.3.0/k2f52ijqkzvd4hct7ccykcnys7eym6t3/compiler/2022.2.1/linux/lib -rpath /sw/workstations/apps/linux-ubuntu22.04-ivybridge/intel-oneapi-compilers/2022.2.1/gcc-11.3.0/k2f52ijqkzvd4hct7ccykcnys7eym6t3/compiler/2022.2.1/linux/lib -rpath /sw/workstations/apps/linux-ubuntu22.04-ivybridge/intel-oneapi-compilers/2022.2.1/gcc-11.3.0/k2f52ijqkzvd4hct7ccykcnys7eym6t3/compiler/2022.2.1/linux/lib/x64 -rpath /sw/workstations/apps/linux-ubuntu22.04-ivybridge/intel-oneapi-compilers/2022.2.1/gcc-11.3.0/k2f52ijqkzvd4hct7ccykcnys7eym6t3/compiler/2022.2.1/linux/lib/oclfpga/host/linux64/lib -rpath /sw/workstations/apps/linux-ubuntu22.04-ivybridge/intel-oneapi-compilers/2022.2.1/gcc-11.3.0/k2f52ijqkzvd4hct7ccykcnys7eym6t3/compiler/2022.2.1/linux/lib/oclfpga/linux64/lib -rpath /sw/workstations/apps/linux-ubuntu22.04-ivybridge/intel-oneapi-compilers/2022.2.1/gcc-11.3.0/k2f52ijqkzvd4hct7ccykcnys7eym6t3/compiler/2022.2.1/linux/compiler/lib/intel64_lin CMakeFiles/cmTC_0a1c2.dir/CMakeCXXCompilerABI.cpp.o -Bstatic -lsvml -Bdynamic -Bstatic -lirng -Bdynamic -lstdc++ -Bstatic -limf -Bdynamic -lm -lgcc_s -lgcc -Bstatic -lirc -Bdynamic -ldl -lgcc_s -lgcc -lc -lgcc_s -lgcc -Bstatic -lirc_s -Bdynamic /usr/lib/gcc/x86_64-linux-gnu/12/crtend.o /lib/x86_64-linux-gnu/crtn.o
gmake[1]: Leaving directory '/media/x_plotnips/sdd1/Dropbox/PhD_proposal/work_with_david/Exawave_3_handover/panzer_repo/CMakeFiles/CMakeTmp'



Parsed CXX implicit include dir info from above output: rv=done
  found start of include info
  found start of implicit include info
    add: [/sw/workstations/apps/linux-ubuntu22.04-ivybridge/intel-oneapi-compilers/2022.2.1/gcc-11.3.0/k2f52ijqkzvd4hct7ccykcnys7eym6t3/compiler/2022.2.1/linux/bin-llvm/../compiler/include]
    add: [/usr/lib/gcc/x86_64-linux-gnu/12/../../../../include/c++]
    add: [/sw/workstations/apps/linux-ubuntu22.04-ivybridge/intel-oneapi-compilers/2022.2.1/gcc-11.3.0/k2f52ijqkzvd4hct7ccykcnys7eym6t3/compiler/2022.2.1/linux/lib/clang/15.0.0/include]
    add: [/usr/local/include]
    add: [/usr/include/x86_64-linux-gnu]
    add: [/usr/include]
  end of search list found
  collapse include dir [/sw/workstations/apps/linux-ubuntu22.04-ivybridge/intel-oneapi-compilers/2022.2.1/gcc-11.3.0/k2f52ijqkzvd4hct7ccykcnys7eym6t3/compiler/2022.2.1/linux/bin-llvm/../compiler/include] ==> [/sw/workstations/apps/linux-ubuntu22.04-ivybridge/intel-oneapi-compilers/2022.2.1/gcc-11.3.0/k2f52ijqkzvd4hct7ccykcnys7eym6t3/compiler/2022.2.1/linux/compiler/include]
  collapse include dir [/usr/lib/gcc/x86_64-linux-gnu/12/../../../../include/c++] ==> [/usr/include/c++]
  collapse include dir [/sw/workstations/apps/linux-ubuntu22.04-ivybridge/intel-oneapi-compilers/2022.2.1/gcc-11.3.0/k2f52ijqkzvd4hct7ccykcnys7eym6t3/compiler/2022.2.1/linux/lib/clang/15.0.0/include] ==> [/sw/workstations/apps/linux-ubuntu22.04-ivybridge/intel-oneapi-compilers/2022.2.1/gcc-11.3.0/k2f52ijqkzvd4hct7ccykcnys7eym6t3/compiler/2022.2.1/linux/lib/clang/15.0.0/include]
  collapse include dir [/usr/local/include] ==> [/usr/local/include]
  collapse include dir [/usr/include/x86_64-linux-gnu] ==> [/usr/include/x86_64-linux-gnu]
  collapse include dir [/usr/include] ==> [/usr/include]
  implicit include dirs: [/sw/workstations/apps/linux-ubuntu22.04-ivybridge/intel-oneapi-compilers/2022.2.1/gcc-11.3.0/k2f52ijqkzvd4hct7ccykcnys7eym6t3/compiler/2022.2.1/linux/compiler/include;/usr/include/c++;/sw/workstations/apps/linux-ubuntu22.04-ivybridge/intel-oneapi-compilers/2022.2.1/gcc-11.3.0/k2f52ijqkzvd4hct7ccykcnys7eym6t3/compiler/2022.2.1/linux/lib/clang/15.0.0/include;/usr/local/include;/usr/include/x86_64-linux-gnu;/usr/include]


Parsed CXX implicit link information from above output:
  link line regex: [^( *|.*[/\])(ld|CMAKE_LINK_STARTFILE-NOTFOUND|([^/\]+-)?ld|collect2)[^/\]*( |$)]
  ignore line: [Change Dir: /media/x_plotnips/sdd1/Dropbox/PhD_proposal/work_with_david/Exawave_3_handover/panzer_repo/CMakeFiles/CMakeTmp]
  ignore line: []
  ignore line: [Run Build Command(s):/usr/bin/gmake -f Makefile cmTC_0a1c2/fast && /usr/bin/gmake  -f CMakeFiles/cmTC_0a1c2.dir/build.make CMakeFiles/cmTC_0a1c2.dir/build]
  ignore line: [gmake[1]: Entering directory '/media/x_plotnips/sdd1/Dropbox/PhD_proposal/work_with_david/Exawave_3_handover/panzer_repo/CMakeFiles/CMakeTmp']
  ignore line: [Building CXX object CMakeFiles/cmTC_0a1c2.dir/CMakeCXXCompilerABI.cpp.o]
  ignore line: [/sw/workstations/apps/linux-ubuntu22.04-ivybridge/intel-oneapi-compilers/2022.2.1/gcc-11.3.0/k2f52ijqkzvd4hct7ccykcnys7eym6t3/compiler/2022.2.1/linux/bin/icpx   -v -MD -MT CMakeFiles/cmTC_0a1c2.dir/CMakeCXXCompilerABI.cpp.o -MF CMakeFiles/cmTC_0a1c2.dir/CMakeCXXCompilerABI.cpp.o.d -o CMakeFiles/cmTC_0a1c2.dir/CMakeCXXCompilerABI.cpp.o -c /sw/workstations/apps/linux-ubuntu22.04-ivybridge/cmake/3.24.3/gcc-11.3.0/im6us5w327xiszfjh37fer4odzrpsbgr/share/cmake-3.24/Modules/CMakeCXXCompilerABI.cpp]
  ignore line: [Intel(R) oneAPI DPC++/C++ Compiler 2022.2.1 (2022.2.1.20221020)]
  ignore line: [Target: x86_64-unknown-linux-gnu]
  ignore line: [Thread model: posix]
  ignore line: [InstalledDir: /sw/workstations/apps/linux-ubuntu22.04-ivybridge/intel-oneapi-compilers/2022.2.1/gcc-11.3.0/k2f52ijqkzvd4hct7ccykcnys7eym6t3/compiler/2022.2.1/linux/bin-llvm]
  ignore line: [Configuration file: /sw/workstations/apps/linux-ubuntu22.04-ivybridge/intel-oneapi-compilers/2022.2.1/gcc-11.3.0/k2f52ijqkzvd4hct7ccykcnys7eym6t3/compiler/2022.2.1/linux/bin/icpx.cfg]
  ignore line: [Found candidate GCC installation: /usr/lib/gcc/x86_64-linux-gnu/11]
  ignore line: [Found candidate GCC installation: /usr/lib/gcc/x86_64-linux-gnu/12]
  ignore line: [Selected GCC installation: /usr/lib/gcc/x86_64-linux-gnu/12]
  ignore line: [Candidate multilib: .]
  ignore line: [@m64]
  ignore line: [Selected multilib: .]
  ignore line: [@m64]
  ignore line: [ (in-process)]
  ignore line: [ "/sw/workstations/apps/linux-ubuntu22.04-ivybridge/intel-oneapi-compilers/2022.2.1/gcc-11.3.0/k2f52ijqkzvd4hct7ccykcnys7eym6t3/compiler/2022.2.1/linux/bin-llvm/clang++" -cc1 -triple x86_64-unknown-linux-gnu -emit-obj --mrelax-relocations -disable-free -clear-ast-before-backend -disable-llvm-verifier -discard-value-names -main-file-name CMakeCXXCompilerABI.cpp -mrelocation-model static -fveclib=SVML -mframe-pointer=none -menable-no-infs -menable-no-nans -fapprox-func -menable-unsafe-fp-math -fno-signed-zeros -mreassociate -freciprocal-math -fdenormal-fp-math=preserve-sign preserve-sign -ffp-contract=fast -fno-rounding-math -ffast-math -ffinite-math-only -mconstructor-aliases -funwind-tables=2 -target-cpu x86-64 -mllvm -x86-enable-unaligned-vector-move=true -tune-cpu generic -mllvm -treat-scalable-fixed-error-as-warning -debugger-tuning=gdb -v -fcoverage-compilation-dir=/media/x_plotnips/sdd1/Dropbox/PhD_proposal/work_with_david/Exawave_3_handover/panzer_repo/CMakeFiles/CMakeTmp -resource-dir /sw/workstations/apps/linux-ubuntu22.04-ivybridge/intel-oneapi-compilers/2022.2.1/gcc-11.3.0/k2f52ijqkzvd4hct7ccykcnys7eym6t3/compiler/2022.2.1/linux/lib/clang/15.0.0 -dependency-file CMakeFiles/cmTC_0a1c2.dir/CMakeCXXCompilerABI.cpp.o.d -MT CMakeFiles/cmTC_0a1c2.dir/CMakeCXXCompilerABI.cpp.o -sys-header-deps -internal-isystem /sw/workstations/apps/linux-ubuntu22.04-ivybridge/intel-oneapi-compilers/2022.2.1/gcc-11.3.0/k2f52ijqkzvd4hct7ccykcnys7eym6t3/compiler/2022.2.1/linux/bin-llvm/../compiler/include -internal-isystem /usr/lib/gcc/x86_64-linux-gnu/12/../../../../include/c++ -internal-isystem /usr/lib/gcc/x86_64-linux-gnu/12/../../../../include/c++/x86_64-linux-gnu -internal-isystem /usr/lib/gcc/x86_64-linux-gnu/12/../../../../include/c++/backward -internal-isystem /sw/workstations/apps/linux-ubuntu22.04-ivybridge/intel-oneapi-compilers/2022.2.1/gcc-11.3.0/k2f52ijqkzvd4hct7ccykcnys7eym6t3/compiler/2022.2.1/linux/lib/clang/15.0.0/include -internal-isystem /usr/local/include -internal-isystem /usr/lib/gcc/x86_64-linux-gnu/12/../../../../x86_64-linux-gnu/include -internal-externc-isystem /usr/include/x86_64-linux-gnu -internal-externc-isystem /include -internal-externc-isystem /usr/include -O2 -fdeprecated-macro -fdebug-compilation-dir=/media/x_plotnips/sdd1/Dropbox/PhD_proposal/work_with_david/Exawave_3_handover/panzer_repo/CMakeFiles/CMakeTmp -ferror-limit 19 -fheinous-gnu-extensions -fgnuc-version=4.2.1 -fcxx-exceptions -fexceptions -vectorize-loops -vectorize-slp -D__GCC_HAVE_DWARF2_CFI_ASM=1 -fintel-compatibility -fintel-libirc-allowed -mllvm -disable-hir-generate-mkl-call -mllvm -loopopt=1 -floopopt-pipeline=light -mllvm -intel-abi-compatible=true -o CMakeFiles/cmTC_0a1c2.dir/CMakeCXXCompilerABI.cpp.o -x c++ /sw/workstations/apps/linux-ubuntu22.04-ivybridge/cmake/3.24.3/gcc-11.3.0/im6us5w327xiszfjh37fer4odzrpsbgr/share/cmake-3.24/Modules/CMakeCXXCompilerABI.cpp]
  ignore line: [clang -cc1 version 15.0.0 based upon LLVM 15.0.0git default target x86_64-unknown-linux-gnu]
  ignore line: [ignoring nonexistent directory "/usr/lib/gcc/x86_64-linux-gnu/12/../../../../include/c++/x86_64-linux-gnu"]
  ignore line: [ignoring nonexistent directory "/usr/lib/gcc/x86_64-linux-gnu/12/../../../../include/c++/backward"]
  ignore line: [ignoring nonexistent directory "/usr/lib/gcc/x86_64-linux-gnu/12/../../../../x86_64-linux-gnu/include"]
  ignore line: [ignoring nonexistent directory "/include"]
  ignore line: [#include "..." search starts here:]
  ignore line: [#include <...> search starts here:]
  ignore line: [ /sw/workstations/apps/linux-ubuntu22.04-ivybridge/intel-oneapi-compilers/2022.2.1/gcc-11.3.0/k2f52ijqkzvd4hct7ccykcnys7eym6t3/compiler/2022.2.1/linux/bin-llvm/../compiler/include]
  ignore line: [ /usr/lib/gcc/x86_64-linux-gnu/12/../../../../include/c++]
  ignore line: [ /sw/workstations/apps/linux-ubuntu22.04-ivybridge/intel-oneapi-compilers/2022.2.1/gcc-11.3.0/k2f52ijqkzvd4hct7ccykcnys7eym6t3/compiler/2022.2.1/linux/lib/clang/15.0.0/include]
  ignore line: [ /usr/local/include]
  ignore line: [ /usr/include/x86_64-linux-gnu]
  ignore line: [ /usr/include]
  ignore line: [End of search list.]
  ignore line: [Linking CXX executable cmTC_0a1c2]
  ignore line: [/sw/workstations/apps/linux-ubuntu22.04-ivybridge/cmake/3.24.3/gcc-11.3.0/im6us5w327xiszfjh37fer4odzrpsbgr/bin/cmake -E cmake_link_script CMakeFiles/cmTC_0a1c2.dir/link.txt --verbose=1]
  ignore line: [/sw/workstations/apps/linux-ubuntu22.04-ivybridge/intel-oneapi-compilers/2022.2.1/gcc-11.3.0/k2f52ijqkzvd4hct7ccykcnys7eym6t3/compiler/2022.2.1/linux/bin/icpx   -v CMakeFiles/cmTC_0a1c2.dir/CMakeCXXCompilerABI.cpp.o -o cmTC_0a1c2 ]
  ignore line: [Intel(R) oneAPI DPC++/C++ Compiler 2022.2.1 (2022.2.1.20221020)]
  ignore line: [Target: x86_64-unknown-linux-gnu]
  ignore line: [Thread model: posix]
  ignore line: [InstalledDir: /sw/workstations/apps/linux-ubuntu22.04-ivybridge/intel-oneapi-compilers/2022.2.1/gcc-11.3.0/k2f52ijqkzvd4hct7ccykcnys7eym6t3/compiler/2022.2.1/linux/bin-llvm]
  ignore line: [Configuration file: /sw/workstations/apps/linux-ubuntu22.04-ivybridge/intel-oneapi-compilers/2022.2.1/gcc-11.3.0/k2f52ijqkzvd4hct7ccykcnys7eym6t3/compiler/2022.2.1/linux/bin/icpx.cfg]
  ignore line: [Found candidate GCC installation: /usr/lib/gcc/x86_64-linux-gnu/11]
  ignore line: [Found candidate GCC installation: /usr/lib/gcc/x86_64-linux-gnu/12]
  ignore line: [Selected GCC installation: /usr/lib/gcc/x86_64-linux-gnu/12]
  ignore line: [Candidate multilib: .]
  ignore line: [@m64]
  ignore line: [Selected multilib: .]
  ignore line: [@m64]
  link line: [ "/usr/bin/ld" -z relro --hash-style=gnu --eh-frame-hdr -m elf_x86_64 -dynamic-linker /lib64/ld-linux-x86-64.so.2 -o cmTC_0a1c2 /lib/x86_64-linux-gnu/crt1.o /lib/x86_64-linux-gnu/crti.o /usr/lib/gcc/x86_64-linux-gnu/12/crtbegin.o -L/sw/workstations/apps/linux-ubuntu22.04-ivybridge/intel-oneapi-compilers/2022.2.1/gcc-11.3.0/k2f52ijqkzvd4hct7ccykcnys7eym6t3/compiler/2022.2.1/linux/bin-llvm/../compiler/lib/intel64_lin -L/sw/workstations/apps/linux-ubuntu22.04-ivybridge/intel-oneapi-compilers/2022.2.1/gcc-11.3.0/k2f52ijqkzvd4hct7ccykcnys7eym6t3/compiler/2022.2.1/linux/bin-llvm/../lib -L/sw/workstations/apps/linux-ubuntu22.04-ivybridge/intel-oneapi-compilers/2022.2.1/gcc-11.3.0/k2f52ijqkzvd4hct7ccykcnys7eym6t3/compiler/2022.2.1/linux/bin-llvm/../compiler/lib/intel64_lin -L/usr/lib/gcc/x86_64-linux-gnu/12 -L/usr/lib/gcc/x86_64-linux-gnu/12/../../../../lib64 -L/lib/x86_64-linux-gnu -L/lib/../lib64 -L/usr/lib/x86_64-linux-gnu -L/usr/lib/../lib64 -L/usr/lib/gcc/x86_64-linux-gnu/12/../../.. -L/lib -L/usr/lib -L/sw/workstations/apps/linux-ubuntu22.04-ivybridge/intel-oneapi-compilers/2022.2.1/gcc-11.3.0/k2f52ijqkzvd4hct7ccykcnys7eym6t3/compiler/2022.2.1/linux/compiler/lib/intel64_lin -L/sw/workstations/apps/linux-ubuntu22.04-ivybridge/intel-oneapi-compilers/2022.2.1/gcc-11.3.0/k2f52ijqkzvd4hct7ccykcnys7eym6t3/compiler/2022.2.1/linux/lib -rpath /sw/workstations/apps/linux-ubuntu22.04-ivybridge/intel-oneapi-compilers/2022.2.1/gcc-11.3.0/k2f52ijqkzvd4hct7ccykcnys7eym6t3/compiler/2022.2.1/linux/lib -rpath /sw/workstations/apps/linux-ubuntu22.04-ivybridge/intel-oneapi-compilers/2022.2.1/gcc-11.3.0/k2f52ijqkzvd4hct7ccykcnys7eym6t3/compiler/2022.2.1/linux/lib/x64 -rpath /sw/workstations/apps/linux-ubuntu22.04-ivybridge/intel-oneapi-compilers/2022.2.1/gcc-11.3.0/k2f52ijqkzvd4hct7ccykcnys7eym6t3/compiler/2022.2.1/linux/lib/oclfpga/host/linux64/lib -rpath /sw/workstations/apps/linux-ubuntu22.04-ivybridge/intel-oneapi-compilers/2022.2.1/gcc-11.3.0/k2f52ijqkzvd4hct7ccykcnys7eym6t3/compiler/2022.2.1/linux/lib/oclfpga/linux64/lib -rpath /sw/workstations/apps/linux-ubuntu22.04-ivybridge/intel-oneapi-compilers/2022.2.1/gcc-11.3.0/k2f52ijqkzvd4hct7ccykcnys7eym6t3/compiler/2022.2.1/linux/compiler/lib/intel64_lin CMakeFiles/cmTC_0a1c2.dir/CMakeCXXCompilerABI.cpp.o -Bstatic -lsvml -Bdynamic -Bstatic -lirng -Bdynamic -lstdc++ -Bstatic -limf -Bdynamic -lm -lgcc_s -lgcc -Bstatic -lirc -Bdynamic -ldl -lgcc_s -lgcc -lc -lgcc_s -lgcc -Bstatic -lirc_s -Bdynamic /usr/lib/gcc/x86_64-linux-gnu/12/crtend.o /lib/x86_64-linux-gnu/crtn.o]
    arg [/usr/bin/ld] ==> ignore
    arg [-zrelro] ==> ignore
    arg [--hash-style=gnu] ==> ignore
    arg [--eh-frame-hdr] ==> ignore
    arg [-m] ==> ignore
    arg [elf_x86_64] ==> ignore
    arg [-dynamic-linker] ==> ignore
    arg [/lib64/ld-linux-x86-64.so.2] ==> ignore
    arg [-o] ==> ignore
    arg [cmTC_0a1c2] ==> ignore
    arg [/lib/x86_64-linux-gnu/crt1.o] ==> obj [/lib/x86_64-linux-gnu/crt1.o]
    arg [/lib/x86_64-linux-gnu/crti.o] ==> obj [/lib/x86_64-linux-gnu/crti.o]
    arg [/usr/lib/gcc/x86_64-linux-gnu/12/crtbegin.o] ==> obj [/usr/lib/gcc/x86_64-linux-gnu/12/crtbegin.o]
    arg [-L/sw/workstations/apps/linux-ubuntu22.04-ivybridge/intel-oneapi-compilers/2022.2.1/gcc-11.3.0/k2f52ijqkzvd4hct7ccykcnys7eym6t3/compiler/2022.2.1/linux/bin-llvm/../compiler/lib/intel64_lin] ==> dir [/sw/workstations/apps/linux-ubuntu22.04-ivybridge/intel-oneapi-compilers/2022.2.1/gcc-11.3.0/k2f52ijqkzvd4hct7ccykcnys7eym6t3/compiler/2022.2.1/linux/bin-llvm/../compiler/lib/intel64_lin]
    arg [-L/sw/workstations/apps/linux-ubuntu22.04-ivybridge/intel-oneapi-compilers/2022.2.1/gcc-11.3.0/k2f52ijqkzvd4hct7ccykcnys7eym6t3/compiler/2022.2.1/linux/bin-llvm/../lib] ==> dir [/sw/workstations/apps/linux-ubuntu22.04-ivybridge/intel-oneapi-compilers/2022.2.1/gcc-11.3.0/k2f52ijqkzvd4hct7ccykcnys7eym6t3/compiler/2022.2.1/linux/bin-llvm/../lib]
    arg [-L/sw/workstations/apps/linux-ubuntu22.04-ivybridge/intel-oneapi-compilers/2022.2.1/gcc-11.3.0/k2f52ijqkzvd4hct7ccykcnys7eym6t3/compiler/2022.2.1/linux/bin-llvm/../compiler/lib/intel64_lin] ==> dir [/sw/workstations/apps/linux-ubuntu22.04-ivybridge/intel-oneapi-compilers/2022.2.1/gcc-11.3.0/k2f52ijqkzvd4hct7ccykcnys7eym6t3/compiler/2022.2.1/linux/bin-llvm/../compiler/lib/intel64_lin]
    arg [-L/usr/lib/gcc/x86_64-linux-gnu/12] ==> dir [/usr/lib/gcc/x86_64-linux-gnu/12]
    arg [-L/usr/lib/gcc/x86_64-linux-gnu/12/../../../../lib64] ==> dir [/usr/lib/gcc/x86_64-linux-gnu/12/../../../../lib64]
    arg [-L/lib/x86_64-linux-gnu] ==> dir [/lib/x86_64-linux-gnu]
    arg [-L/lib/../lib64] ==> dir [/lib/../lib64]
    arg [-L/usr/lib/x86_64-linux-gnu] ==> dir [/usr/lib/x86_64-linux-gnu]
    arg [-L/usr/lib/../lib64] ==> dir [/usr/lib/../lib64]
    arg [-L/usr/lib/gcc/x86_64-linux-gnu/12/../../..] ==> dir [/usr/lib/gcc/x86_64-linux-gnu/12/../../..]
    arg [-L/lib] ==> dir [/lib]
    arg [-L/usr/lib] ==> dir [/usr/lib]
    arg [-L/sw/workstations/apps/linux-ubuntu22.04-ivybridge/intel-oneapi-compilers/2022.2.1/gcc-11.3.0/k2f52ijqkzvd4hct7ccykcnys7eym6t3/compiler/2022.2.1/linux/compiler/lib/intel64_lin] ==> dir [/sw/workstations/apps/linux-ubuntu22.04-ivybridge/intel-oneapi-compilers/2022.2.1/gcc-11.3.0/k2f52ijqkzvd4hct7ccykcnys7eym6t3/compiler/2022.2.1/linux/compiler/lib/intel64_lin]
    arg [-L/sw/workstations/apps/linux-ubuntu22.04-ivybridge/intel-oneapi-compilers/2022.2.1/gcc-11.3.0/k2f52ijqkzvd4hct7ccykcnys7eym6t3/compiler/2022.2.1/linux/lib] ==> dir [/sw/workstations/apps/linux-ubuntu22.04-ivybridge/intel-oneapi-compilers/2022.2.1/gcc-11.3.0/k2f52ijqkzvd4hct7ccykcnys7eym6t3/compiler/2022.2.1/linux/lib]
    arg [-rpath] ==> ignore
    arg [/sw/workstations/apps/linux-ubuntu22.04-ivybridge/intel-oneapi-compilers/2022.2.1/gcc-11.3.0/k2f52ijqkzvd4hct7ccykcnys7eym6t3/compiler/2022.2.1/linux/lib] ==> ignore
    arg [-rpath] ==> ignore
    arg [/sw/workstations/apps/linux-ubuntu22.04-ivybridge/intel-oneapi-compilers/2022.2.1/gcc-11.3.0/k2f52ijqkzvd4hct7ccykcnys7eym6t3/compiler/2022.2.1/linux/lib/x64] ==> ignore
    arg [-rpath] ==> ignore
    arg [/sw/workstations/apps/linux-ubuntu22.04-ivybridge/intel-oneapi-compilers/2022.2.1/gcc-11.3.0/k2f52ijqkzvd4hct7ccykcnys7eym6t3/compiler/2022.2.1/linux/lib/oclfpga/host/linux64/lib] ==> ignore
    arg [-rpath] ==> ignore
    arg [/sw/workstations/apps/linux-ubuntu22.04-ivybridge/intel-oneapi-compilers/2022.2.1/gcc-11.3.0/k2f52ijqkzvd4hct7ccykcnys7eym6t3/compiler/2022.2.1/linux/lib/oclfpga/linux64/lib] ==> ignore
    arg [-rpath] ==> ignore
    arg [/sw/workstations/apps/linux-ubuntu22.04-ivybridge/intel-oneapi-compilers/2022.2.1/gcc-11.3.0/k2f52ijqkzvd4hct7ccykcnys7eym6t3/compiler/2022.2.1/linux/compiler/lib/intel64_lin] ==> ignore
    arg [CMakeFiles/cmTC_0a1c2.dir/CMakeCXXCompilerABI.cpp.o] ==> ignore
    arg [-Bstatic] ==> search static
    arg [-lsvml] ==> lib [svml]
    arg [-Bdynamic] ==> search dynamic
    arg [-Bstatic] ==> search static
    arg [-lirng] ==> lib [irng]
    arg [-Bdynamic] ==> search dynamic
    arg [-lstdc++] ==> lib [stdc++]
    arg [-Bstatic] ==> search static
    arg [-limf] ==> lib [imf]
    arg [-Bdynamic] ==> search dynamic
    arg [-lm] ==> lib [m]
    arg [-lgcc_s] ==> lib [gcc_s]
    arg [-lgcc] ==> lib [gcc]
    arg [-Bstatic] ==> search static
    arg [-lirc] ==> lib [irc]
    arg [-Bdynamic] ==> search dynamic
    arg [-ldl] ==> lib [dl]
    arg [-lgcc_s] ==> lib [gcc_s]
    arg [-lgcc] ==> lib [gcc]
    arg [-lc] ==> lib [c]
    arg [-lgcc_s] ==> lib [gcc_s]
    arg [-lgcc] ==> lib [gcc]
    arg [-Bstatic] ==> search static
    arg [-lirc_s] ==> lib [irc_s]
    arg [-Bdynamic] ==> search dynamic
    arg [/usr/lib/gcc/x86_64-linux-gnu/12/crtend.o] ==> obj [/usr/lib/gcc/x86_64-linux-gnu/12/crtend.o]
    arg [/lib/x86_64-linux-gnu/crtn.o] ==> obj [/lib/x86_64-linux-gnu/crtn.o]
  collapse library dir [/sw/workstations/apps/linux-ubuntu22.04-ivybridge/intel-oneapi-compilers/2022.2.1/gcc-11.3.0/k2f52ijqkzvd4hct7ccykcnys7eym6t3/compiler/2022.2.1/linux/bin-llvm/../compiler/lib/intel64_lin] ==> [/sw/workstations/apps/linux-ubuntu22.04-ivybridge/intel-oneapi-compilers/2022.2.1/gcc-11.3.0/k2f52ijqkzvd4hct7ccykcnys7eym6t3/compiler/2022.2.1/linux/compiler/lib/intel64_lin]
  collapse library dir [/sw/workstations/apps/linux-ubuntu22.04-ivybridge/intel-oneapi-compilers/2022.2.1/gcc-11.3.0/k2f52ijqkzvd4hct7ccykcnys7eym6t3/compiler/2022.2.1/linux/bin-llvm/../lib] ==> [/sw/workstations/apps/linux-ubuntu22.04-ivybridge/intel-oneapi-compilers/2022.2.1/gcc-11.3.0/k2f52ijqkzvd4hct7ccykcnys7eym6t3/compiler/2022.2.1/linux/lib]
  collapse library dir [/sw/workstations/apps/linux-ubuntu22.04-ivybridge/intel-oneapi-compilers/2022.2.1/gcc-11.3.0/k2f52ijqkzvd4hct7ccykcnys7eym6t3/compiler/2022.2.1/linux/bin-llvm/../compiler/lib/intel64_lin] ==> [/sw/workstations/apps/linux-ubuntu22.04-ivybridge/intel-oneapi-compilers/2022.2.1/gcc-11.3.0/k2f52ijqkzvd4hct7ccykcnys7eym6t3/compiler/2022.2.1/linux/compiler/lib/intel64_lin]
  collapse library dir [/usr/lib/gcc/x86_64-linux-gnu/12] ==> [/usr/lib/gcc/x86_64-linux-gnu/12]
  collapse library dir [/usr/lib/gcc/x86_64-linux-gnu/12/../../../../lib64] ==> [/usr/lib64]
  collapse library dir [/lib/x86_64-linux-gnu] ==> [/lib/x86_64-linux-gnu]
  collapse library dir [/lib/../lib64] ==> [/lib64]
  collapse library dir [/usr/lib/x86_64-linux-gnu] ==> [/usr/lib/x86_64-linux-gnu]
  collapse library dir [/usr/lib/../lib64] ==> [/usr/lib64]
  collapse library dir [/usr/lib/gcc/x86_64-linux-gnu/12/../../..] ==> [/usr/lib]
  collapse library dir [/lib] ==> [/lib]
  collapse library dir [/usr/lib] ==> [/usr/lib]
  collapse library dir [/sw/workstations/apps/linux-ubuntu22.04-ivybridge/intel-oneapi-compilers/2022.2.1/gcc-11.3.0/k2f52ijqkzvd4hct7ccykcnys7eym6t3/compiler/2022.2.1/linux/compiler/lib/intel64_lin] ==> [/sw/workstations/apps/linux-ubuntu22.04-ivybridge/intel-oneapi-compilers/2022.2.1/gcc-11.3.0/k2f52ijqkzvd4hct7ccykcnys7eym6t3/compiler/2022.2.1/linux/compiler/lib/intel64_lin]
  collapse library dir [/sw/workstations/apps/linux-ubuntu22.04-ivybridge/intel-oneapi-compilers/2022.2.1/gcc-11.3.0/k2f52ijqkzvd4hct7ccykcnys7eym6t3/compiler/2022.2.1/linux/lib] ==> [/sw/workstations/apps/linux-ubuntu22.04-ivybridge/intel-oneapi-compilers/2022.2.1/gcc-11.3.0/k2f52ijqkzvd4hct7ccykcnys7eym6t3/compiler/2022.2.1/linux/lib]
  implicit libs: [svml;irng;stdc++;imf;m;gcc_s;gcc;irc;dl;gcc_s;gcc;c;gcc_s;gcc;irc_s]
  implicit objs: [/lib/x86_64-linux-gnu/crt1.o;/lib/x86_64-linux-gnu/crti.o;/usr/lib/gcc/x86_64-linux-gnu/12/crtbegin.o;/usr/lib/gcc/x86_64-linux-gnu/12/crtend.o;/lib/x86_64-linux-gnu/crtn.o]
  implicit dirs: [/sw/workstations/apps/linux-ubuntu22.04-ivybridge/intel-oneapi-compilers/2022.2.1/gcc-11.3.0/k2f52ijqkzvd4hct7ccykcnys7eym6t3/compiler/2022.2.1/linux/compiler/lib/intel64_lin;/sw/workstations/apps/linux-ubuntu22.04-ivybridge/intel-oneapi-compilers/2022.2.1/gcc-11.3.0/k2f52ijqkzvd4hct7ccykcnys7eym6t3/compiler/2022.2.1/linux/lib;/usr/lib/gcc/x86_64-linux-gnu/12;/usr/lib64;/lib/x86_64-linux-gnu;/lib64;/usr/lib/x86_64-linux-gnu;/usr/lib;/lib]
  implicit fwks: []


The system is: Linux - 5.15.0-179-generic - x86_64
Compiling the C compiler identification source file "CMakeCCompilerId.c" succeeded.
Compiler: /sw/workstations/apps/linux-ubuntu22.04-ivybridge/intel-oneapi-compilers/2022.2.1/gcc-11.3.0/k2f52ijqkzvd4hct7ccykcnys7eym6t3/compiler/2022.2.1/linux/bin/icx 
Build flags: -march=znver2;-mtune=znver2;-O3;-ffast-math;-qopenmp;-mprefer-vector-width=256;-qopt-report=5;-qopt-report-phase=vec
Id flags:  

The output was:
0
icx: command line warning #10430: Unsupported command line options encountered
These options as listed are not supported.
For more information, use '-qnextgen-diag'.
option list: 
	-qopt-report-phase=vec
icx: warning: argument unused during compilation: '-qopt-report=5' [-Wunused-command-line-argument]


Compilation of the C compiler identification source "CMakeCCompilerId.c" produced "CMakeCCompilerId.opt.yaml"

Compilation of the C compiler identification source "CMakeCCompilerId.c" produced "a.out"

The C compiler identification is IntelLLVM, found in "/media/x_plotnips/sdd1/Dropbox/PhD_proposal/work_with_david/Exawave_3_handover/panzer_repo/CMakeFiles/3.24.3/CompilerIdC/a.out"

Detecting C compiler ABI info compiled with the following output:
Change Dir: /media/x_plotnips/sdd1/Dropbox/PhD_proposal/work_with_david/Exawave_3_handover/panzer_repo/CMakeFiles/CMakeTmp

Run Build Command(s):/usr/bin/gmake -f Makefile cmTC_32522/fast && /usr/bin/gmake  -f CMakeFiles/cmTC_32522.dir/build.make CMakeFiles/cmTC_32522.dir/build
gmake[1]: Entering directory '/media/x_plotnips/sdd1/Dropbox/PhD_proposal/work_with_david/Exawave_3_handover/panzer_repo/CMakeFiles/CMakeTmp'
Building C object CMakeFiles/cmTC_32522.dir/CMakeCCompilerABI.c.o
/sw/workstations/apps/linux-ubuntu22.04-ivybridge/intel-oneapi-compilers/2022.2.1/gcc-11.3.0/k2f52ijqkzvd4hct7ccykcnys7eym6t3/compiler/2022.2.1/linux/bin/icx   -march=znver2 -mtune=znver2 -O3 -ffast-math -qopenmp -mprefer-vector-width=256 -qopt-report=5 -qopt-report-phase=vec    -v -MD -MT CMakeFiles/cmTC_32522.dir/CMakeCCompilerABI.c.o -MF CMakeFiles/cmTC_32522.dir/CMakeCCompilerABI.c.o.d -o CMakeFiles/cmTC_32522.dir/CMakeCCompilerABI.c.o -c /sw/workstations/apps/linux-ubuntu22.04-ivybridge/cmake/3.24.3/gcc-11.3.0/im6us5w327xiszfjh37fer4odzrpsbgr/share/cmake-3.24/Modules/CMakeCCompilerABI.c
icx: command line warning #10430: Unsupported command line options encountered
These options as listed are not supported.
For more information, use '-qnextgen-diag'.
option list: 
	-qopt-report-phase=vec
Intel(R) oneAPI DPC++/C++ Compiler 2022.2.1 (2022.2.1.20221020)
Target: x86_64-unknown-linux-gnu
Thread model: posix
InstalledDir: /sw/workstations/apps/linux-ubuntu22.04-ivybridge/intel-oneapi-compilers/2022.2.1/gcc-11.3.0/k2f52ijqkzvd4hct7ccykcnys7eym6t3/compiler/2022.2.1/linux/bin-llvm
Configuration file: /sw/workstations/apps/linux-ubuntu22.04-ivybridge/intel-oneapi-compilers/2022.2.1/gcc-11.3.0/k2f52ijqkzvd4hct7ccykcnys7eym6t3/compiler/2022.2.1/linux/bin/icx.cfg
Found candidate GCC installation: /usr/lib/gcc/x86_64-linux-gnu/11
Found candidate GCC installation: /usr/lib/gcc/x86_64-linux-gnu/12
Selected GCC installation: /usr/lib/gcc/x86_64-linux-gnu/12
Candidate multilib: .;@m64
Selected multilib: .;@m64
icx: warning: argument unused during compilation: '-qopt-report=5' [-Wunused-command-line-argument]
 (in-process)
 "/sw/workstations/apps/linux-ubuntu22.04-ivybridge/intel-oneapi-compilers/2022.2.1/gcc-11.3.0/k2f52ijqkzvd4hct7ccykcnys7eym6t3/compiler/2022.2.1/linux/bin-llvm/clang" -cc1 -triple x86_64-unknown-linux-gnu -emit-obj --mrelax-relocations -disable-free -clear-ast-before-backend -disable-llvm-verifier -discard-value-names -main-file-name CMakeCCompilerABI.c -mrelocation-model static -fveclib=SVML -mframe-pointer=none -menable-no-infs -menable-no-nans -fapprox-func -menable-unsafe-fp-math -fno-signed-zeros -mreassociate -freciprocal-math -fdenormal-fp-math=preserve-sign,preserve-sign -ffp-contract=fast -fno-rounding-math -ffast-math -ffinite-math-only -mconstructor-aliases -funwind-tables=2 -target-cpu znver2 -mllvm -x86-enable-unaligned-vector-move=true -tune-cpu znver2 -mllvm -treat-scalable-fixed-error-as-warning -debug-info-kind=line-tables-only -debugger-tuning=gdb -v -fcoverage-compilation-dir=/media/x_plotnips/sdd1/Dropbox/PhD_proposal/work_with_david/Exawave_3_handover/panzer_repo/CMakeFiles/CMakeTmp -resource-dir /sw/workstations/apps/linux-ubuntu22.04-ivybridge/intel-oneapi-compilers/2022.2.1/gcc-11.3.0/k2f52ijqkzvd4hct7ccykcnys7eym6t3/compiler/2022.2.1/linux/lib/clang/15.0.0 -dependency-file CMakeFiles/cmTC_32522.dir/CMakeCCompilerABI.c.o.d -MT CMakeFiles/cmTC_32522.dir/CMakeCCompilerABI.c.o -sys-header-deps -internal-isystem /sw/workstations/apps/linux-ubuntu22.04-ivybridge/intel-oneapi-compilers/2022.2.1/gcc-11.3.0/k2f52ijqkzvd4hct7ccykcnys7eym6t3/compiler/2022.2.1/linux/bin-llvm/../compiler/include -internal-isystem /sw/workstations/apps/linux-ubuntu22.04-ivybridge/intel-oneapi-compilers/2022.2.1/gcc-11.3.0/k2f52ijqkzvd4hct7ccykcnys7eym6t3/compiler/2022.2.1/linux/lib/clang/15.0.0/include -internal-isystem /usr/local/include -internal-isystem /usr/lib/gcc/x86_64-linux-gnu/12/../../../../x86_64-linux-gnu/include -internal-externc-isystem /usr/include/x86_64-linux-gnu -internal-externc-isystem /include -internal-externc-isystem /usr/include -O3 -fdebug-compilation-dir=/media/x_plotnips/sdd1/Dropbox/PhD_proposal/work_with_david/Exawave_3_handover/panzer_repo/CMakeFiles/CMakeTmp -ferror-limit 19 -fheinous-gnu-extensions -fopenmp-late-outline -fopenmp-threadprivate-legacy -fopenmp -fgnuc-version=4.2.1 -mllvm -enable-gvn-hoist -vectorize-loops -vectorize-slp -mprefer-vector-width=256 -opt-record-file CMakeFiles/cmTC_32522.dir/CMakeCCompilerABI.c.opt.yaml -opt-record-format yaml -dwarf-debug-flags " -Wl,-rpath,/sw/workstations/apps/linux-ubuntu22.04-ivybridge/intel-oneapi-compilers/2022.2.1/gcc-11.3.0/k2f52ijqkzvd4hct7ccykcnys7eym6t3/compiler/2022.2.1/linux/lib -Wl,-rpath,/sw/workstations/apps/linux-ubuntu22.04-ivybridge/intel-oneapi-compilers/2022.2.1/gcc-11.3.0/k2f52ijqkzvd4hct7ccykcnys7eym6t3/compiler/2022.2.1/linux/lib/x64 -Wl,-rpath,/sw/workstations/apps/linux-ubuntu22.04-ivybridge/intel-oneapi-compilers/2022.2.1/gcc-11.3.0/k2f52ijqkzvd4hct7ccykcnys7eym6t3/compiler/2022.2.1/linux/lib/oclfpga/host/linux64/lib -Wl,-rpath,/sw/workstations/apps/linux-ubuntu22.04-ivybridge/intel-oneapi-compilers/2022.2.1/gcc-11.3.0/k2f52ijqkzvd4hct7ccykcnys7eym6t3/compiler/2022.2.1/linux/lib/oclfpga/linux64/lib -Wl,-rpath,/sw/workstations/apps/linux-ubuntu22.04-ivybridge/intel-oneapi-compilers/2022.2.1/gcc-11.3.0/k2f52ijqkzvd4hct7ccykcnys7eym6t3/compiler/2022.2.1/linux/compiler/lib/intel64_lin --gcc-toolchain=/usr --intel -march=znver2 -mtune=znver2 -O3 -ffast-math -fiopenmp -mprefer-vector-width=256 -qopt-report=5 -v -MD -MT CMakeFiles/cmTC_32522.dir/CMakeCCompilerABI.c.o -MF CMakeFiles/cmTC_32522.dir/CMakeCCompilerABI.c.o.d -o CMakeFiles/cmTC_32522.dir/CMakeCCompilerABI.c.o -c /sw/workstations/apps/linux-ubuntu22.04-ivybridge/cmake/3.24.3/gcc-11.3.0/im6us5w327xiszfjh37fer4odzrpsbgr/share/cmake-3.24/Modules/CMakeCCompilerABI.c -fveclib=SVML -fheinous-gnu-extensions" -mllvm -paropt=31 -D__GCC_HAVE_DWARF2_CFI_ASM=1 -fintel-compatibility -fintel-libirc-allowed -mllvm -disable-hir-generate-mkl-call -mllvm -loopopt=1 -floopopt-pipeline=light -mllvm -intel-abi-compatible=true -o CMakeFiles/cmTC_32522.dir/CMakeCCompilerABI.c.o -x c /sw/workstations/apps/linux-ubuntu22.04-ivybridge/cmake/3.24.3/gcc-11.3.0/im6us5w327xiszfjh37fer4odzrpsbgr/share/cmake-3.24/Modules/CMakeCCompilerABI.c
clang -cc1 version 15.0.0 based upon LLVM 15.0.0git default target x86_64-unknown-linux-gnu
ignoring nonexistent directory "/usr/lib/gcc/x86_64-linux-gnu/12/../../../../x86_64-linux-gnu/include"
ignoring nonexistent directory "/include"
#include "..." search starts here:
#include <...> search starts here:
 /sw/workstations/apps/linux-ubuntu22.04-ivybridge/intel-oneapi-compilers/2022.2.1/gcc-11.3.0/k2f52ijqkzvd4hct7ccykcnys7eym6t3/compiler/2022.2.1/linux/bin-llvm/../compiler/include
 /sw/workstations/apps/linux-ubuntu22.04-ivybridge/intel-oneapi-compilers/2022.2.1/gcc-11.3.0/k2f52ijqkzvd4hct7ccykcnys7eym6t3/compiler/2022.2.1/linux/lib/clang/15.0.0/include
 /usr/local/include
 /usr/include/x86_64-linux-gnu
 /usr/include
End of search list.
Linking C executable cmTC_32522
/sw/workstations/apps/linux-ubuntu22.04-ivybridge/cmake/3.24.3/gcc-11.3.0/im6us5w327xiszfjh37fer4odzrpsbgr/bin/cmake -E cmake_link_script CMakeFiles/cmTC_32522.dir/link.txt --verbose=1
/sw/workstations/apps/linux-ubuntu22.04-ivybridge/intel-oneapi-compilers/2022.2.1/gcc-11.3.0/k2f52ijqkzvd4hct7ccykcnys7eym6t3/compiler/2022.2.1/linux/bin/icx -march=znver2 -mtune=znver2 -O3 -ffast-math -qopenmp -mprefer-vector-width=256 -qopt-report=5 -qopt-report-phase=vec   -v CMakeFiles/cmTC_32522.dir/CMakeCCompilerABI.c.o -o cmTC_32522 
icx: command line warning #10430: Unsupported command line options encountered
These options as listed are not supported.
For more information, use '-qnextgen-diag'.
option list: 
	-qopt-report-phase=vec
Intel(R) oneAPI DPC++/C++ Compiler 2022.2.1 (2022.2.1.20221020)
Target: x86_64-unknown-linux-gnu
Thread model: posix
InstalledDir: /sw/workstations/apps/linux-ubuntu22.04-ivybridge/intel-oneapi-compilers/2022.2.1/gcc-11.3.0/k2f52ijqkzvd4hct7ccykcnys7eym6t3/compiler/2022.2.1/linux/bin-llvm
Configuration file: /sw/workstations/apps/linux-ubuntu22.04-ivybridge/intel-oneapi-compilers/2022.2.1/gcc-11.3.0/k2f52ijqkzvd4hct7ccykcnys7eym6t3/compiler/2022.2.1/linux/bin/icx.cfg
Found candidate GCC installation: /usr/lib/gcc/x86_64-linux-gnu/11
Found candidate GCC installation: /usr/lib/gcc/x86_64-linux-gnu/12
Selected GCC installation: /usr/lib/gcc/x86_64-linux-gnu/12
Candidate multilib: .;@m64
Selected multilib: .;@m64
 "/usr/bin/ld" -z relro --hash-style=gnu --eh-frame-hdr -m elf_x86_64 -dynamic-linker /lib64/ld-linux-x86-64.so.2 -o cmTC_32522 /lib/x86_64-linux-gnu/crt1.o /lib/x86_64-linux-gnu/crti.o /usr/lib/gcc/x86_64-linux-gnu/12/crtbegin.o /usr/lib/gcc/x86_64-linux-gnu/12/crtfastmath.o -L/sw/workstations/apps/linux-ubuntu22.04-ivybridge/intel-oneapi-compilers/2022.2.1/gcc-11.3.0/k2f52ijqkzvd4hct7ccykcnys7eym6t3/compiler/2022.2.1/linux/bin-llvm/../compiler/lib/intel64_lin -L/sw/workstations/apps/linux-ubuntu22.04-ivybridge/intel-oneapi-compilers/2022.2.1/gcc-11.3.0/k2f52ijqkzvd4hct7ccykcnys7eym6t3/compiler/2022.2.1/linux/bin-llvm/../lib -L/sw/workstations/apps/linux-ubuntu22.04-ivybridge/intel-oneapi-compilers/2022.2.1/gcc-11.3.0/k2f52ijqkzvd4hct7ccykcnys7eym6t3/compiler/2022.2.1/linux/bin-llvm/../compiler/lib/intel64_lin -L/usr/lib/gcc/x86_64-linux-gnu/12 -L/usr/lib/gcc/x86_64-linux-gnu/12/../../../../lib64 -L/lib/x86_64-linux-gnu -L/lib/../lib64 -L/usr/lib/x86_64-linux-gnu -L/usr/lib/../lib64 -L/usr/lib/gcc/x86_64-linux-gnu/12/../../.. -L/lib -L/usr/lib -L/sw/workstations/apps/linux-ubuntu22.04-ivybridge/intel-oneapi-compilers/2022.2.1/gcc-11.3.0/k2f52ijqkzvd4hct7ccykcnys7eym6t3/compiler/2022.2.1/linux/compiler/lib/intel64_lin -L/sw/workstations/apps/linux-ubuntu22.04-ivybridge/intel-oneapi-compilers/2022.2.1/gcc-11.3.0/k2f52ijqkzvd4hct7ccykcnys7eym6t3/compiler/2022.2.1/linux/lib -rpath /sw/workstations/apps/linux-ubuntu22.04-ivybridge/intel-oneapi-compilers/2022.2.1/gcc-11.3.0/k2f52ijqkzvd4hct7ccykcnys7eym6t3/compiler/2022.2.1/linux/lib -rpath /sw/workstations/apps/linux-ubuntu22.04-ivybridge/intel-oneapi-compilers/2022.2.1/gcc-11.3.0/k2f52ijqkzvd4hct7ccykcnys7eym6t3/compiler/2022.2.1/linux/lib/x64 -rpath /sw/workstations/apps/linux-ubuntu22.04-ivybridge/intel-oneapi-compilers/2022.2.1/gcc-11.3.0/k2f52ijqkzvd4hct7ccykcnys7eym6t3/compiler/2022.2.1/linux/lib/oclfpga/host/linux64/lib -rpath /sw/workstations/apps/linux-ubuntu22.04-ivybridge/intel-oneapi-compilers/2022.2.1/gcc-11.3.0/k2f52ijqkzvd4hct7ccykcnys7eym6t3/compiler/2022.2.1/linux/lib/oclfpga/linux64/lib -rpath /sw/workstations/apps/linux-ubuntu22.04-ivybridge/intel-oneapi-compilers/2022.2.1/gcc-11.3.0/k2f52ijqkzvd4hct7ccykcnys7eym6t3/compiler/2022.2.1/linux/compiler/lib/intel64_lin CMakeFiles/cmTC_32522.dir/CMakeCCompilerABI.c.o -Bstatic -lsvml -Bdynamic -Bstatic -lirng -Bdynamic -Bstatic -limf -Bdynamic -lm -lgcc --as-needed -lgcc_s --no-as-needed -Bstatic -lirc -Bdynamic -ldl -liomp5 -L/sw/workstations/apps/linux-ubuntu22.04-ivybridge/intel-oneapi-compilers/2022.2.1/gcc-11.3.0/k2f52ijqkzvd4hct7ccykcnys7eym6t3/compiler/2022.2.1/linux/lib -lgcc --as-needed -lgcc_s --no-as-needed -lpthread -lc -lgcc --as-needed -lgcc_s --no-as-needed -Bstatic -lirc_s -Bdynamic /usr/lib/gcc/x86_64-linux-gnu/12/crtend.o /lib/x86_64-linux-gnu/crtn.o
gmake[1]: Leaving directory '/media/x_plotnips/sdd1/Dropbox/PhD_proposal/work_with_david/Exawave_3_handover/panzer_repo/CMakeFiles/CMakeTmp'



Parsed C implicit include dir info from above output: rv=done
  found start of include info
  found start of implicit include info
    add: [/sw/workstations/apps/linux-ubuntu22.04-ivybridge/intel-oneapi-compilers/2022.2.1/gcc-11.3.0/k2f52ijqkzvd4hct7ccykcnys7eym6t3/compiler/2022.2.1/linux/bin-llvm/../compiler/include]
    add: [/sw/workstations/apps/linux-ubuntu22.04-ivybridge/intel-oneapi-compilers/2022.2.1/gcc-11.3.0/k2f52ijqkzvd4hct7ccykcnys7eym6t3/compiler/2022.2.1/linux/lib/clang/15.0.0/include]
    add: [/usr/local/include]
    add: [/usr/include/x86_64-linux-gnu]
    add: [/usr/include]
  end of search list found
  collapse include dir [/sw/workstations/apps/linux-ubuntu22.04-ivybridge/intel-oneapi-compilers/2022.2.1/gcc-11.3.0/k2f52ijqkzvd4hct7ccykcnys7eym6t3/compiler/2022.2.1/linux/bin-llvm/../compiler/include] ==> [/sw/workstations/apps/linux-ubuntu22.04-ivybridge/intel-oneapi-compilers/2022.2.1/gcc-11.3.0/k2f52ijqkzvd4hct7ccykcnys7eym6t3/compiler/2022.2.1/linux/compiler/include]
  collapse include dir [/sw/workstations/apps/linux-ubuntu22.04-ivybridge/intel-oneapi-compilers/2022.2.1/gcc-11.3.0/k2f52ijqkzvd4hct7ccykcnys7eym6t3/compiler/2022.2.1/linux/lib/clang/15.0.0/include] ==> [/sw/workstations/apps/linux-ubuntu22.04-ivybridge/intel-oneapi-compilers/2022.2.1/gcc-11.3.0/k2f52ijqkzvd4hct7ccykcnys7eym6t3/compiler/2022.2.1/linux/lib/clang/15.0.0/include]
  collapse include dir [/usr/local/include] ==> [/usr/local/include]
  collapse include dir [/usr/include/x86_64-linux-gnu] ==> [/usr/include/x86_64-linux-gnu]
  collapse include dir [/usr/include] ==> [/usr/include]
  implicit include dirs: [/sw/workstations/apps/linux-ubuntu22.04-ivybridge/intel-oneapi-compilers/2022.2.1/gcc-11.3.0/k2f52ijqkzvd4hct7ccykcnys7eym6t3/compiler/2022.2.1/linux/compiler/include;/sw/workstations/apps/linux-ubuntu22.04-ivybridge/intel-oneapi-compilers/2022.2.1/gcc-11.3.0/k2f52ijqkzvd4hct7ccykcnys7eym6t3/compiler/2022.2.1/linux/lib/clang/15.0.0/include;/usr/local/include;/usr/include/x86_64-linux-gnu;/usr/include]


Parsed C implicit link information from above output:
  link line regex: [^( *|.*[/\])(ld|CMAKE_LINK_STARTFILE-NOTFOUND|([^/\]+-)?ld|collect2)[^/\]*( |$)]
  ignore line: [Change Dir: /media/x_plotnips/sdd1/Dropbox/PhD_proposal/work_with_david/Exawave_3_handover/panzer_repo/CMakeFiles/CMakeTmp]
  ignore line: []
  ignore line: [Run Build Command(s):/usr/bin/gmake -f Makefile cmTC_32522/fast && /usr/bin/gmake  -f CMakeFiles/cmTC_32522.dir/build.make CMakeFiles/cmTC_32522.dir/build]
  ignore line: [gmake[1]: Entering directory '/media/x_plotnips/sdd1/Dropbox/PhD_proposal/work_with_david/Exawave_3_handover/panzer_repo/CMakeFiles/CMakeTmp']
  ignore line: [Building C object CMakeFiles/cmTC_32522.dir/CMakeCCompilerABI.c.o]
  ignore line: [/sw/workstations/apps/linux-ubuntu22.04-ivybridge/intel-oneapi-compilers/2022.2.1/gcc-11.3.0/k2f52ijqkzvd4hct7ccykcnys7eym6t3/compiler/2022.2.1/linux/bin/icx   -march=znver2 -mtune=znver2 -O3 -ffast-math -qopenmp -mprefer-vector-width=256 -qopt-report=5 -qopt-report-phase=vec    -v -MD -MT CMakeFiles/cmTC_32522.dir/CMakeCCompilerABI.c.o -MF CMakeFiles/cmTC_32522.dir/CMakeCCompilerABI.c.o.d -o CMakeFiles/cmTC_32522.dir/CMakeCCompilerABI.c.o -c /sw/workstations/apps/linux-ubuntu22.04-ivybridge/cmake/3.24.3/gcc-11.3.0/im6us5w327xiszfjh37fer4odzrpsbgr/share/cmake-3.24/Modules/CMakeCCompilerABI.c]
  ignore line: [icx: command line warning #10430: Unsupported command line options encountered]
  ignore line: [These options as listed are not supported.]
  ignore line: [For more information  use '-qnextgen-diag'.]
  ignore line: [option list: ]
  ignore line: [	-qopt-report-phase=vec]
  ignore line: [Intel(R) oneAPI DPC++/C++ Compiler 2022.2.1 (2022.2.1.20221020)]
  ignore line: [Target: x86_64-unknown-linux-gnu]
  ignore line: [Thread model: posix]
  ignore line: [InstalledDir: /sw/workstations/apps/linux-ubuntu22.04-ivybridge/intel-oneapi-compilers/2022.2.1/gcc-11.3.0/k2f52ijqkzvd4hct7ccykcnys7eym6t3/compiler/2022.2.1/linux/bin-llvm]
  ignore line: [Configuration file: /sw/workstations/apps/linux-ubuntu22.04-ivybridge/intel-oneapi-compilers/2022.2.1/gcc-11.3.0/k2f52ijqkzvd4hct7ccykcnys7eym6t3/compiler/2022.2.1/linux/bin/icx.cfg]
  ignore line: [Found candidate GCC installation: /usr/lib/gcc/x86_64-linux-gnu/11]
  ignore line: [Found candidate GCC installation: /usr/lib/gcc/x86_64-linux-gnu/12]
  ignore line: [Selected GCC installation: /usr/lib/gcc/x86_64-linux-gnu/12]
  ignore line: [Candidate multilib: .]
  ignore line: [@m64]
  ignore line: [Selected multilib: .]
  ignore line: [@m64]
  ignore line: [icx: warning: argument unused during compilation: '-qopt-report=5' [-Wunused-command-line-argument]]
  ignore line: [ (in-process)]
  ignore line: [ "/sw/workstations/apps/linux-ubuntu22.04-ivybridge/intel-oneapi-compilers/2022.2.1/gcc-11.3.0/k2f52ijqkzvd4hct7ccykcnys7eym6t3/compiler/2022.2.1/linux/bin-llvm/clang" -cc1 -triple x86_64-unknown-linux-gnu -emit-obj --mrelax-relocations -disable-free -clear-ast-before-backend -disable-llvm-verifier -discard-value-names -main-file-name CMakeCCompilerABI.c -mrelocation-model static -fveclib=SVML -mframe-pointer=none -menable-no-infs -menable-no-nans -fapprox-func -menable-unsafe-fp-math -fno-signed-zeros -mreassociate -freciprocal-math -fdenormal-fp-math=preserve-sign preserve-sign -ffp-contract=fast -fno-rounding-math -ffast-math -ffinite-math-only -mconstructor-aliases -funwind-tables=2 -target-cpu znver2 -mllvm -x86-enable-unaligned-vector-move=true -tune-cpu znver2 -mllvm -treat-scalable-fixed-error-as-warning -debug-info-kind=line-tables-only -debugger-tuning=gdb -v -fcoverage-compilation-dir=/media/x_plotnips/sdd1/Dropbox/PhD_proposal/work_with_david/Exawave_3_handover/panzer_repo/CMakeFiles/CMakeTmp -resource-dir /sw/workstations/apps/linux-ubuntu22.04-ivybridge/intel-oneapi-compilers/2022.2.1/gcc-11.3.0/k2f52ijqkzvd4hct7ccykcnys7eym6t3/compiler/2022.2.1/linux/lib/clang/15.0.0 -dependency-file CMakeFiles/cmTC_32522.dir/CMakeCCompilerABI.c.o.d -MT CMakeFiles/cmTC_32522.dir/CMakeCCompilerABI.c.o -sys-header-deps -internal-isystem /sw/workstations/apps/linux-ubuntu22.04-ivybridge/intel-oneapi-compilers/2022.2.1/gcc-11.3.0/k2f52ijqkzvd4hct7ccykcnys7eym6t3/compiler/2022.2.1/linux/bin-llvm/../compiler/include -internal-isystem /sw/workstations/apps/linux-ubuntu22.04-ivybridge/intel-oneapi-compilers/2022.2.1/gcc-11.3.0/k2f52ijqkzvd4hct7ccykcnys7eym6t3/compiler/2022.2.1/linux/lib/clang/15.0.0/include -internal-isystem /usr/local/include -internal-isystem /usr/lib/gcc/x86_64-linux-gnu/12/../../../../x86_64-linux-gnu/include -internal-externc-isystem /usr/include/x86_64-linux-gnu -internal-externc-isystem /include -internal-externc-isystem /usr/include -O3 -fdebug-compilation-dir=/media/x_plotnips/sdd1/Dropbox/PhD_proposal/work_with_david/Exawave_3_handover/panzer_repo/CMakeFiles/CMakeTmp -ferror-limit 19 -fheinous-gnu-extensions -fopenmp-late-outline -fopenmp-threadprivate-legacy -fopenmp -fgnuc-version=4.2.1 -mllvm -enable-gvn-hoist -vectorize-loops -vectorize-slp -mprefer-vector-width=256 -opt-record-file CMakeFiles/cmTC_32522.dir/CMakeCCompilerABI.c.opt.yaml -opt-record-format yaml -dwarf-debug-flags " -Wl -rpath /sw/workstations/apps/linux-ubuntu22.04-ivybridge/intel-oneapi-compilers/2022.2.1/gcc-11.3.0/k2f52ijqkzvd4hct7ccykcnys7eym6t3/compiler/2022.2.1/linux/lib -Wl -rpath /sw/workstations/apps/linux-ubuntu22.04-ivybridge/intel-oneapi-compilers/2022.2.1/gcc-11.3.0/k2f52ijqkzvd4hct7ccykcnys7eym6t3/compiler/2022.2.1/linux/lib/x64 -Wl -rpath /sw/workstations/apps/linux-ubuntu22.04-ivybridge/intel-oneapi-compilers/2022.2.1/gcc-11.3.0/k2f52ijqkzvd4hct7ccykcnys7eym6t3/compiler/2022.2.1/linux/lib/oclfpga/host/linux64/lib -Wl -rpath /sw/workstations/apps/linux-ubuntu22.04-ivybridge/intel-oneapi-compilers/2022.2.1/gcc-11.3.0/k2f52ijqkzvd4hct7ccykcnys7eym6t3/compiler/2022.2.1/linux/lib/oclfpga/linux64/lib -Wl -rpath /sw/workstations/apps/linux-ubuntu22.04-ivybridge/intel-oneapi-compilers/2022.2.1/gcc-11.3.0/k2f52ijqkzvd4hct7ccykcnys7eym6t3/compiler/2022.2.1/linux/compiler/lib/intel64_lin --gcc-toolchain=/usr --intel -march=znver2 -mtune=znver2 -O3 -ffast-math -fiopenmp -mprefer-vector-width=256 -qopt-report=5 -v -MD -MT CMakeFiles/cmTC_32522.dir/CMakeCCompilerABI.c.o -MF CMakeFiles/cmTC_32522.dir/CMakeCCompilerABI.c.o.d -o CMakeFiles/cmTC_32522.dir/CMakeCCompilerABI.c.o -c /sw/workstations/apps/linux-ubuntu22.04-ivybridge/cmake/3.24.3/gcc-11.3.0/im6us5w327xiszfjh37fer4odzrpsbgr/share/cmake-3.24/Modules/CMakeCCompilerABI.c -fveclib=SVML -fheinous-gnu-extensions" -mllvm -paropt=31 -D__GCC_HAVE_DWARF2_CFI_ASM=1 -fintel-compatibility -fintel-libirc-allowed -mllvm -disable-hir-generate-mkl-call -mllvm -loopopt=1 -floopopt-pipeline=light -mllvm -intel-abi-compatible=true -o CMakeFiles/cmTC_32522.dir/CMakeCCompilerABI.c.o -x c /sw/workstations/apps/linux-ubuntu22.04-ivybridge/cmake/3.24.3/gcc-11.3.0/im6us5w327xiszfjh37fer4odzrpsbgr/share/cmake-3.24/Modules/CMakeCCompilerABI.c]
  ignore line: [clang -cc1 version 15.0.0 based upon LLVM 15.0.0git default target x86_64-unknown-linux-gnu]
  ignore line: [ignoring nonexistent directory "/usr/lib/gcc/x86_64-linux-gnu/12/../../../../x86_64-linux-gnu/include"]
  ignore line: [ignoring nonexistent directory "/include"]
  ignore line: [#include "..." search starts here:]
  ignore line: [#include <...> search starts here:]
  ignore line: [ /sw/workstations/apps/linux-ubuntu22.04-ivybridge/intel-oneapi-compilers/2022.2.1/gcc-11.3.0/k2f52ijqkzvd4hct7ccykcnys7eym6t3/compiler/2022.2.1/linux/bin-llvm/../compiler/include]
  ignore line: [ /sw/workstations/apps/linux-ubuntu22.04-ivybridge/intel-oneapi-compilers/2022.2.1/gcc-11.3.0/k2f52ijqkzvd4hct7ccykcnys7eym6t3/compiler/2022.2.1/linux/lib/clang/15.0.0/include]
  ignore line: [ /usr/local/include]
  ignore line: [ /usr/include/x86_64-linux-gnu]
  ignore line: [ /usr/include]
  ignore line: [End of search list.]
  ignore line: [Linking C executable cmTC_32522]
  ignore line: [/sw/workstations/apps/linux-ubuntu22.04-ivybridge/cmake/3.24.3/gcc-11.3.0/im6us5w327xiszfjh37fer4odzrpsbgr/bin/cmake -E cmake_link_script CMakeFiles/cmTC_32522.dir/link.txt --verbose=1]
  ignore line: [/sw/workstations/apps/linux-ubuntu22.04-ivybridge/intel-oneapi-compilers/2022.2.1/gcc-11.3.0/k2f52ijqkzvd4hct7ccykcnys7eym6t3/compiler/2022.2.1/linux/bin/icx -march=znver2 -mtune=znver2 -O3 -ffast-math -qopenmp -mprefer-vector-width=256 -qopt-report=5 -qopt-report-phase=vec   -v CMakeFiles/cmTC_32522.dir/CMakeCCompilerABI.c.o -o cmTC_32522 ]
  ignore line: [icx: command line warning #10430: Unsupported command line options encountered]
  ignore line: [These options as listed are not supported.]
  ignore line: [For more information  use '-qnextgen-diag'.]
  ignore line: [option list: ]
  ignore line: [	-qopt-report-phase=vec]
  ignore line: [Intel(R) oneAPI DPC++/C++ Compiler 2022.2.1 (2022.2.1.20221020)]
  ignore line: [Target: x86_64-unknown-linux-gnu]
  ignore line: [Thread model: posix]
  ignore line: [InstalledDir: /sw/workstations/apps/linux-ubuntu22.04-ivybridge/intel-oneapi-compilers/2022.2.1/gcc-11.3.0/k2f52ijqkzvd4hct7ccykcnys7eym6t3/compiler/2022.2.1/linux/bin-llvm]
  ignore line: [Configuration file: /sw/workstations/apps/linux-ubuntu22.04-ivybridge/intel-oneapi-compilers/2022.2.1/gcc-11.3.0/k2f52ijqkzvd4hct7ccykcnys7eym6t3/compiler/2022.2.1/linux/bin/icx.cfg]
  ignore line: [Found candidate GCC installation: /usr/lib/gcc/x86_64-linux-gnu/11]
  ignore line: [Found candidate GCC installation: /usr/lib/gcc/x86_64-linux-gnu/12]
  ignore line: [Selected GCC installation: /usr/lib/gcc/x86_64-linux-gnu/12]
  ignore line: [Candidate multilib: .]
  ignore line: [@m64]
  ignore line: [Selected multilib: .]
  ignore line: [@m64]
  link line: [ "/usr/bin/ld" -z relro --hash-style=gnu --eh-frame-hdr -m elf_x86_64 -dynamic-linker /lib64/ld-linux-x86-64.so.2 -o cmTC_32522 /lib/x86_64-linux-gnu/crt1.o /lib/x86_64-linux-gnu/crti.o /usr/lib/gcc/x86_64-linux-gnu/12/crtbegin.o /usr/lib/gcc/x86_64-linux-gnu/12/crtfastmath.o -L/sw/workstations/apps/linux-ubuntu22.04-ivybridge/intel-oneapi-compilers/2022.2.1/gcc-11.3.0/k2f52ijqkzvd4hct7ccykcnys7eym6t3/compiler/2022.2.1/linux/bin-llvm/../compiler/lib/intel64_lin -L/sw/workstations/apps/linux-ubuntu22.04-ivybridge/intel-oneapi-compilers/2022.2.1/gcc-11.3.0/k2f52ijqkzvd4hct7ccykcnys7eym6t3/compiler/2022.2.1/linux/bin-llvm/../lib -L/sw/workstations/apps/linux-ubuntu22.04-ivybridge/intel-oneapi-compilers/2022.2.1/gcc-11.3.0/k2f52ijqkzvd4hct7ccykcnys7eym6t3/compiler/2022.2.1/linux/bin-llvm/../compiler/lib/intel64_lin -L/usr/lib/gcc/x86_64-linux-gnu/12 -L/usr/lib/gcc/x86_64-linux-gnu/12/../../../../lib64 -L/lib/x86_64-linux-gnu -L/lib/../lib64 -L/usr/lib/x86_64-linux-gnu -L/usr/lib/../lib64 -L/usr/lib/gcc/x86_64-linux-gnu/12/../../.. -L/lib -L/usr/lib -L/sw/workstations/apps/linux-ubuntu22.04-ivybridge/intel-oneapi-compilers/2022.2.1/gcc-11.3.0/k2f52ijqkzvd4hct7ccykcnys7eym6t3/compiler/2022.2.1/linux/compiler/lib/intel64_lin -L/sw/workstations/apps/linux-ubuntu22.04-ivybridge/intel-oneapi-compilers/2022.2.1/gcc-11.3.0/k2f52ijqkzvd4hct7ccykcnys7eym6t3/compiler/2022.2.1/linux/lib -rpath /sw/workstations/apps/linux-ubuntu22.04-ivybridge/intel-oneapi-compilers/2022.2.1/gcc-11.3.0/k2f52ijqkzvd4hct7ccykcnys7eym6t3/compiler/2022.2.1/linux/lib -rpath /sw/workstations/apps/linux-ubuntu22.04-ivybridge/intel-oneapi-compilers/2022.2.1/gcc-11.3.0/k2f52ijqkzvd4hct7ccykcnys7eym6t3/compiler/2022.2.1/linux/lib/x64 -rpath /sw/workstations/apps/linux-ubuntu22.04-ivybridge/intel-oneapi-compilers/2022.2.1/gcc-11.3.0/k2f52ijqkzvd4hct7ccykcnys7eym6t3/compiler/2022.2.1/linux/lib/oclfpga/host/linux64/lib -rpath /sw/workstations/apps/linux-ubuntu22.04-ivybridge/intel-oneapi-compilers/2022.2.1/gcc-11.3.0/k2f52ijqkzvd4hct7ccykcnys7eym6t3/compiler/2022.2.1/linux/lib/oclfpga/linux64/lib -rpath /sw/workstations/apps/linux-ubuntu22.04-ivybridge/intel-oneapi-compilers/2022.2.1/gcc-11.3.0/k2f52ijqkzvd4hct7ccykcnys7eym6t3/compiler/2022.2.1/linux/compiler/lib/intel64_lin CMakeFiles/cmTC_32522.dir/CMakeCCompilerABI.c.o -Bstatic -lsvml -Bdynamic -Bstatic -lirng -Bdynamic -Bstatic -limf -Bdynamic -lm -lgcc --as-needed -lgcc_s --no-as-needed -Bstatic -lirc -Bdynamic -ldl -liomp5 -L/sw/workstations/apps/linux-ubuntu22.04-ivybridge/intel-oneapi-compilers/2022.2.1/gcc-11.3.0/k2f52ijqkzvd4hct7ccykcnys7eym6t3/compiler/2022.2.1/linux/lib -lgcc --as-needed -lgcc_s --no-as-needed -lpthread -lc -lgcc --as-needed -lgcc_s --no-as-needed -Bstatic -lirc_s -Bdynamic /usr/lib/gcc/x86_64-linux-gnu/12/crtend.o /lib/x86_64-linux-gnu/crtn.o]
    arg [/usr/bin/ld] ==> ignore
    arg [-zrelro] ==> ignore
    arg [--hash-style=gnu] ==> ignore
    arg [--eh-frame-hdr] ==> ignore
    arg [-m] ==> ignore
    arg [elf_x86_64] ==> ignore
    arg [-dynamic-linker] ==> ignore
    arg [/lib64/ld-linux-x86-64.so.2] ==> ignore
    arg [-o] ==> ignore
    arg [cmTC_32522] ==> ignore
    arg [/lib/x86_64-linux-gnu/crt1.o] ==> obj [/lib/x86_64-linux-gnu/crt1.o]
    arg [/lib/x86_64-linux-gnu/crti.o] ==> obj [/lib/x86_64-linux-gnu/crti.o]
    arg [/usr/lib/gcc/x86_64-linux-gnu/12/crtbegin.o] ==> obj [/usr/lib/gcc/x86_64-linux-gnu/12/crtbegin.o]
    arg [/usr/lib/gcc/x86_64-linux-gnu/12/crtfastmath.o] ==> obj [/usr/lib/gcc/x86_64-linux-gnu/12/crtfastmath.o]
    arg [-L/sw/workstations/apps/linux-ubuntu22.04-ivybridge/intel-oneapi-compilers/2022.2.1/gcc-11.3.0/k2f52ijqkzvd4hct7ccykcnys7eym6t3/compiler/2022.2.1/linux/bin-llvm/../compiler/lib/intel64_lin] ==> dir [/sw/workstations/apps/linux-ubuntu22.04-ivybridge/intel-oneapi-compilers/2022.2.1/gcc-11.3.0/k2f52ijqkzvd4hct7ccykcnys7eym6t3/compiler/2022.2.1/linux/bin-llvm/../compiler/lib/intel64_lin]
    arg [-L/sw/workstations/apps/linux-ubuntu22.04-ivybridge/intel-oneapi-compilers/2022.2.1/gcc-11.3.0/k2f52ijqkzvd4hct7ccykcnys7eym6t3/compiler/2022.2.1/linux/bin-llvm/../lib] ==> dir [/sw/workstations/apps/linux-ubuntu22.04-ivybridge/intel-oneapi-compilers/2022.2.1/gcc-11.3.0/k2f52ijqkzvd4hct7ccykcnys7eym6t3/compiler/2022.2.1/linux/bin-llvm/../lib]
    arg [-L/sw/workstations/apps/linux-ubuntu22.04-ivybridge/intel-oneapi-compilers/2022.2.1/gcc-11.3.0/k2f52ijqkzvd4hct7ccykcnys7eym6t3/compiler/2022.2.1/linux/bin-llvm/../compiler/lib/intel64_lin] ==> dir [/sw/workstations/apps/linux-ubuntu22.04-ivybridge/intel-oneapi-compilers/2022.2.1/gcc-11.3.0/k2f52ijqkzvd4hct7ccykcnys7eym6t3/compiler/2022.2.1/linux/bin-llvm/../compiler/lib/intel64_lin]
    arg [-L/usr/lib/gcc/x86_64-linux-gnu/12] ==> dir [/usr/lib/gcc/x86_64-linux-gnu/12]
    arg [-L/usr/lib/gcc/x86_64-linux-gnu/12/../../../../lib64] ==> dir [/usr/lib/gcc/x86_64-linux-gnu/12/../../../../lib64]
    arg [-L/lib/x86_64-linux-gnu] ==> dir [/lib/x86_64-linux-gnu]
    arg [-L/lib/../lib64] ==> dir [/lib/../lib64]
    arg [-L/usr/lib/x86_64-linux-gnu] ==> dir [/usr/lib/x86_64-linux-gnu]
    arg [-L/usr/lib/../lib64] ==> dir [/usr/lib/../lib64]
    arg [-L/usr/lib/gcc/x86_64-linux-gnu/12/../../..] ==> dir [/usr/lib/gcc/x86_64-linux-gnu/12/../../..]
    arg [-L/lib] ==> dir [/lib]
    arg [-L/usr/lib] ==> dir [/usr/lib]
    arg [-L/sw/workstations/apps/linux-ubuntu22.04-ivybridge/intel-oneapi-compilers/2022.2.1/gcc-11.3.0/k2f52ijqkzvd4hct7ccykcnys7eym6t3/compiler/2022.2.1/linux/compiler/lib/intel64_lin] ==> dir [/sw/workstations/apps/linux-ubuntu22.04-ivybridge/intel-oneapi-compilers/2022.2.1/gcc-11.3.0/k2f52ijqkzvd4hct7ccykcnys7eym6t3/compiler/2022.2.1/linux/compiler/lib/intel64_lin]
    arg [-L/sw/workstations/apps/linux-ubuntu22.04-ivybridge/intel-oneapi-compilers/2022.2.1/gcc-11.3.0/k2f52ijqkzvd4hct7ccykcnys7eym6t3/compiler/2022.2.1/linux/lib] ==> dir [/sw/workstations/apps/linux-ubuntu22.04-ivybridge/intel-oneapi-compilers/2022.2.1/gcc-11.3.0/k2f52ijqkzvd4hct7ccykcnys7eym6t3/compiler/2022.2.1/linux/lib]
    arg [-rpath] ==> ignore
    arg [/sw/workstations/apps/linux-ubuntu22.04-ivybridge/intel-oneapi-compilers/2022.2.1/gcc-11.3.0/k2f52ijqkzvd4hct7ccykcnys7eym6t3/compiler/2022.2.1/linux/lib] ==> ignore
    arg [-rpath] ==> ignore
    arg [/sw/workstations/apps/linux-ubuntu22.04-ivybridge/intel-oneapi-compilers/2022.2.1/gcc-11.3.0/k2f52ijqkzvd4hct7ccykcnys7eym6t3/compiler/2022.2.1/linux/lib/x64] ==> ignore
    arg [-rpath] ==> ignore
    arg [/sw/workstations/apps/linux-ubuntu22.04-ivybridge/intel-oneapi-compilers/2022.2.1/gcc-11.3.0/k2f52ijqkzvd4hct7ccykcnys7eym6t3/compiler/2022.2.1/linux/lib/oclfpga/host/linux64/lib] ==> ignore
    arg [-rpath] ==> ignore
    arg [/sw/workstations/apps/linux-ubuntu22.04-ivybridge/intel-oneapi-compilers/2022.2.1/gcc-11.3.0/k2f52ijqkzvd4hct7ccykcnys7eym6t3/compiler/2022.2.1/linux/lib/oclfpga/linux64/lib] ==> ignore
    arg [-rpath] ==> ignore
    arg [/sw/workstations/apps/linux-ubuntu22.04-ivybridge/intel-oneapi-compilers/2022.2.1/gcc-11.3.0/k2f52ijqkzvd4hct7ccykcnys7eym6t3/compiler/2022.2.1/linux/compiler/lib/intel64_lin] ==> ignore
    arg [CMakeFiles/cmTC_32522.dir/CMakeCCompilerABI.c.o] ==> ignore
    arg [-Bstatic] ==> search static
    arg [-lsvml] ==> lib [svml]
    arg [-Bdynamic] ==> search dynamic
    arg [-Bstatic] ==> search static
    arg [-lirng] ==> lib [irng]
    arg [-Bdynamic] ==> search dynamic
    arg [-Bstatic] ==> search static
    arg [-limf] ==> lib [imf]
    arg [-Bdynamic] ==> search dynamic
    arg [-lm] ==> lib [m]
    arg [-lgcc] ==> lib [gcc]
    arg [--as-needed] ==> ignore
    arg [-lgcc_s] ==> lib [gcc_s]
    arg [--no-as-needed] ==> ignore
    arg [-Bstatic] ==> search static
    arg [-lirc] ==> lib [irc]
    arg [-Bdynamic] ==> search dynamic
    arg [-ldl] ==> lib [dl]
    arg [-liomp5] ==> lib [iomp5]
    arg [-L/sw/workstations/apps/linux-ubuntu22.04-ivybridge/intel-oneapi-compilers/2022.2.1/gcc-11.3.0/k2f52ijqkzvd4hct7ccykcnys7eym6t3/compiler/2022.2.1/linux/lib] ==> dir [/sw/workstations/apps/linux-ubuntu22.04-ivybridge/intel-oneapi-compilers/2022.2.1/gcc-11.3.0/k2f52ijqkzvd4hct7ccykcnys7eym6t3/compiler/2022.2.1/linux/lib]
    arg [-lgcc] ==> lib [gcc]
    arg [--as-needed] ==> ignore
    arg [-lgcc_s] ==> lib [gcc_s]
    arg [--no-as-needed] ==> ignore
    arg [-lpthread] ==> lib [pthread]
    arg [-lc] ==> lib [c]
    arg [-lgcc] ==> lib [gcc]
    arg [--as-needed] ==> ignore
    arg [-lgcc_s] ==> lib [gcc_s]
    arg [--no-as-needed] ==> ignore
    arg [-Bstatic] ==> search static
    arg [-lirc_s] ==> lib [irc_s]
    arg [-Bdynamic] ==> search dynamic
    arg [/usr/lib/gcc/x86_64-linux-gnu/12/crtend.o] ==> obj [/usr/lib/gcc/x86_64-linux-gnu/12/crtend.o]
    arg [/lib/x86_64-linux-gnu/crtn.o] ==> obj [/lib/x86_64-linux-gnu/crtn.o]
  collapse library dir [/sw/workstations/apps/linux-ubuntu22.04-ivybridge/intel-oneapi-compilers/2022.2.1/gcc-11.3.0/k2f52ijqkzvd4hct7ccykcnys7eym6t3/compiler/2022.2.1/linux/bin-llvm/../compiler/lib/intel64_lin] ==> [/sw/workstations/apps/linux-ubuntu22.04-ivybridge/intel-oneapi-compilers/2022.2.1/gcc-11.3.0/k2f52ijqkzvd4hct7ccykcnys7eym6t3/compiler/2022.2.1/linux/compiler/lib/intel64_lin]
  collapse library dir [/sw/workstations/apps/linux-ubuntu22.04-ivybridge/intel-oneapi-compilers/2022.2.1/gcc-11.3.0/k2f52ijqkzvd4hct7ccykcnys7eym6t3/compiler/2022.2.1/linux/bin-llvm/../lib] ==> [/sw/workstations/apps/linux-ubuntu22.04-ivybridge/intel-oneapi-compilers/2022.2.1/gcc-11.3.0/k2f52ijqkzvd4hct7ccykcnys7eym6t3/compiler/2022.2.1/linux/lib]
  collapse library dir [/sw/workstations/apps/linux-ubuntu22.04-ivybridge/intel-oneapi-compilers/2022.2.1/gcc-11.3.0/k2f52ijqkzvd4hct7ccykcnys7eym6t3/compiler/2022.2.1/linux/bin-llvm/../compiler/lib/intel64_lin] ==> [/sw/workstations/apps/linux-ubuntu22.04-ivybridge/intel-oneapi-compilers/2022.2.1/gcc-11.3.0/k2f52ijqkzvd4hct7ccykcnys7eym6t3/compiler/2022.2.1/linux/compiler/lib/intel64_lin]
  collapse library dir [/usr/lib/gcc/x86_64-linux-gnu/12] ==> [/usr/lib/gcc/x86_64-linux-gnu/12]
  collapse library dir [/usr/lib/gcc/x86_64-linux-gnu/12/../../../../lib64] ==> [/usr/lib64]
  collapse library dir [/lib/x86_64-linux-gnu] ==> [/lib/x86_64-linux-gnu]
  collapse library dir [/lib/../lib64] ==> [/lib64]
  collapse library dir [/usr/lib/x86_64-linux-gnu] ==> [/usr/lib/x86_64-linux-gnu]
  collapse library dir [/usr/lib/../lib64] ==> [/usr/lib64]
  collapse library dir [/usr/lib/gcc/x86_64-linux-gnu/12/../../..] ==> [/usr/lib]
  collapse library dir [/lib] ==> [/lib]
  collapse library dir [/usr/lib] ==> [/usr/lib]
  collapse library dir [/sw/workstations/apps/linux-ubuntu22.04-ivybridge/intel-oneapi-compilers/2022.2.1/gcc-11.3.0/k2f52ijqkzvd4hct7ccykcnys7eym6t3/compiler/2022.2.1/linux/compiler/lib/intel64_lin] ==> [/sw/workstations/apps/linux-ubuntu22.04-ivybridge/intel-oneapi-compilers/2022.2.1/gcc-11.3.0/k2f52ijqkzvd4hct7ccykcnys7eym6t3/compiler/2022.2.1/linux/compiler/lib/intel64_lin]
  collapse library dir [/sw/workstations/apps/linux-ubuntu22.04-ivybridge/intel-oneapi-compilers/2022.2.1/gcc-11.3.0/k2f52ijqkzvd4hct7ccykcnys7eym6t3/compiler/2022.2.1/linux/lib] ==> [/sw/workstations/apps/linux-ubuntu22.04-ivybridge/intel-oneapi-compilers/2022.2.1/gcc-11.3.0/k2f52ijqkzvd4hct7ccykcnys7eym6t3/compiler/2022.2.1/linux/lib]
  collapse library dir [/sw/workstations/apps/linux-ubuntu22.04-ivybridge/intel-oneapi-compilers/2022.2.1/gcc-11.3.0/k2f52ijqkzvd4hct7ccykcnys7eym6t3/compiler/2022.2.1/linux/lib] ==> [/sw/workstations/apps/linux-ubuntu22.04-ivybridge/intel-oneapi-compilers/2022.2.1/gcc-11.3.0/k2f52ijqkzvd4hct7ccykcnys7eym6t3/compiler/2022.2.1/linux/lib]
  implicit libs: [svml;irng;imf;m;gcc;gcc_s;irc;dl;iomp5;gcc;gcc_s;pthread;c;gcc;gcc_s;irc_s]
  implicit objs: [/lib/x86_64-linux-gnu/crt1.o;/lib/x86_64-linux-gnu/crti.o;/usr/lib/gcc/x86_64-linux-gnu/12/crtbegin.o;/usr/lib/gcc/x86_64-linux-gnu/12/crtfastmath.o;/usr/lib/gcc/x86_64-linux-gnu/12/crtend.o;/lib/x86_64-linux-gnu/crtn.o]
  implicit dirs: [/sw/workstations/apps/linux-ubuntu22.04-ivybridge/intel-oneapi-compilers/2022.2.1/gcc-11.3.0/k2f52ijqkzvd4hct7ccykcnys7eym6t3/compiler/2022.2.1/linux/compiler/lib/intel64_lin;/sw/workstations/apps/linux-ubuntu22.04-ivybridge/intel-oneapi-compilers/2022.2.1/gcc-11.3.0/k2f52ijqkzvd4hct7ccykcnys7eym6t3/compiler/2022.2.1/linux/lib;/usr/lib/gcc/x86_64-linux-gnu/12;/usr/lib64;/lib/x86_64-linux-gnu;/lib64;/usr/lib/x86_64-linux-gnu;/usr/lib;/lib]
  implicit fwks: []


Detecting C OpenMP compiler ABI info compiled with the following output:
Change Dir: /media/x_plotnips/sdd1/Dropbox/PhD_proposal/work_with_david/Exawave_3_handover/panzer_repo/CMakeFiles/CMakeTmp

Run Build Command(s):/usr/bin/gmake -f Makefile cmTC_45194/fast && /usr/bin/gmake  -f CMakeFiles/cmTC_45194.dir/build.make CMakeFiles/cmTC_45194.dir/build
gmake[1]: Entering directory '/media/x_plotnips/sdd1/Dropbox/PhD_proposal/work_with_david/Exawave_3_handover/panzer_repo/CMakeFiles/CMakeTmp'
Building C object CMakeFiles/cmTC_45194.dir/OpenMPTryFlag.c.o
/sw/workstations/apps/linux-ubuntu22.04-ivybridge/intel-oneapi-compilers/2022.2.1/gcc-11.3.0/k2f52ijqkzvd4hct7ccykcnys7eym6t3/compiler/2022.2.1/linux/bin/icx   -march=znver2 -mtune=znver2 -O3 -ffast-math -qopenmp -mprefer-vector-width=256 -qopt-report=5 -qopt-report-phase=vec -fiopenmp -v -MD -MT CMakeFiles/cmTC_45194.dir/OpenMPTryFlag.c.o -MF CMakeFiles/cmTC_45194.dir/OpenMPTryFlag.c.o.d -o CMakeFiles/cmTC_45194.dir/OpenMPTryFlag.c.o -c /media/x_plotnips/sdd1/Dropbox/PhD_proposal/work_with_david/Exawave_3_handover/panzer_repo/CMakeFiles/FindOpenMP/OpenMPTryFlag.c
icx: command line warning #10430: Unsupported command line options encountered
These options as listed are not supported.
For more information, use '-qnextgen-diag'.
option list: 
	-qopt-report-phase=vec
Intel(R) oneAPI DPC++/C++ Compiler 2022.2.1 (2022.2.1.20221020)
Target: x86_64-unknown-linux-gnu
Thread model: posix
InstalledDir: /sw/workstations/apps/linux-ubuntu22.04-ivybridge/intel-oneapi-compilers/2022.2.1/gcc-11.3.0/k2f52ijqkzvd4hct7ccykcnys7eym6t3/compiler/2022.2.1/linux/bin-llvm
Configuration file: /sw/workstations/apps/linux-ubuntu22.04-ivybridge/intel-oneapi-compilers/2022.2.1/gcc-11.3.0/k2f52ijqkzvd4hct7ccykcnys7eym6t3/compiler/2022.2.1/linux/bin/icx.cfg
Found candidate GCC installation: /usr/lib/gcc/x86_64-linux-gnu/11
Found candidate GCC installation: /usr/lib/gcc/x86_64-linux-gnu/12
Selected GCC installation: /usr/lib/gcc/x86_64-linux-gnu/12
Candidate multilib: .;@m64
Selected multilib: .;@m64
icx: warning: argument unused during compilation: '-qopt-report=5' [-Wunused-command-line-argument]
 (in-process)
 "/sw/workstations/apps/linux-ubuntu22.04-ivybridge/intel-oneapi-compilers/2022.2.1/gcc-11.3.0/k2f52ijqkzvd4hct7ccykcnys7eym6t3/compiler/2022.2.1/linux/bin-llvm/clang" -cc1 -triple x86_64-unknown-linux-gnu -emit-obj --mrelax-relocations -disable-free -clear-ast-before-backend -disable-llvm-verifier -discard-value-names -main-file-name OpenMPTryFlag.c -mrelocation-model static -fveclib=SVML -mframe-pointer=none -menable-no-infs -menable-no-nans -fapprox-func -menable-unsafe-fp-math -fno-signed-zeros -mreassociate -freciprocal-math -fdenormal-fp-math=preserve-sign,preserve-sign -ffp-contract=fast -fno-rounding-math -ffast-math -ffinite-math-only -mconstructor-aliases -funwind-tables=2 -target-cpu znver2 -mllvm -x86-enable-unaligned-vector-move=true -tune-cpu znver2 -mllvm -treat-scalable-fixed-error-as-warning -debug-info-kind=line-tables-only -debugger-tuning=gdb -v -fcoverage-compilation-dir=/media/x_plotnips/sdd1/Dropbox/PhD_proposal/work_with_david/Exawave_3_handover/panzer_repo/CMakeFiles/CMakeTmp -resource-dir /sw/workstations/apps/linux-ubuntu22.04-ivybridge/intel-oneapi-compilers/2022.2.1/gcc-11.3.0/k2f52ijqkzvd4hct7ccykcnys7eym6t3/compiler/2022.2.1/linux/lib/clang/15.0.0 -dependency-file CMakeFiles/cmTC_45194.dir/OpenMPTryFlag.c.o.d -MT CMakeFiles/cmTC_45194.dir/OpenMPTryFlag.c.o -sys-header-deps -internal-isystem /sw/workstations/apps/linux-ubuntu22.04-ivybridge/intel-oneapi-compilers/2022.2.1/gcc-11.3.0/k2f52ijqkzvd4hct7ccykcnys7eym6t3/compiler/2022.2.1/linux/bin-llvm/../compiler/include -internal-isystem /sw/workstations/apps/linux-ubuntu22.04-ivybridge/intel-oneapi-compilers/2022.2.1/gcc-11.3.0/k2f52ijqkzvd4hct7ccykcnys7eym6t3/compiler/2022.2.1/linux/lib/clang/15.0.0/include -internal-isystem /usr/local/include -internal-isystem /usr/lib/gcc/x86_64-linux-gnu/12/../../../../x86_64-linux-gnu/include -internal-externc-isystem /usr/include/x86_64-linux-gnu -internal-externc-isystem /include -internal-externc-isystem /usr/include -O3 -fdebug-compilation-dir=/media/x_plotnips/sdd1/Dropbox/PhD_proposal/work_with_david/Exawave_3_handover/panzer_repo/CMakeFiles/CMakeTmp -ferror-limit 19 -fheinous-gnu-extensions -fopenmp-late-outline -fopenmp-threadprivate-legacy -fopenmp -fgnuc-version=4.2.1 -mllvm -enable-gvn-hoist -vectorize-loops -vectorize-slp -mprefer-vector-width=256 -opt-record-file CMakeFiles/cmTC_45194.dir/OpenMPTryFlag.c.opt.yaml -opt-record-format yaml -dwarf-debug-flags " -Wl,-rpath,/sw/workstations/apps/linux-ubuntu22.04-ivybridge/intel-oneapi-compilers/2022.2.1/gcc-11.3.0/k2f52ijqkzvd4hct7ccykcnys7eym6t3/compiler/2022.2.1/linux/lib -Wl,-rpath,/sw/workstations/apps/linux-ubuntu22.04-ivybridge/intel-oneapi-compilers/2022.2.1/gcc-11.3.0/k2f52ijqkzvd4hct7ccykcnys7eym6t3/compiler/2022.2.1/linux/lib/x64 -Wl,-rpath,/sw/workstations/apps/linux-ubuntu22.04-ivybridge/intel-oneapi-compilers/2022.2.1/gcc-11.3.0/k2f52ijqkzvd4hct7ccykcnys7eym6t3/compiler/2022.2.1/linux/lib/oclfpga/host/linux64/lib -Wl,-rpath,/sw/workstations/apps/linux-ubuntu22.04-ivybridge/intel-oneapi-compilers/2022.2.1/gcc-11.3.0/k2f52ijqkzvd4hct7ccykcnys7eym6t3/compiler/2022.2.1/linux/lib/oclfpga/linux64/lib -Wl,-rpath,/sw/workstations/apps/linux-ubuntu22.04-ivybridge/intel-oneapi-compilers/2022.2.1/gcc-11.3.0/k2f52ijqkzvd4hct7ccykcnys7eym6t3/compiler/2022.2.1/linux/compiler/lib/intel64_lin --gcc-toolchain=/usr --intel -march=znver2 -mtune=znver2 -O3 -ffast-math -fiopenmp -mprefer-vector-width=256 -qopt-report=5 -fiopenmp -v -MD -MT CMakeFiles/cmTC_45194.dir/OpenMPTryFlag.c.o -MF CMakeFiles/cmTC_45194.dir/OpenMPTryFlag.c.o.d -o CMakeFiles/cmTC_45194.dir/OpenMPTryFlag.c.o -c /media/x_plotnips/sdd1/Dropbox/PhD_proposal/work_with_david/Exawave_3_handover/panzer_repo/CMakeFiles/FindOpenMP/OpenMPTryFlag.c -fveclib=SVML -fheinous-gnu-extensions" -mllvm -paropt=31 -D__GCC_HAVE_DWARF2_CFI_ASM=1 -fintel-compatibility -fintel-libirc-allowed -mllvm -disable-hir-generate-mkl-call -mllvm -loopopt=1 -floopopt-pipeline=light -mllvm -intel-abi-compatible=true -o CMakeFiles/cmTC_45194.dir/OpenMPTryFlag.c.o -x c /media/x_plotnips/sdd1/Dropbox/PhD_proposal/work_with_david/Exawave_3_handover/panzer_repo/CMakeFiles/FindOpenMP/OpenMPTryFlag.c
clang -cc1 version 15.0.0 based upon LLVM 15.0.0git default target x86_64-unknown-linux-gnu
ignoring nonexistent directory "/usr/lib/gcc/x86_64-linux-gnu/12/../../../../x86_64-linux-gnu/include"
ignoring nonexistent directory "/include"
#include "..." search starts here:
#include <...> search starts here:
 /sw/workstations/apps/linux-ubuntu22.04-ivybridge/intel-oneapi-compilers/2022.2.1/gcc-11.3.0/k2f52ijqkzvd4hct7ccykcnys7eym6t3/compiler/2022.2.1/linux/bin-llvm/../compiler/include
 /sw/workstations/apps/linux-ubuntu22.04-ivybridge/intel-oneapi-compilers/2022.2.1/gcc-11.3.0/k2f52ijqkzvd4hct7ccykcnys7eym6t3/compiler/2022.2.1/linux/lib/clang/15.0.0/include
 /usr/local/include
 /usr/include/x86_64-linux-gnu
 /usr/include
End of search list.
Linking C executable cmTC_45194
/sw/workstations/apps/linux-ubuntu22.04-ivybridge/cmake/3.24.3/gcc-11.3.0/im6us5w327xiszfjh37fer4odzrpsbgr/bin/cmake -E cmake_link_script CMakeFiles/cmTC_45194.dir/link.txt --verbose=1
/sw/workstations/apps/linux-ubuntu22.04-ivybridge/intel-oneapi-compilers/2022.2.1/gcc-11.3.0/k2f52ijqkzvd4hct7ccykcnys7eym6t3/compiler/2022.2.1/linux/bin/icx -march=znver2 -mtune=znver2 -O3 -ffast-math -qopenmp -mprefer-vector-width=256 -qopt-report=5 -qopt-report-phase=vec -fiopenmp -v CMakeFiles/cmTC_45194.dir/OpenMPTryFlag.c.o -o cmTC_45194  -v 
icx: command line warning #10430: Unsupported command line options encountered
These options as listed are not supported.
For more information, use '-qnextgen-diag'.
option list: 
	-qopt-report-phase=vec
Intel(R) oneAPI DPC++/C++ Compiler 2022.2.1 (2022.2.1.20221020)
Target: x86_64-unknown-linux-gnu
Thread model: posix
InstalledDir: /sw/workstations/apps/linux-ubuntu22.04-ivybridge/intel-oneapi-compilers/2022.2.1/gcc-11.3.0/k2f52ijqkzvd4hct7ccykcnys7eym6t3/compiler/2022.2.1/linux/bin-llvm
Configuration file: /sw/workstations/apps/linux-ubuntu22.04-ivybridge/intel-oneapi-compilers/2022.2.1/gcc-11.3.0/k2f52ijqkzvd4hct7ccykcnys7eym6t3/compiler/2022.2.1/linux/bin/icx.cfg
Found candidate GCC installation: /usr/lib/gcc/x86_64-linux-gnu/11
Found candidate GCC installation: /usr/lib/gcc/x86_64-linux-gnu/12
Selected GCC installation: /usr/lib/gcc/x86_64-linux-gnu/12
Candidate multilib: .;@m64
Selected multilib: .;@m64
 "/usr/bin/ld" -z relro --hash-style=gnu --eh-frame-hdr -m elf_x86_64 -dynamic-linker /lib64/ld-linux-x86-64.so.2 -o cmTC_45194 /lib/x86_64-linux-gnu/crt1.o /lib/x86_64-linux-gnu/crti.o /usr/lib/gcc/x86_64-linux-gnu/12/crtbegin.o /usr/lib/gcc/x86_64-linux-gnu/12/crtfastmath.o -L/sw/workstations/apps/linux-ubuntu22.04-ivybridge/intel-oneapi-compilers/2022.2.1/gcc-11.3.0/k2f52ijqkzvd4hct7ccykcnys7eym6t3/compiler/2022.2.1/linux/bin-llvm/../compiler/lib/intel64_lin -L/sw/workstations/apps/linux-ubuntu22.04-ivybridge/intel-oneapi-compilers/2022.2.1/gcc-11.3.0/k2f52ijqkzvd4hct7ccykcnys7eym6t3/compiler/2022.2.1/linux/bin-llvm/../lib -L/sw/workstations/apps/linux-ubuntu22.04-ivybridge/intel-oneapi-compilers/2022.2.1/gcc-11.3.0/k2f52ijqkzvd4hct7ccykcnys7eym6t3/compiler/2022.2.1/linux/bin-llvm/../compiler/lib/intel64_lin -L/usr/lib/gcc/x86_64-linux-gnu/12 -L/usr/lib/gcc/x86_64-linux-gnu/12/../../../../lib64 -L/lib/x86_64-linux-gnu -L/lib/../lib64 -L/usr/lib/x86_64-linux-gnu -L/usr/lib/../lib64 -L/usr/lib/gcc/x86_64-linux-gnu/12/../../.. -L/lib -L/usr/lib -L/sw/workstations/apps/linux-ubuntu22.04-ivybridge/intel-oneapi-compilers/2022.2.1/gcc-11.3.0/k2f52ijqkzvd4hct7ccykcnys7eym6t3/compiler/2022.2.1/linux/compiler/lib/intel64_lin -L/sw/workstations/apps/linux-ubuntu22.04-ivybridge/intel-oneapi-compilers/2022.2.1/gcc-11.3.0/k2f52ijqkzvd4hct7ccykcnys7eym6t3/compiler/2022.2.1/linux/lib -rpath /sw/workstations/apps/linux-ubuntu22.04-ivybridge/intel-oneapi-compilers/2022.2.1/gcc-11.3.0/k2f52ijqkzvd4hct7ccykcnys7eym6t3/compiler/2022.2.1/linux/lib -rpath /sw/workstations/apps/linux-ubuntu22.04-ivybridge/intel-oneapi-compilers/2022.2.1/gcc-11.3.0/k2f52ijqkzvd4hct7ccykcnys7eym6t3/compiler/2022.2.1/linux/lib/x64 -rpath /sw/workstations/apps/linux-ubuntu22.04-ivybridge/intel-oneapi-compilers/2022.2.1/gcc-11.3.0/k2f52ijqkzvd4hct7ccykcnys7eym6t3/compiler/2022.2.1/linux/lib/oclfpga/host/linux64/lib -rpath /sw/workstations/apps/linux-ubuntu22.04-ivybridge/intel-oneapi-compilers/2022.2.1/gcc-11.3.0/k2f52ijqkzvd4hct7ccykcnys7eym6t3/compiler/2022.2.1/linux/lib/oclfpga/linux64/lib -rpath /sw/workstations/apps/linux-ubuntu22.04-ivybridge/intel-oneapi-compilers/2022.2.1/gcc-11.3.0/k2f52ijqkzvd4hct7ccykcnys7eym6t3/compiler/2022.2.1/linux/compiler/lib/intel64_lin CMakeFiles/cmTC_45194.dir/OpenMPTryFlag.c.o -Bstatic -lsvml -Bdynamic -Bstatic -lirng -Bdynamic -Bstatic -limf -Bdynamic -lm -lgcc --as-needed -lgcc_s --no-as-needed -Bstatic -lirc -Bdynamic -ldl -liomp5 -L/sw/workstations/apps/linux-ubuntu22.04-ivybridge/intel-oneapi-compilers/2022.2.1/gcc-11.3.0/k2f52ijqkzvd4hct7ccykcnys7eym6t3/compiler/2022.2.1/linux/lib -lgcc --as-needed -lgcc_s --no-as-needed -lpthread -lc -lgcc --as-needed -lgcc_s --no-as-needed -Bstatic -lirc_s -Bdynamic /usr/lib/gcc/x86_64-linux-gnu/12/crtend.o /lib/x86_64-linux-gnu/crtn.o
gmake[1]: Leaving directory '/media/x_plotnips/sdd1/Dropbox/PhD_proposal/work_with_david/Exawave_3_handover/panzer_repo/CMakeFiles/CMakeTmp'



Parsed C OpenMP implicit link information from above output:
  link line regex: [^( *|.*[/\])(ld|CMAKE_LINK_STARTFILE-NOTFOUND|([^/\]+-)?ld|collect2)[^/\]*( |$)]
  ignore line: [Change Dir: /media/x_plotnips/sdd1/Dropbox/PhD_proposal/work_with_david/Exawave_3_handover/panzer_repo/CMakeFiles/CMakeTmp]
  ignore line: []
  ignore line: [Run Build Command(s):/usr/bin/gmake -f Makefile cmTC_45194/fast && /usr/bin/gmake  -f CMakeFiles/cmTC_45194.dir/build.make CMakeFiles/cmTC_45194.dir/build]
  ignore line: [gmake[1]: Entering directory '/media/x_plotnips/sdd1/Dropbox/PhD_proposal/work_with_david/Exawave_3_handover/panzer_repo/CMakeFiles/CMakeTmp']
  ignore line: [Building C object CMakeFiles/cmTC_45194.dir/OpenMPTryFlag.c.o]
  ignore line: [/sw/workstations/apps/linux-ubuntu22.04-ivybridge/intel-oneapi-compilers/2022.2.1/gcc-11.3.0/k2f52ijqkzvd4hct7ccykcnys7eym6t3/compiler/2022.2.1/linux/bin/icx   -march=znver2 -mtune=znver2 -O3 -ffast-math -qopenmp -mprefer-vector-width=256 -qopt-report=5 -qopt-report-phase=vec -fiopenmp -v -MD -MT CMakeFiles/cmTC_45194.dir/OpenMPTryFlag.c.o -MF CMakeFiles/cmTC_45194.dir/OpenMPTryFlag.c.o.d -o CMakeFiles/cmTC_45194.dir/OpenMPTryFlag.c.o -c /media/x_plotnips/sdd1/Dropbox/PhD_proposal/work_with_david/Exawave_3_handover/panzer_repo/CMakeFiles/FindOpenMP/OpenMPTryFlag.c]
  ignore line: [icx: command line warning #10430: Unsupported command line options encountered]
  ignore line: [These options as listed are not supported.]
  ignore line: [For more information  use '-qnextgen-diag'.]
  ignore line: [option list: ]
  ignore line: [	-qopt-report-phase=vec]
  ignore line: [Intel(R) oneAPI DPC++/C++ Compiler 2022.2.1 (2022.2.1.20221020)]
  ignore line: [Target: x86_64-unknown-linux-gnu]
  ignore line: [Thread model: posix]
  ignore line: [InstalledDir: /sw/workstations/apps/linux-ubuntu22.04-ivybridge/intel-oneapi-compilers/2022.2.1/gcc-11.3.0/k2f52ijqkzvd4hct7ccykcnys7eym6t3/compiler/2022.2.1/linux/bin-llvm]
  ignore line: [Configuration file: /sw/workstations/apps/linux-ubuntu22.04-ivybridge/intel-oneapi-compilers/2022.2.1/gcc-11.3.0/k2f52ijqkzvd4hct7ccykcnys7eym6t3/compiler/2022.2.1/linux/bin/icx.cfg]
  ignore line: [Found candidate GCC installation: /usr/lib/gcc/x86_64-linux-gnu/11]
  ignore line: [Found candidate GCC installation: /usr/lib/gcc/x86_64-linux-gnu/12]
  ignore line: [Selected GCC installation: /usr/lib/gcc/x86_64-linux-gnu/12]
  ignore line: [Candidate multilib: .]
  ignore line: [@m64]
  ignore line: [Selected multilib: .]
  ignore line: [@m64]
  ignore line: [icx: warning: argument unused during compilation: '-qopt-report=5' [-Wunused-command-line-argument]]
  ignore line: [ (in-process)]
  ignore line: [ "/sw/workstations/apps/linux-ubuntu22.04-ivybridge/intel-oneapi-compilers/2022.2.1/gcc-11.3.0/k2f52ijqkzvd4hct7ccykcnys7eym6t3/compiler/2022.2.1/linux/bin-llvm/clang" -cc1 -triple x86_64-unknown-linux-gnu -emit-obj --mrelax-relocations -disable-free -clear-ast-before-backend -disable-llvm-verifier -discard-value-names -main-file-name OpenMPTryFlag.c -mrelocation-model static -fveclib=SVML -mframe-pointer=none -menable-no-infs -menable-no-nans -fapprox-func -menable-unsafe-fp-math -fno-signed-zeros -mreassociate -freciprocal-math -fdenormal-fp-math=preserve-sign preserve-sign -ffp-contract=fast -fno-rounding-math -ffast-math -ffinite-math-only -mconstructor-aliases -funwind-tables=2 -target-cpu znver2 -mllvm -x86-enable-unaligned-vector-move=true -tune-cpu znver2 -mllvm -treat-scalable-fixed-error-as-warning -debug-info-kind=line-tables-only -debugger-tuning=gdb -v -fcoverage-compilation-dir=/media/x_plotnips/sdd1/Dropbox/PhD_proposal/work_with_david/Exawave_3_handover/panzer_repo/CMakeFiles/CMakeTmp -resource-dir /sw/workstations/apps/linux-ubuntu22.04-ivybridge/intel-oneapi-compilers/2022.2.1/gcc-11.3.0/k2f52ijqkzvd4hct7ccykcnys7eym6t3/compiler/2022.2.1/linux/lib/clang/15.0.0 -dependency-file CMakeFiles/cmTC_45194.dir/OpenMPTryFlag.c.o.d -MT CMakeFiles/cmTC_45194.dir/OpenMPTryFlag.c.o -sys-header-deps -internal-isystem /sw/workstations/apps/linux-ubuntu22.04-ivybridge/intel-oneapi-compilers/2022.2.1/gcc-11.3.0/k2f52ijqkzvd4hct7ccykcnys7eym6t3/compiler/2022.2.1/linux/bin-llvm/../compiler/include -internal-isystem /sw/workstations/apps/linux-ubuntu22.04-ivybridge/intel-oneapi-compilers/2022.2.1/gcc-11.3.0/k2f52ijqkzvd4hct7ccykcnys7eym6t3/compiler/2022.2.1/linux/lib/clang/15.0.0/include -internal-isystem /usr/local/include -internal-isystem /usr/lib/gcc/x86_64-linux-gnu/12/../../../../x86_64-linux-gnu/include -internal-externc-isystem /usr/include/x86_64-linux-gnu -internal-externc-isystem /include -internal-externc-isystem /usr/include -O3 -fdebug-compilation-dir=/media/x_plotnips/sdd1/Dropbox/PhD_proposal/work_with_david/Exawave_3_handover/panzer_repo/CMakeFiles/CMakeTmp -ferror-limit 19 -fheinous-gnu-extensions -fopenmp-late-outline -fopenmp-threadprivate-legacy -fopenmp -fgnuc-version=4.2.1 -mllvm -enable-gvn-hoist -vectorize-loops -vectorize-slp -mprefer-vector-width=256 -opt-record-file CMakeFiles/cmTC_45194.dir/OpenMPTryFlag.c.opt.yaml -opt-record-format yaml -dwarf-debug-flags " -Wl -rpath /sw/workstations/apps/linux-ubuntu22.04-ivybridge/intel-oneapi-compilers/2022.2.1/gcc-11.3.0/k2f52ijqkzvd4hct7ccykcnys7eym6t3/compiler/2022.2.1/linux/lib -Wl -rpath /sw/workstations/apps/linux-ubuntu22.04-ivybridge/intel-oneapi-compilers/2022.2.1/gcc-11.3.0/k2f52ijqkzvd4hct7ccykcnys7eym6t3/compiler/2022.2.1/linux/lib/x64 -Wl -rpath /sw/workstations/apps/linux-ubuntu22.04-ivybridge/intel-oneapi-compilers/2022.2.1/gcc-11.3.0/k2f52ijqkzvd4hct7ccykcnys7eym6t3/compiler/2022.2.1/linux/lib/oclfpga/host/linux64/lib -Wl -rpath /sw/workstations/apps/linux-ubuntu22.04-ivybridge/intel-oneapi-compilers/2022.2.1/gcc-11.3.0/k2f52ijqkzvd4hct7ccykcnys7eym6t3/compiler/2022.2.1/linux/lib/oclfpga/linux64/lib -Wl -rpath /sw/workstations/apps/linux-ubuntu22.04-ivybridge/intel-oneapi-compilers/2022.2.1/gcc-11.3.0/k2f52ijqkzvd4hct7ccykcnys7eym6t3/compiler/2022.2.1/linux/compiler/lib/intel64_lin --gcc-toolchain=/usr --intel -march=znver2 -mtune=znver2 -O3 -ffast-math -fiopenmp -mprefer-vector-width=256 -qopt-report=5 -fiopenmp -v -MD -MT CMakeFiles/cmTC_45194.dir/OpenMPTryFlag.c.o -MF CMakeFiles/cmTC_45194.dir/OpenMPTryFlag.c.o.d -o CMakeFiles/cmTC_45194.dir/OpenMPTryFlag.c.o -c /media/x_plotnips/sdd1/Dropbox/PhD_proposal/work_with_david/Exawave_3_handover/panzer_repo/CMakeFiles/FindOpenMP/OpenMPTryFlag.c -fveclib=SVML -fheinous-gnu-extensions" -mllvm -paropt=31 -D__GCC_HAVE_DWARF2_CFI_ASM=1 -fintel-compatibility -fintel-libirc-allowed -mllvm -disable-hir-generate-mkl-call -mllvm -loopopt=1 -floopopt-pipeline=light -mllvm -intel-abi-compatible=true -o CMakeFiles/cmTC_45194.dir/OpenMPTryFlag.c.o -x c /media/x_plotnips/sdd1/Dropbox/PhD_proposal/work_with_david/Exawave_3_handover/panzer_repo/CMakeFiles/FindOpenMP/OpenMPTryFlag.c]
  ignore line: [clang -cc1 version 15.0.0 based upon LLVM 15.0.0git default target x86_64-unknown-linux-gnu]
  ignore line: [ignoring nonexistent directory "/usr/lib/gcc/x86_64-linux-gnu/12/../../../../x86_64-linux-gnu/include"]
  ignore line: [ignoring nonexistent directory "/include"]
  ignore line: [#include "..." search starts here:]
  ignore line: [#include <...> search starts here:]
  ignore line: [ /sw/workstations/apps/linux-ubuntu22.04-ivybridge/intel-oneapi-compilers/2022.2.1/gcc-11.3.0/k2f52ijqkzvd4hct7ccykcnys7eym6t3/compiler/2022.2.1/linux/bin-llvm/../compiler/include]
  ignore line: [ /sw/workstations/apps/linux-ubuntu22.04-ivybridge/intel-oneapi-compilers/2022.2.1/gcc-11.3.0/k2f52ijqkzvd4hct7ccykcnys7eym6t3/compiler/2022.2.1/linux/lib/clang/15.0.0/include]
  ignore line: [ /usr/local/include]
  ignore line: [ /usr/include/x86_64-linux-gnu]
  ignore line: [ /usr/include]
  ignore line: [End of search list.]
  ignore line: [Linking C executable cmTC_45194]
  ignore line: [/sw/workstations/apps/linux-ubuntu22.04-ivybridge/cmake/3.24.3/gcc-11.3.0/im6us5w327xiszfjh37fer4odzrpsbgr/bin/cmake -E cmake_link_script CMakeFiles/cmTC_45194.dir/link.txt --verbose=1]
  ignore line: [/sw/workstations/apps/linux-ubuntu22.04-ivybridge/intel-oneapi-compilers/2022.2.1/gcc-11.3.0/k2f52ijqkzvd4hct7ccykcnys7eym6t3/compiler/2022.2.1/linux/bin/icx -march=znver2 -mtune=znver2 -O3 -ffast-math -qopenmp -mprefer-vector-width=256 -qopt-report=5 -qopt-report-phase=vec -fiopenmp -v CMakeFiles/cmTC_45194.dir/OpenMPTryFlag.c.o -o cmTC_45194  -v ]
  ignore line: [icx: command line warning #10430: Unsupported command line options encountered]
  ignore line: [These options as listed are not supported.]
  ignore line: [For more information  use '-qnextgen-diag'.]
  ignore line: [option list: ]
  ignore line: [	-qopt-report-phase=vec]
  ignore line: [Intel(R) oneAPI DPC++/C++ Compiler 2022.2.1 (2022.2.1.20221020)]
  ignore line: [Target: x86_64-unknown-linux-gnu]
  ignore line: [Thread model: posix]
  ignore line: [InstalledDir: /sw/workstations/apps/linux-ubuntu22.04-ivybridge/intel-oneapi-compilers/2022.2.1/gcc-11.3.0/k2f52ijqkzvd4hct7ccykcnys7eym6t3/compiler/2022.2.1/linux/bin-llvm]
  ignore line: [Configuration file: /sw/workstations/apps/linux-ubuntu22.04-ivybridge/intel-oneapi-compilers/2022.2.1/gcc-11.3.0/k2f52ijqkzvd4hct7ccykcnys7eym6t3/compiler/2022.2.1/linux/bin/icx.cfg]
  ignore line: [Found candidate GCC installation: /usr/lib/gcc/x86_64-linux-gnu/11]
  ignore line: [Found candidate GCC installation: /usr/lib/gcc/x86_64-linux-gnu/12]
  ignore line: [Selected GCC installation: /usr/lib/gcc/x86_64-linux-gnu/12]
  ignore line: [Candidate multilib: .]
  ignore line: [@m64]
  ignore line: [Selected multilib: .]
  ignore line: [@m64]
  link line: [ "/usr/bin/ld" -z relro --hash-style=gnu --eh-frame-hdr -m elf_x86_64 -dynamic-linker /lib64/ld-linux-x86-64.so.2 -o cmTC_45194 /lib/x86_64-linux-gnu/crt1.o /lib/x86_64-linux-gnu/crti.o /usr/lib/gcc/x86_64-linux-gnu/12/crtbegin.o /usr/lib/gcc/x86_64-linux-gnu/12/crtfastmath.o -L/sw/workstations/apps/linux-ubuntu22.04-ivybridge/intel-oneapi-compilers/2022.2.1/gcc-11.3.0/k2f52ijqkzvd4hct7ccykcnys7eym6t3/compiler/2022.2.1/linux/bin-llvm/../compiler/lib/intel64_lin -L/sw/workstations/apps/linux-ubuntu22.04-ivybridge/intel-oneapi-compilers/2022.2.1/gcc-11.3.0/k2f52ijqkzvd4hct7ccykcnys7eym6t3/compiler/2022.2.1/linux/bin-llvm/../lib -L/sw/workstations/apps/linux-ubuntu22.04-ivybridge/intel-oneapi-compilers/2022.2.1/gcc-11.3.0/k2f52ijqkzvd4hct7ccykcnys7eym6t3/compiler/2022.2.1/linux/bin-llvm/../compiler/lib/intel64_lin -L/usr/lib/gcc/x86_64-linux-gnu/12 -L/usr/lib/gcc/x86_64-linux-gnu/12/../../../../lib64 -L/lib/x86_64-linux-gnu -L/lib/../lib64 -L/usr/lib/x86_64-linux-gnu -L/usr/lib/../lib64 -L/usr/lib/gcc/x86_64-linux-gnu/12/../../.. -L/lib -L/usr/lib -L/sw/workstations/apps/linux-ubuntu22.04-ivybridge/intel-oneapi-compilers/2022.2.1/gcc-11.3.0/k2f52ijqkzvd4hct7ccykcnys7eym6t3/compiler/2022.2.1/linux/compiler/lib/intel64_lin -L/sw/workstations/apps/linux-ubuntu22.04-ivybridge/intel-oneapi-compilers/2022.2.1/gcc-11.3.0/k2f52ijqkzvd4hct7ccykcnys7eym6t3/compiler/2022.2.1/linux/lib -rpath /sw/workstations/apps/linux-ubuntu22.04-ivybridge/intel-oneapi-compilers/2022.2.1/gcc-11.3.0/k2f52ijqkzvd4hct7ccykcnys7eym6t3/compiler/2022.2.1/linux/lib -rpath /sw/workstations/apps/linux-ubuntu22.04-ivybridge/intel-oneapi-compilers/2022.2.1/gcc-11.3.0/k2f52ijqkzvd4hct7ccykcnys7eym6t3/compiler/2022.2.1/linux/lib/x64 -rpath /sw/workstations/apps/linux-ubuntu22.04-ivybridge/intel-oneapi-compilers/2022.2.1/gcc-11.3.0/k2f52ijqkzvd4hct7ccykcnys7eym6t3/compiler/2022.2.1/linux/lib/oclfpga/host/linux64/lib -rpath /sw/workstations/apps/linux-ubuntu22.04-ivybridge/intel-oneapi-compilers/2022.2.1/gcc-11.3.0/k2f52ijqkzvd4hct7ccykcnys7eym6t3/compiler/2022.2.1/linux/lib/oclfpga/linux64/lib -rpath /sw/workstations/apps/linux-ubuntu22.04-ivybridge/intel-oneapi-compilers/2022.2.1/gcc-11.3.0/k2f52ijqkzvd4hct7ccykcnys7eym6t3/compiler/2022.2.1/linux/compiler/lib/intel64_lin CMakeFiles/cmTC_45194.dir/OpenMPTryFlag.c.o -Bstatic -lsvml -Bdynamic -Bstatic -lirng -Bdynamic -Bstatic -limf -Bdynamic -lm -lgcc --as-needed -lgcc_s --no-as-needed -Bstatic -lirc -Bdynamic -ldl -liomp5 -L/sw/workstations/apps/linux-ubuntu22.04-ivybridge/intel-oneapi-compilers/2022.2.1/gcc-11.3.0/k2f52ijqkzvd4hct7ccykcnys7eym6t3/compiler/2022.2.1/linux/lib -lgcc --as-needed -lgcc_s --no-as-needed -lpthread -lc -lgcc --as-needed -lgcc_s --no-as-needed -Bstatic -lirc_s -Bdynamic /usr/lib/gcc/x86_64-linux-gnu/12/crtend.o /lib/x86_64-linux-gnu/crtn.o]
    arg [/usr/bin/ld] ==> ignore
    arg [-zrelro] ==> ignore
    arg [--hash-style=gnu] ==> ignore
    arg [--eh-frame-hdr] ==> ignore
    arg [-m] ==> ignore
    arg [elf_x86_64] ==> ignore
    arg [-dynamic-linker] ==> ignore
    arg [/lib64/ld-linux-x86-64.so.2] ==> ignore
    arg [-o] ==> ignore
    arg [cmTC_45194] ==> ignore
    arg [-L/sw/workstations/apps/linux-ubuntu22.04-ivybridge/intel-oneapi-compilers/2022.2.1/gcc-11.3.0/k2f52ijqkzvd4hct7ccykcnys7eym6t3/compiler/2022.2.1/linux/bin-llvm/../compiler/lib/intel64_lin] ==> dir [/sw/workstations/apps/linux-ubuntu22.04-ivybridge/intel-oneapi-compilers/2022.2.1/gcc-11.3.0/k2f52ijqkzvd4hct7ccykcnys7eym6t3/compiler/2022.2.1/linux/bin-llvm/../compiler/lib/intel64_lin]
    arg [-L/sw/workstations/apps/linux-ubuntu22.04-ivybridge/intel-oneapi-compilers/2022.2.1/gcc-11.3.0/k2f52ijqkzvd4hct7ccykcnys7eym6t3/compiler/2022.2.1/linux/bin-llvm/../lib] ==> dir [/sw/workstations/apps/linux-ubuntu22.04-ivybridge/intel-oneapi-compilers/2022.2.1/gcc-11.3.0/k2f52ijqkzvd4hct7ccykcnys7eym6t3/compiler/2022.2.1/linux/bin-llvm/../lib]
    arg [-L/sw/workstations/apps/linux-ubuntu22.04-ivybridge/intel-oneapi-compilers/2022.2.1/gcc-11.3.0/k2f52ijqkzvd4hct7ccykcnys7eym6t3/compiler/2022.2.1/linux/bin-llvm/../compiler/lib/intel64_lin] ==> dir [/sw/workstations/apps/linux-ubuntu22.04-ivybridge/intel-oneapi-compilers/2022.2.1/gcc-11.3.0/k2f52ijqkzvd4hct7ccykcnys7eym6t3/compiler/2022.2.1/linux/bin-llvm/../compiler/lib/intel64_lin]
    arg [-L/usr/lib/gcc/x86_64-linux-gnu/12] ==> dir [/usr/lib/gcc/x86_64-linux-gnu/12]
    arg [-L/usr/lib/gcc/x86_64-linux-gnu/12/../../../../lib64] ==> dir [/usr/lib/gcc/x86_64-linux-gnu/12/../../../../lib64]
    arg [-L/lib/x86_64-linux-gnu] ==> dir [/lib/x86_64-linux-gnu]
    arg [-L/lib/../lib64] ==> dir [/lib/../lib64]
    arg [-L/usr/lib/x86_64-linux-gnu] ==> dir [/usr/lib/x86_64-linux-gnu]
    arg [-L/usr/lib/../lib64] ==> dir [/usr/lib/../lib64]
    arg [-L/usr/lib/gcc/x86_64-linux-gnu/12/../../..] ==> dir [/usr/lib/gcc/x86_64-linux-gnu/12/../../..]
    arg [-L/lib] ==> dir [/lib]
    arg [-L/usr/lib] ==> dir [/usr/lib]
    arg [-L/sw/workstations/apps/linux-ubuntu22.04-ivybridge/intel-oneapi-compilers/2022.2.1/gcc-11.3.0/k2f52ijqkzvd4hct7ccykcnys7eym6t3/compiler/2022.2.1/linux/compiler/lib/intel64_lin] ==> dir [/sw/workstations/apps/linux-ubuntu22.04-ivybridge/intel-oneapi-compilers/2022.2.1/gcc-11.3.0/k2f52ijqkzvd4hct7ccykcnys7eym6t3/compiler/2022.2.1/linux/compiler/lib/intel64_lin]
    arg [-L/sw/workstations/apps/linux-ubuntu22.04-ivybridge/intel-oneapi-compilers/2022.2.1/gcc-11.3.0/k2f52ijqkzvd4hct7ccykcnys7eym6t3/compiler/2022.2.1/linux/lib] ==> dir [/sw/workstations/apps/linux-ubuntu22.04-ivybridge/intel-oneapi-compilers/2022.2.1/gcc-11.3.0/k2f52ijqkzvd4hct7ccykcnys7eym6t3/compiler/2022.2.1/linux/lib]
    arg [-rpath] ==> ignore
    arg [/sw/workstations/apps/linux-ubuntu22.04-ivybridge/intel-oneapi-compilers/2022.2.1/gcc-11.3.0/k2f52ijqkzvd4hct7ccykcnys7eym6t3/compiler/2022.2.1/linux/lib] ==> ignore
    arg [-rpath] ==> ignore
    arg [/sw/workstations/apps/linux-ubuntu22.04-ivybridge/intel-oneapi-compilers/2022.2.1/gcc-11.3.0/k2f52ijqkzvd4hct7ccykcnys7eym6t3/compiler/2022.2.1/linux/lib/x64] ==> ignore
    arg [-rpath] ==> ignore
    arg [/sw/workstations/apps/linux-ubuntu22.04-ivybridge/intel-oneapi-compilers/2022.2.1/gcc-11.3.0/k2f52ijqkzvd4hct7ccykcnys7eym6t3/compiler/2022.2.1/linux/lib/oclfpga/host/linux64/lib] ==> ignore
    arg [-rpath] ==> ignore
    arg [/sw/workstations/apps/linux-ubuntu22.04-ivybridge/intel-oneapi-compilers/2022.2.1/gcc-11.3.0/k2f52ijqkzvd4hct7ccykcnys7eym6t3/compiler/2022.2.1/linux/lib/oclfpga/linux64/lib] ==> ignore
    arg [-rpath] ==> ignore
    arg [/sw/workstations/apps/linux-ubuntu22.04-ivybridge/intel-oneapi-compilers/2022.2.1/gcc-11.3.0/k2f52ijqkzvd4hct7ccykcnys7eym6t3/compiler/2022.2.1/linux/compiler/lib/intel64_lin] ==> ignore
    arg [CMakeFiles/cmTC_45194.dir/OpenMPTryFlag.c.o] ==> ignore
    arg [-Bstatic] ==> search static
    arg [-lsvml] ==> lib [svml]
    arg [-Bdynamic] ==> search dynamic
    arg [-Bstatic] ==> search static
    arg [-lirng] ==> lib [irng]
    arg [-Bdynamic] ==> search dynamic
    arg [-Bstatic] ==> search static
    arg [-limf] ==> lib [imf]
    arg [-Bdynamic] ==> search dynamic
    arg [-lm] ==> lib [m]
    arg [-lgcc] ==> lib [gcc]
    arg [--as-needed] ==> ignore
    arg [-lgcc_s] ==> lib [gcc_s]
    arg [--no-as-needed] ==> ignore
    arg [-Bstatic] ==> search static
    arg [-lirc] ==> lib [irc]
    arg [-Bdynamic] ==> search dynamic
    arg [-ldl] ==> lib [dl]
    arg [-liomp5] ==> lib [iomp5]
    arg [-L/sw/workstations/apps/linux-ubuntu22.04-ivybridge/intel-oneapi-compilers/2022.2.1/gcc-11.3.0/k2f52ijqkzvd4hct7ccykcnys7eym6t3/compiler/2022.2.1/linux/lib] ==> dir [/sw/workstations/apps/linux-ubuntu22.04-ivybridge/intel-oneapi-compilers/2022.2.1/gcc-11.3.0/k2f52ijqkzvd4hct7ccykcnys7eym6t3/compiler/2022.2.1/linux/lib]
    arg [-lgcc] ==> lib [gcc]
    arg [--as-needed] ==> ignore
    arg [-lgcc_s] ==> lib [gcc_s]
    arg [--no-as-needed] ==> ignore
    arg [-lpthread] ==> lib [pthread]
    arg [-lc] ==> lib [c]
    arg [-lgcc] ==> lib [gcc]
    arg [--as-needed] ==> ignore
    arg [-lgcc_s] ==> lib [gcc_s]
    arg [--no-as-needed] ==> ignore
    arg [-Bstatic] ==> search static
    arg [-lirc_s] ==> lib [irc_s]
    arg [-Bdynamic] ==> search dynamic
  collapse library dir [/sw/workstations/apps/linux-ubuntu22.04-ivybridge/intel-oneapi-compilers/2022.2.1/gcc-11.3.0/k2f52ijqkzvd4hct7ccykcnys7eym6t3/compiler/2022.2.1/linux/bin-llvm/../compiler/lib/intel64_lin] ==> [/sw/workstations/apps/linux-ubuntu22.04-ivybridge/intel-oneapi-compilers/2022.2.1/gcc-11.3.0/k2f52ijqkzvd4hct7ccykcnys7eym6t3/compiler/2022.2.1/linux/compiler/lib/intel64_lin]
  collapse library dir [/sw/workstations/apps/linux-ubuntu22.04-ivybridge/intel-oneapi-compilers/2022.2.1/gcc-11.3.0/k2f52ijqkzvd4hct7ccykcnys7eym6t3/compiler/2022.2.1/linux/bin-llvm/../lib] ==> [/sw/workstations/apps/linux-ubuntu22.04-ivybridge/intel-oneapi-compilers/2022.2.1/gcc-11.3.0/k2f52ijqkzvd4hct7ccykcnys7eym6t3/compiler/2022.2.1/linux/lib]
  collapse library dir [/sw/workstations/apps/linux-ubuntu22.04-ivybridge/intel-oneapi-compilers/2022.2.1/gcc-11.3.0/k2f52ijqkzvd4hct7ccykcnys7eym6t3/compiler/2022.2.1/linux/bin-llvm/../compiler/lib/intel64_lin] ==> [/sw/workstations/apps/linux-ubuntu22.04-ivybridge/intel-oneapi-compilers/2022.2.1/gcc-11.3.0/k2f52ijqkzvd4hct7ccykcnys7eym6t3/compiler/2022.2.1/linux/compiler/lib/intel64_lin]
  collapse library dir [/usr/lib/gcc/x86_64-linux-gnu/12] ==> [/usr/lib/gcc/x86_64-linux-gnu/12]
  collapse library dir [/usr/lib/gcc/x86_64-linux-gnu/12/../../../../lib64] ==> [/usr/lib64]
  collapse library dir [/lib/x86_64-linux-gnu] ==> [/lib/x86_64-linux-gnu]
  collapse library dir [/lib/../lib64] ==> [/lib64]
  collapse library dir [/usr/lib/x86_64-linux-gnu] ==> [/usr/lib/x86_64-linux-gnu]
  collapse library dir [/usr/lib/../lib64] ==> [/usr/lib64]
  collapse library dir [/usr/lib/gcc/x86_64-linux-gnu/12/../../..] ==> [/usr/lib]
  collapse library dir [/lib] ==> [/lib]
  collapse library dir [/usr/lib] ==> [/usr/lib]
  collapse library dir [/sw/workstations/apps/linux-ubuntu22.04-ivybridge/intel-oneapi-compilers/2022.2.1/gcc-11.3.0/k2f52ijqkzvd4hct7ccykcnys7eym6t3/compiler/2022.2.1/linux/compiler/lib/intel64_lin] ==> [/sw/workstations/apps/linux-ubuntu22.04-ivybridge/intel-oneapi-compilers/2022.2.1/gcc-11.3.0/k2f52ijqkzvd4hct7ccykcnys7eym6t3/compiler/2022.2.1/linux/compiler/lib/intel64_lin]
  collapse library dir [/sw/workstations/apps/linux-ubuntu22.04-ivybridge/intel-oneapi-compilers/2022.2.1/gcc-11.3.0/k2f52ijqkzvd4hct7ccykcnys7eym6t3/compiler/2022.2.1/linux/lib] ==> [/sw/workstations/apps/linux-ubuntu22.04-ivybridge/intel-oneapi-compilers/2022.2.1/gcc-11.3.0/k2f52ijqkzvd4hct7ccykcnys7eym6t3/compiler/2022.2.1/linux/lib]
  collapse library dir [/sw/workstations/apps/linux-ubuntu22.04-ivybridge/intel-oneapi-compilers/2022.2.1/gcc-11.3.0/k2f52ijqkzvd4hct7ccykcnys7eym6t3/compiler/2022.2.1/linux/lib] ==> [/sw/workstations/apps/linux-ubuntu22.04-ivybridge/intel-oneapi-compilers/2022.2.1/gcc-11.3.0/k2f52ijqkzvd4hct7ccykcnys7eym6t3/compiler/2022.2.1/linux/lib]
  implicit libs: [svml;irng;imf;m;gcc;gcc_s;irc;dl;iomp5;gcc;gcc_s;pthread;c;gcc;gcc_s;irc_s]
  implicit objs: []
  implicit dirs: [/sw/workstations/apps/linux-ubuntu22.04-ivybridge/intel-oneapi-compilers/2022.2.1/gcc-11.3.0/k2f52ijqkzvd4hct7ccykcnys7eym6t3/compiler/2022.2.1/linux/compiler/lib/intel64_lin;/sw/workstations/apps/linux-ubuntu22.04-ivybridge/intel-oneapi-compilers/2022.2.1/gcc-11.3.0/k2f52ijqkzvd4hct7ccykcnys7eym6t3/compiler/2022.2.1/linux/lib;/usr/lib/gcc/x86_64-linux-gnu/12;/usr/lib64;/lib/x86_64-linux-gnu;/lib64;/usr/lib/x86_64-linux-gnu;/usr/lib;/lib]
  implicit fwks: []


Compiling the CXX compiler identification source file "CMakeCXXCompilerId.cpp" succeeded.
Compiler: /sw/workstations/apps/linux-ubuntu22.04-ivybridge/intel-oneapi-compilers/2022.2.1/gcc-11.3.0/k2f52ijqkzvd4hct7ccykcnys7eym6t3/compiler/2022.2.1/linux/bin/icpx 
Build flags: ;
Id flags:  

The output was:
0


Compilation of the CXX compiler identification source "CMakeCXXCompilerId.cpp" produced "a.out"

The CXX compiler identification is IntelLLVM, found in "/media/x_plotnips/sdd1/Dropbox/PhD_proposal/work_with_david/Exawave_3_handover/panzer_repo/CMakeFiles/3.24.3/CompilerIdCXX/a.out"

Detecting CXX compiler ABI info compiled with the following output:
Change Dir: /media/x_plotnips/sdd1/Dropbox/PhD_proposal/work_with_david/Exawave_3_handover/panzer_repo/CMakeFiles/CMakeTmp

Run Build Command(s):/usr/bin/gmake -f Makefile cmTC_d43ed/fast && /usr/bin/gmake  -f CMakeFiles/cmTC_d43ed.dir/build.make CMakeFiles/cmTC_d43ed.dir/build
gmake[1]: Entering directory '/media/x_plotnips/sdd1/Dropbox/PhD_proposal/work_with_david/Exawave_3_handover/panzer_repo/CMakeFiles/CMakeTmp'
Building CXX object CMakeFiles/cmTC_d43ed.dir/CMakeCXXCompilerABI.cpp.o
/sw/workstations/apps/linux-ubuntu22.04-ivybridge/intel-oneapi-compilers/2022.2.1/gcc-11.3.0/k2f52ijqkzvd4hct7ccykcnys7eym6t3/compiler/2022.2.1/linux/bin/icpx   -v -MD -MT CMakeFiles/cmTC_d43ed.dir/CMakeCXXCompilerABI.cpp.o -MF CMakeFiles/cmTC_d43ed.dir/CMakeCXXCompilerABI.cpp.o.d -o CMakeFiles/cmTC_d43ed.dir/CMakeCXXCompilerABI.cpp.o -c /sw/workstations/apps/linux-ubuntu22.04-ivybridge/cmake/3.24.3/gcc-11.3.0/im6us5w327xiszfjh37fer4odzrpsbgr/share/cmake-3.24/Modules/CMakeCXXCompilerABI.cpp
Intel(R) oneAPI DPC++/C++ Compiler 2022.2.1 (2022.2.1.20221020)
Target: x86_64-unknown-linux-gnu
Thread model: posix
InstalledDir: /sw/workstations/apps/linux-ubuntu22.04-ivybridge/intel-oneapi-compilers/2022.2.1/gcc-11.3.0/k2f52ijqkzvd4hct7ccykcnys7eym6t3/compiler/2022.2.1/linux/bin-llvm
Configuration file: /sw/workstations/apps/linux-ubuntu22.04-ivybridge/intel-oneapi-compilers/2022.2.1/gcc-11.3.0/k2f52ijqkzvd4hct7ccykcnys7eym6t3/compiler/2022.2.1/linux/bin/icpx.cfg
Found candidate GCC installation: /usr/lib/gcc/x86_64-linux-gnu/11
Found candidate GCC installation: /usr/lib/gcc/x86_64-linux-gnu/12
Selected GCC installation: /usr/lib/gcc/x86_64-linux-gnu/12
Candidate multilib: .;@m64
Selected multilib: .;@m64
 (in-process)
 "/sw/workstations/apps/linux-ubuntu22.04-ivybridge/intel-oneapi-compilers/2022.2.1/gcc-11.3.0/k2f52ijqkzvd4hct7ccykcnys7eym6t3/compiler/2022.2.1/linux/bin-llvm/clang++" -cc1 -triple x86_64-unknown-linux-gnu -emit-obj --mrelax-relocations -disable-free -clear-ast-before-backend -disable-llvm-verifier -discard-value-names -main-file-name CMakeCXXCompilerABI.cpp -mrelocation-model static -fveclib=SVML -mframe-pointer=none -menable-no-infs -menable-no-nans -fapprox-func -menable-unsafe-fp-math -fno-signed-zeros -mreassociate -freciprocal-math -fdenormal-fp-math=preserve-sign,preserve-sign -ffp-contract=fast -fno-rounding-math -ffast-math -ffinite-math-only -mconstructor-aliases -funwind-tables=2 -target-cpu x86-64 -mllvm -x86-enable-unaligned-vector-move=true -tune-cpu generic -mllvm -treat-scalable-fixed-error-as-warning -debugger-tuning=gdb -v -fcoverage-compilation-dir=/media/x_plotnips/sdd1/Dropbox/PhD_proposal/work_with_david/Exawave_3_handover/panzer_repo/CMakeFiles/CMakeTmp -resource-dir /sw/workstations/apps/linux-ubuntu22.04-ivybridge/intel-oneapi-compilers/2022.2.1/gcc-11.3.0/k2f52ijqkzvd4hct7ccykcnys7eym6t3/compiler/2022.2.1/linux/lib/clang/15.0.0 -dependency-file CMakeFiles/cmTC_d43ed.dir/CMakeCXXCompilerABI.cpp.o.d -MT CMakeFiles/cmTC_d43ed.dir/CMakeCXXCompilerABI.cpp.o -sys-header-deps -internal-isystem /sw/workstations/apps/linux-ubuntu22.04-ivybridge/intel-oneapi-compilers/2022.2.1/gcc-11.3.0/k2f52ijqkzvd4hct7ccykcnys7eym6t3/compiler/2022.2.1/linux/bin-llvm/../compiler/include -internal-isystem /usr/lib/gcc/x86_64-linux-gnu/12/../../../../include/c++ -internal-isystem /usr/lib/gcc/x86_64-linux-gnu/12/../../../../include/c++/x86_64-linux-gnu -internal-isystem /usr/lib/gcc/x86_64-linux-gnu/12/../../../../include/c++/backward -internal-isystem /sw/workstations/apps/linux-ubuntu22.04-ivybridge/intel-oneapi-compilers/2022.2.1/gcc-11.3.0/k2f52ijqkzvd4hct7ccykcnys7eym6t3/compiler/2022.2.1/linux/lib/clang/15.0.0/include -internal-isystem /usr/local/include -internal-isystem /usr/lib/gcc/x86_64-linux-gnu/12/../../../../x86_64-linux-gnu/include -internal-externc-isystem /usr/include/x86_64-linux-gnu -internal-externc-isystem /include -internal-externc-isystem /usr/include -O2 -fdeprecated-macro -fdebug-compilation-dir=/media/x_plotnips/sdd1/Dropbox/PhD_proposal/work_with_david/Exawave_3_handover/panzer_repo/CMakeFiles/CMakeTmp -ferror-limit 19 -fheinous-gnu-extensions -fgnuc-version=4.2.1 -fcxx-exceptions -fexceptions -vectorize-loops -vectorize-slp -D__GCC_HAVE_DWARF2_CFI_ASM=1 -fintel-compatibility -fintel-libirc-allowed -mllvm -disable-hir-generate-mkl-call -mllvm -loopopt=1 -floopopt-pipeline=light -mllvm -intel-abi-compatible=true -o CMakeFiles/cmTC_d43ed.dir/CMakeCXXCompilerABI.cpp.o -x c++ /sw/workstations/apps/linux-ubuntu22.04-ivybridge/cmake/3.24.3/gcc-11.3.0/im6us5w327xiszfjh37fer4odzrpsbgr/share/cmake-3.24/Modules/CMakeCXXCompilerABI.cpp
clang -cc1 version 15.0.0 based upon LLVM 15.0.0git default target x86_64-unknown-linux-gnu
ignoring nonexistent directory "/usr/lib/gcc/x86_64-linux-gnu/12/../../../../include/c++/x86_64-linux-gnu"
ignoring nonexistent directory "/usr/lib/gcc/x86_64-linux-gnu/12/../../../../include/c++/backward"
ignoring nonexistent directory "/usr/lib/gcc/x86_64-linux-gnu/12/../../../../x86_64-linux-gnu/include"
ignoring nonexistent directory "/include"
#include "..." search starts here:
#include <...> search starts here:
 /sw/workstations/apps/linux-ubuntu22.04-ivybridge/intel-oneapi-compilers/2022.2.1/gcc-11.3.0/k2f52ijqkzvd4hct7ccykcnys7eym6t3/compiler/2022.2.1/linux/bin-llvm/../compiler/include
 /usr/lib/gcc/x86_64-linux-gnu/12/../../../../include/c++
 /sw/workstations/apps/linux-ubuntu22.04-ivybridge/intel-oneapi-compilers/2022.2.1/gcc-11.3.0/k2f52ijqkzvd4hct7ccykcnys7eym6t3/compiler/2022.2.1/linux/lib/clang/15.0.0/include
 /usr/local/include
 /usr/include/x86_64-linux-gnu
 /usr/include
End of search list.
Linking CXX executable cmTC_d43ed
/sw/workstations/apps/linux-ubuntu22.04-ivybridge/cmake/3.24.3/gcc-11.3.0/im6us5w327xiszfjh37fer4odzrpsbgr/bin/cmake -E cmake_link_script CMakeFiles/cmTC_d43ed.dir/link.txt --verbose=1
/sw/workstations/apps/linux-ubuntu22.04-ivybridge/intel-oneapi-compilers/2022.2.1/gcc-11.3.0/k2f52ijqkzvd4hct7ccykcnys7eym6t3/compiler/2022.2.1/linux/bin/icpx   -v CMakeFiles/cmTC_d43ed.dir/CMakeCXXCompilerABI.cpp.o -o cmTC_d43ed 
Intel(R) oneAPI DPC++/C++ Compiler 2022.2.1 (2022.2.1.20221020)
Target: x86_64-unknown-linux-gnu
Thread model: posix
InstalledDir: /sw/workstations/apps/linux-ubuntu22.04-ivybridge/intel-oneapi-compilers/2022.2.1/gcc-11.3.0/k2f52ijqkzvd4hct7ccykcnys7eym6t3/compiler/2022.2.1/linux/bin-llvm
Configuration file: /sw/workstations/apps/linux-ubuntu22.04-ivybridge/intel-oneapi-compilers/2022.2.1/gcc-11.3.0/k2f52ijqkzvd4hct7ccykcnys7eym6t3/compiler/2022.2.1/linux/bin/icpx.cfg
Found candidate GCC installation: /usr/lib/gcc/x86_64-linux-gnu/11
Found candidate GCC installation: /usr/lib/gcc/x86_64-linux-gnu/12
Selected GCC installation: /usr/lib/gcc/x86_64-linux-gnu/12
Candidate multilib: .;@m64
Selected multilib: .;@m64
 "/usr/bin/ld" -z relro --hash-style=gnu --eh-frame-hdr -m elf_x86_64 -dynamic-linker /lib64/ld-linux-x86-64.so.2 -o cmTC_d43ed /lib/x86_64-linux-gnu/crt1.o /lib/x86_64-linux-gnu/crti.o /usr/lib/gcc/x86_64-linux-gnu/12/crtbegin.o -L/sw/workstations/apps/linux-ubuntu22.04-ivybridge/intel-oneapi-compilers/2022.2.1/gcc-11.3.0/k2f52ijqkzvd4hct7ccykcnys7eym6t3/compiler/2022.2.1/linux/bin-llvm/../compiler/lib/intel64_lin -L/sw/workstations/apps/linux-ubuntu22.04-ivybridge/intel-oneapi-compilers/2022.2.1/gcc-11.3.0/k2f52ijqkzvd4hct7ccykcnys7eym6t3/compiler/2022.2.1/linux/bin-llvm/../lib -L/sw/workstations/apps/linux-ubuntu22.04-ivybridge/intel-oneapi-compilers/2022.2.1/gcc-11.3.0/k2f52ijqkzvd4hct7ccykcnys7eym6t3/compiler/2022.2.1/linux/bin-llvm/../compiler/lib/intel64_lin -L/usr/lib/gcc/x86_64-linux-gnu/12 -L/usr/lib/gcc/x86_64-linux-gnu/12/../../../../lib64 -L/lib/x86_64-linux-gnu -L/lib/../lib64 -L/usr/lib/x86_64-linux-gnu -L/usr/lib/../lib64 -L/usr/lib/gcc/x86_64-linux-gnu/12/../../.. -L/lib -L/usr/lib -L/sw/workstations/apps/linux-ubuntu22.04-ivybridge/intel-oneapi-compilers/2022.2.1/gcc-11.3.0/k2f52ijqkzvd4hct7ccykcnys7eym6t3/compiler/2022.2.1/linux/compiler/lib/intel64_lin -L/sw/workstations/apps/linux-ubuntu22.04-ivybridge/intel-oneapi-compilers/2022.2.1/gcc-11.3.0/k2f52ijqkzvd4hct7ccykcnys7eym6t3/compiler/2022.2.1/linux/lib -rpath /sw/workstations/apps/linux-ubuntu22.04-ivybridge/intel-oneapi-compilers/2022.2.1/gcc-11.3.0/k2f52ijqkzvd4hct7ccykcnys7eym6t3/compiler/2022.2.1/linux/lib -rpath /sw/workstations/apps/linux-ubuntu22.04-ivybridge/intel-oneapi-compilers/2022.2.1/gcc-11.3.0/k2f52ijqkzvd4hct7ccykcnys7eym6t3/compiler/2022.2.1/linux/lib/x64 -rpath /sw/workstations/apps/linux-ubuntu22.04-ivybridge/intel-oneapi-compilers/2022.2.1/gcc-11.3.0/k2f52ijqkzvd4hct7ccykcnys7eym6t3/compiler/2022.2.1/linux/lib/oclfpga/host/linux64/lib -rpath /sw/workstations/apps/linux-ubuntu22.04-ivybridge/intel-oneapi-compilers/2022.2.1/gcc-11.3.0/k2f52ijqkzvd4hct7ccykcnys7eym6t3/compiler/2022.2.1/linux/lib/oclfpga/linux64/lib -rpath /sw/workstations/apps/linux-ubuntu22.04-ivybridge/intel-oneapi-compilers/2022.2.1/gcc-11.3.0/k2f52ijqkzvd4hct7ccykcnys7eym6t3/compiler/2022.2.1/linux/compiler/lib/intel64_lin CMakeFiles/cmTC_d43ed.dir/CMakeCXXCompilerABI.cpp.o -Bstatic -lsvml -Bdynamic -Bstatic -lirng -Bdynamic -lstdc++ -Bstatic -limf -Bdynamic -lm -lgcc_s -lgcc -Bstatic -lirc -Bdynamic -ldl -lgcc_s -lgcc -lc -lgcc_s -lgcc -Bstatic -lirc_s -Bdynamic /usr/lib/gcc/x86_64-linux-gnu/12/crtend.o /lib/x86_64-linux-gnu/crtn.o
gmake[1]: Leaving directory '/media/x_plotnips/sdd1/Dropbox/PhD_proposal/work_with_david/Exawave_3_handover/panzer_repo/CMakeFiles/CMakeTmp'



Parsed CXX implicit include dir info from above output: rv=done
  found start of include info
  found start of implicit include info
    add: [/sw/workstations/apps/linux-ubuntu22.04-ivybridge/intel-oneapi-compilers/2022.2.1/gcc-11.3.0/k2f52ijqkzvd4hct7ccykcnys7eym6t3/compiler/2022.2.1/linux/bin-llvm/../compiler/include]
    add: [/usr/lib/gcc/x86_64-linux-gnu/12/../../../../include/c++]
    add: [/sw/workstations/apps/linux-ubuntu22.04-ivybridge/intel-oneapi-compilers/2022.2.1/gcc-11.3.0/k2f52ijqkzvd4hct7ccykcnys7eym6t3/compiler/2022.2.1/linux/lib/clang/15.0.0/include]
    add: [/usr/local/include]
    add: [/usr/include/x86_64-linux-gnu]
    add: [/usr/include]
  end of search list found
  collapse include dir [/sw/workstations/apps/linux-ubuntu22.04-ivybridge/intel-oneapi-compilers/2022.2.1/gcc-11.3.0/k2f52ijqkzvd4hct7ccykcnys7eym6t3/compiler/2022.2.1/linux/bin-llvm/../compiler/include] ==> [/sw/workstations/apps/linux-ubuntu22.04-ivybridge/intel-oneapi-compilers/2022.2.1/gcc-11.3.0/k2f52ijqkzvd4hct7ccykcnys7eym6t3/compiler/2022.2.1/linux/compiler/include]
  collapse include dir [/usr/lib/gcc/x86_64-linux-gnu/12/../../../../include/c++] ==> [/usr/include/c++]
  collapse include dir [/sw/workstations/apps/linux-ubuntu22.04-ivybridge/intel-oneapi-compilers/2022.2.1/gcc-11.3.0/k2f52ijqkzvd4hct7ccykcnys7eym6t3/compiler/2022.2.1/linux/lib/clang/15.0.0/include] ==> [/sw/workstations/apps/linux-ubuntu22.04-ivybridge/intel-oneapi-compilers/2022.2.1/gcc-11.3.0/k2f52ijqkzvd4hct7ccykcnys7eym6t3/compiler/2022.2.1/linux/lib/clang/15.0.0/include]
  collapse include dir [/usr/local/include] ==> [/usr/local/include]
  collapse include dir [/usr/include/x86_64-linux-gnu] ==> [/usr/include/x86_64-linux-gnu]
  collapse include dir [/usr/include] ==> [/usr/include]
  implicit include dirs: [/sw/workstations/apps/linux-ubuntu22.04-ivybridge/intel-oneapi-compilers/2022.2.1/gcc-11.3.0/k2f52ijqkzvd4hct7ccykcnys7eym6t3/compiler/2022.2.1/linux/compiler/include;/usr/include/c++;/sw/workstations/apps/linux-ubuntu22.04-ivybridge/intel-oneapi-compilers/2022.2.1/gcc-11.3.0/k2f52ijqkzvd4hct7ccykcnys7eym6t3/compiler/2022.2.1/linux/lib/clang/15.0.0/include;/usr/local/include;/usr/include/x86_64-linux-gnu;/usr/include]


Parsed CXX implicit link information from above output:
  link line regex: [^( *|.*[/\])(ld|CMAKE_LINK_STARTFILE-NOTFOUND|([^/\]+-)?ld|collect2)[^/\]*( |$)]
  ignore line: [Change Dir: /media/x_plotnips/sdd1/Dropbox/PhD_proposal/work_with_david/Exawave_3_handover/panzer_repo/CMakeFiles/CMakeTmp]
  ignore line: []
  ignore line: [Run Build Command(s):/usr/bin/gmake -f Makefile cmTC_d43ed/fast && /usr/bin/gmake  -f CMakeFiles/cmTC_d43ed.dir/build.make CMakeFiles/cmTC_d43ed.dir/build]
  ignore line: [gmake[1]: Entering directory '/media/x_plotnips/sdd1/Dropbox/PhD_proposal/work_with_david/Exawave_3_handover/panzer_repo/CMakeFiles/CMakeTmp']
  ignore line: [Building CXX object CMakeFiles/cmTC_d43ed.dir/CMakeCXXCompilerABI.cpp.o]
  ignore line: [/sw/workstations/apps/linux-ubuntu22.04-ivybridge/intel-oneapi-compilers/2022.2.1/gcc-11.3.0/k2f52ijqkzvd4hct7ccykcnys7eym6t3/compiler/2022.2.1/linux/bin/icpx   -v -MD -MT CMakeFiles/cmTC_d43ed.dir/CMakeCXXCompilerABI.cpp.o -MF CMakeFiles/cmTC_d43ed.dir/CMakeCXXCompilerABI.cpp.o.d -o CMakeFiles/cmTC_d43ed.dir/CMakeCXXCompilerABI.cpp.o -c /sw/workstations/apps/linux-ubuntu22.04-ivybridge/cmake/3.24.3/gcc-11.3.0/im6us5w327xiszfjh37fer4odzrpsbgr/share/cmake-3.24/Modules/CMakeCXXCompilerABI.cpp]
  ignore line: [Intel(R) oneAPI DPC++/C++ Compiler 2022.2.1 (2022.2.1.20221020)]
  ignore line: [Target: x86_64-unknown-linux-gnu]
  ignore line: [Thread model: posix]
  ignore line: [InstalledDir: /sw/workstations/apps/linux-ubuntu22.04-ivybridge/intel-oneapi-compilers/2022.2.1/gcc-11.3.0/k2f52ijqkzvd4hct7ccykcnys7eym6t3/compiler/2022.2.1/linux/bin-llvm]
  ignore line: [Configuration file: /sw/workstations/apps/linux-ubuntu22.04-ivybridge/intel-oneapi-compilers/2022.2.1/gcc-11.3.0/k2f52ijqkzvd4hct7ccykcnys7eym6t3/compiler/2022.2.1/linux/bin/icpx.cfg]
  ignore line: [Found candidate GCC installation: /usr/lib/gcc/x86_64-linux-gnu/11]
  ignore line: [Found candidate GCC installation: /usr/lib/gcc/x86_64-linux-gnu/12]
  ignore line: [Selected GCC installation: /usr/lib/gcc/x86_64-linux-gnu/12]
  ignore line: [Candidate multilib: .]
  ignore line: [@m64]
  ignore line: [Selected multilib: .]
  ignore line: [@m64]
  ignore line: [ (in-process)]
  ignore line: [ "/sw/workstations/apps/linux-ubuntu22.04-ivybridge/intel-oneapi-compilers/2022.2.1/gcc-11.3.0/k2f52ijqkzvd4hct7ccykcnys7eym6t3/compiler/2022.2.1/linux/bin-llvm/clang++" -cc1 -triple x86_64-unknown-linux-gnu -emit-obj --mrelax-relocations -disable-free -clear-ast-before-backend -disable-llvm-verifier -discard-value-names -main-file-name CMakeCXXCompilerABI.cpp -mrelocation-model static -fveclib=SVML -mframe-pointer=none -menable-no-infs -menable-no-nans -fapprox-func -menable-unsafe-fp-math -fno-signed-zeros -mreassociate -freciprocal-math -fdenormal-fp-math=preserve-sign preserve-sign -ffp-contract=fast -fno-rounding-math -ffast-math -ffinite-math-only -mconstructor-aliases -funwind-tables=2 -target-cpu x86-64 -mllvm -x86-enable-unaligned-vector-move=true -tune-cpu generic -mllvm -treat-scalable-fixed-error-as-warning -debugger-tuning=gdb -v -fcoverage-compilation-dir=/media/x_plotnips/sdd1/Dropbox/PhD_proposal/work_with_david/Exawave_3_handover/panzer_repo/CMakeFiles/CMakeTmp -resource-dir /sw/workstations/apps/linux-ubuntu22.04-ivybridge/intel-oneapi-compilers/2022.2.1/gcc-11.3.0/k2f52ijqkzvd4hct7ccykcnys7eym6t3/compiler/2022.2.1/linux/lib/clang/15.0.0 -dependency-file CMakeFiles/cmTC_d43ed.dir/CMakeCXXCompilerABI.cpp.o.d -MT CMakeFiles/cmTC_d43ed.dir/CMakeCXXCompilerABI.cpp.o -sys-header-deps -internal-isystem /sw/workstations/apps/linux-ubuntu22.04-ivybridge/intel-oneapi-compilers/2022.2.1/gcc-11.3.0/k2f52ijqkzvd4hct7ccykcnys7eym6t3/compiler/2022.2.1/linux/bin-llvm/../compiler/include -internal-isystem /usr/lib/gcc/x86_64-linux-gnu/12/../../../../include/c++ -internal-isystem /usr/lib/gcc/x86_64-linux-gnu/12/../../../../include/c++/x86_64-linux-gnu -internal-isystem /usr/lib/gcc/x86_64-linux-gnu/12/../../../../include/c++/backward -internal-isystem /sw/workstations/apps/linux-ubuntu22.04-ivybridge/intel-oneapi-compilers/2022.2.1/gcc-11.3.0/k2f52ijqkzvd4hct7ccykcnys7eym6t3/compiler/2022.2.1/linux/lib/clang/15.0.0/include -internal-isystem /usr/local/include -internal-isystem /usr/lib/gcc/x86_64-linux-gnu/12/../../../../x86_64-linux-gnu/include -internal-externc-isystem /usr/include/x86_64-linux-gnu -internal-externc-isystem /include -internal-externc-isystem /usr/include -O2 -fdeprecated-macro -fdebug-compilation-dir=/media/x_plotnips/sdd1/Dropbox/PhD_proposal/work_with_david/Exawave_3_handover/panzer_repo/CMakeFiles/CMakeTmp -ferror-limit 19 -fheinous-gnu-extensions -fgnuc-version=4.2.1 -fcxx-exceptions -fexceptions -vectorize-loops -vectorize-slp -D__GCC_HAVE_DWARF2_CFI_ASM=1 -fintel-compatibility -fintel-libirc-allowed -mllvm -disable-hir-generate-mkl-call -mllvm -loopopt=1 -floopopt-pipeline=light -mllvm -intel-abi-compatible=true -o CMakeFiles/cmTC_d43ed.dir/CMakeCXXCompilerABI.cpp.o -x c++ /sw/workstations/apps/linux-ubuntu22.04-ivybridge/cmake/3.24.3/gcc-11.3.0/im6us5w327xiszfjh37fer4odzrpsbgr/share/cmake-3.24/Modules/CMakeCXXCompilerABI.cpp]
  ignore line: [clang -cc1 version 15.0.0 based upon LLVM 15.0.0git default target x86_64-unknown-linux-gnu]
  ignore line: [ignoring nonexistent directory "/usr/lib/gcc/x86_64-linux-gnu/12/../../../../include/c++/x86_64-linux-gnu"]
  ignore line: [ignoring nonexistent directory "/usr/lib/gcc/x86_64-linux-gnu/12/../../../../include/c++/backward"]
  ignore line: [ignoring nonexistent directory "/usr/lib/gcc/x86_64-linux-gnu/12/../../../../x86_64-linux-gnu/include"]
  ignore line: [ignoring nonexistent directory "/include"]
  ignore line: [#include "..." search starts here:]
  ignore line: [#include <...> search starts here:]
  ignore line: [ /sw/workstations/apps/linux-ubuntu22.04-ivybridge/intel-oneapi-compilers/2022.2.1/gcc-11.3.0/k2f52ijqkzvd4hct7ccykcnys7eym6t3/compiler/2022.2.1/linux/bin-llvm/../compiler/include]
  ignore line: [ /usr/lib/gcc/x86_64-linux-gnu/12/../../../../include/c++]
  ignore line: [ /sw/workstations/apps/linux-ubuntu22.04-ivybridge/intel-oneapi-compilers/2022.2.1/gcc-11.3.0/k2f52ijqkzvd4hct7ccykcnys7eym6t3/compiler/2022.2.1/linux/lib/clang/15.0.0/include]
  ignore line: [ /usr/local/include]
  ignore line: [ /usr/include/x86_64-linux-gnu]
  ignore line: [ /usr/include]
  ignore line: [End of search list.]
  ignore line: [Linking CXX executable cmTC_d43ed]
  ignore line: [/sw/workstations/apps/linux-ubuntu22.04-ivybridge/cmake/3.24.3/gcc-11.3.0/im6us5w327xiszfjh37fer4odzrpsbgr/bin/cmake -E cmake_link_script CMakeFiles/cmTC_d43ed.dir/link.txt --verbose=1]
  ignore line: [/sw/workstations/apps/linux-ubuntu22.04-ivybridge/intel-oneapi-compilers/2022.2.1/gcc-11.3.0/k2f52ijqkzvd4hct7ccykcnys7eym6t3/compiler/2022.2.1/linux/bin/icpx   -v CMakeFiles/cmTC_d43ed.dir/CMakeCXXCompilerABI.cpp.o -o cmTC_d43ed ]
  ignore line: [Intel(R) oneAPI DPC++/C++ Compiler 2022.2.1 (2022.2.1.20221020)]
  ignore line: [Target: x86_64-unknown-linux-gnu]
  ignore line: [Thread model: posix]
  ignore line: [InstalledDir: /sw/workstations/apps/linux-ubuntu22.04-ivybridge/intel-oneapi-compilers/2022.2.1/gcc-11.3.0/k2f52ijqkzvd4hct7ccykcnys7eym6t3/compiler/2022.2.1/linux/bin-llvm]
  ignore line: [Configuration file: /sw/workstations/apps/linux-ubuntu22.04-ivybridge/intel-oneapi-compilers/2022.2.1/gcc-11.3.0/k2f52ijqkzvd4hct7ccykcnys7eym6t3/compiler/2022.2.1/linux/bin/icpx.cfg]
  ignore line: [Found candidate GCC installation: /usr/lib/gcc/x86_64-linux-gnu/11]
  ignore line: [Found candidate GCC installation: /usr/lib/gcc/x86_64-linux-gnu/12]
  ignore line: [Selected GCC installation: /usr/lib/gcc/x86_64-linux-gnu/12]
  ignore line: [Candidate multilib: .]
  ignore line: [@m64]
  ignore line: [Selected multilib: .]
  ignore line: [@m64]
  link line: [ "/usr/bin/ld" -z relro --hash-style=gnu --eh-frame-hdr -m elf_x86_64 -dynamic-linker /lib64/ld-linux-x86-64.so.2 -o cmTC_d43ed /lib/x86_64-linux-gnu/crt1.o /lib/x86_64-linux-gnu/crti.o /usr/lib/gcc/x86_64-linux-gnu/12/crtbegin.o -L/sw/workstations/apps/linux-ubuntu22.04-ivybridge/intel-oneapi-compilers/2022.2.1/gcc-11.3.0/k2f52ijqkzvd4hct7ccykcnys7eym6t3/compiler/2022.2.1/linux/bin-llvm/../compiler/lib/intel64_lin -L/sw/workstations/apps/linux-ubuntu22.04-ivybridge/intel-oneapi-compilers/2022.2.1/gcc-11.3.0/k2f52ijqkzvd4hct7ccykcnys7eym6t3/compiler/2022.2.1/linux/bin-llvm/../lib -L/sw/workstations/apps/linux-ubuntu22.04-ivybridge/intel-oneapi-compilers/2022.2.1/gcc-11.3.0/k2f52ijqkzvd4hct7ccykcnys7eym6t3/compiler/2022.2.1/linux/bin-llvm/../compiler/lib/intel64_lin -L/usr/lib/gcc/x86_64-linux-gnu/12 -L/usr/lib/gcc/x86_64-linux-gnu/12/../../../../lib64 -L/lib/x86_64-linux-gnu -L/lib/../lib64 -L/usr/lib/x86_64-linux-gnu -L/usr/lib/../lib64 -L/usr/lib/gcc/x86_64-linux-gnu/12/../../.. -L/lib -L/usr/lib -L/sw/workstations/apps/linux-ubuntu22.04-ivybridge/intel-oneapi-compilers/2022.2.1/gcc-11.3.0/k2f52ijqkzvd4hct7ccykcnys7eym6t3/compiler/2022.2.1/linux/compiler/lib/intel64_lin -L/sw/workstations/apps/linux-ubuntu22.04-ivybridge/intel-oneapi-compilers/2022.2.1/gcc-11.3.0/k2f52ijqkzvd4hct7ccykcnys7eym6t3/compiler/2022.2.1/linux/lib -rpath /sw/workstations/apps/linux-ubuntu22.04-ivybridge/intel-oneapi-compilers/2022.2.1/gcc-11.3.0/k2f52ijqkzvd4hct7ccykcnys7eym6t3/compiler/2022.2.1/linux/lib -rpath /sw/workstations/apps/linux-ubuntu22.04-ivybridge/intel-oneapi-compilers/2022.2.1/gcc-11.3.0/k2f52ijqkzvd4hct7ccykcnys7eym6t3/compiler/2022.2.1/linux/lib/x64 -rpath /sw/workstations/apps/linux-ubuntu22.04-ivybridge/intel-oneapi-compilers/2022.2.1/gcc-11.3.0/k2f52ijqkzvd4hct7ccykcnys7eym6t3/compiler/2022.2.1/linux/lib/oclfpga/host/linux64/lib -rpath /sw/workstations/apps/linux-ubuntu22.04-ivybridge/intel-oneapi-compilers/2022.2.1/gcc-11.3.0/k2f52ijqkzvd4hct7ccykcnys7eym6t3/compiler/2022.2.1/linux/lib/oclfpga/linux64/lib -rpath /sw/workstations/apps/linux-ubuntu22.04-ivybridge/intel-oneapi-compilers/2022.2.1/gcc-11.3.0/k2f52ijqkzvd4hct7ccykcnys7eym6t3/compiler/2022.2.1/linux/compiler/lib/intel64_lin CMakeFiles/cmTC_d43ed.dir/CMakeCXXCompilerABI.cpp.o -Bstatic -lsvml -Bdynamic -Bstatic -lirng -Bdynamic -lstdc++ -Bstatic -limf -Bdynamic -lm -lgcc_s -lgcc -Bstatic -lirc -Bdynamic -ldl -lgcc_s -lgcc -lc -lgcc_s -lgcc -Bstatic -lirc_s -Bdynamic /usr/lib/gcc/x86_64-linux-gnu/12/crtend.o /lib/x86_64-linux-gnu/crtn.o]
    arg [/usr/bin/ld] ==> ignore
    arg [-zrelro] ==> ignore
    arg [--hash-style=gnu] ==> ignore
    arg [--eh-frame-hdr] ==> ignore
    arg [-m] ==> ignore
    arg [elf_x86_64] ==> ignore
    arg [-dynamic-linker] ==> ignore
    arg [/lib64/ld-linux-x86-64.so.2] ==> ignore
    arg [-o] ==> ignore
    arg [cmTC_d43ed] ==> ignore
    arg [/lib/x86_64-linux-gnu/crt1.o] ==> obj [/lib/x86_64-linux-gnu/crt1.o]
    arg [/lib/x86_64-linux-gnu/crti.o] ==> obj [/lib/x86_64-linux-gnu/crti.o]
    arg [/usr/lib/gcc/x86_64-linux-gnu/12/crtbegin.o] ==> obj [/usr/lib/gcc/x86_64-linux-gnu/12/crtbegin.o]
    arg [-L/sw/workstations/apps/linux-ubuntu22.04-ivybridge/intel-oneapi-compilers/2022.2.1/gcc-11.3.0/k2f52ijqkzvd4hct7ccykcnys7eym6t3/compiler/2022.2.1/linux/bin-llvm/../compiler/lib/intel64_lin] ==> dir [/sw/workstations/apps/linux-ubuntu22.04-ivybridge/intel-oneapi-compilers/2022.2.1/gcc-11.3.0/k2f52ijqkzvd4hct7ccykcnys7eym6t3/compiler/2022.2.1/linux/bin-llvm/../compiler/lib/intel64_lin]
    arg [-L/sw/workstations/apps/linux-ubuntu22.04-ivybridge/intel-oneapi-compilers/2022.2.1/gcc-11.3.0/k2f52ijqkzvd4hct7ccykcnys7eym6t3/compiler/2022.2.1/linux/bin-llvm/../lib] ==> dir [/sw/workstations/apps/linux-ubuntu22.04-ivybridge/intel-oneapi-compilers/2022.2.1/gcc-11.3.0/k2f52ijqkzvd4hct7ccykcnys7eym6t3/compiler/2022.2.1/linux/bin-llvm/../lib]
    arg [-L/sw/workstations/apps/linux-ubuntu22.04-ivybridge/intel-oneapi-compilers/2022.2.1/gcc-11.3.0/k2f52ijqkzvd4hct7ccykcnys7eym6t3/compiler/2022.2.1/linux/bin-llvm/../compiler/lib/intel64_lin] ==> dir [/sw/workstations/apps/linux-ubuntu22.04-ivybridge/intel-oneapi-compilers/2022.2.1/gcc-11.3.0/k2f52ijqkzvd4hct7ccykcnys7eym6t3/compiler/2022.2.1/linux/bin-llvm/../compiler/lib/intel64_lin]
    arg [-L/usr/lib/gcc/x86_64-linux-gnu/12] ==> dir [/usr/lib/gcc/x86_64-linux-gnu/12]
    arg [-L/usr/lib/gcc/x86_64-linux-gnu/12/../../../../lib64] ==> dir [/usr/lib/gcc/x86_64-linux-gnu/12/../../../../lib64]
    arg [-L/lib/x86_64-linux-gnu] ==> dir [/lib/x86_64-linux-gnu]
    arg [-L/lib/../lib64] ==> dir [/lib/../lib64]
    arg [-L/usr/lib/x86_64-linux-gnu] ==> dir [/usr/lib/x86_64-linux-gnu]
    arg [-L/usr/lib/../lib64] ==> dir [/usr/lib/../lib64]
    arg [-L/usr/lib/gcc/x86_64-linux-gnu/12/../../..] ==> dir [/usr/lib/gcc/x86_64-linux-gnu/12/../../..]
    arg [-L/lib] ==> dir [/lib]
    arg [-L/usr/lib] ==> dir [/usr/lib]
    arg [-L/sw/workstations/apps/linux-ubuntu22.04-ivybridge/intel-oneapi-compilers/2022.2.1/gcc-11.3.0/k2f52ijqkzvd4hct7ccykcnys7eym6t3/compiler/2022.2.1/linux/compiler/lib/intel64_lin] ==> dir [/sw/workstations/apps/linux-ubuntu22.04-ivybridge/intel-oneapi-compilers/2022.2.1/gcc-11.3.0/k2f52ijqkzvd4hct7ccykcnys7eym6t3/compiler/2022.2.1/linux/compiler/lib/intel64_lin]
    arg [-L/sw/workstations/apps/linux-ubuntu22.04-ivybridge/intel-oneapi-compilers/2022.2.1/gcc-11.3.0/k2f52ijqkzvd4hct7ccykcnys7eym6t3/compiler/2022.2.1/linux/lib] ==> dir [/sw/workstations/apps/linux-ubuntu22.04-ivybridge/intel-oneapi-compilers/2022.2.1/gcc-11.3.0/k2f52ijqkzvd4hct7ccykcnys7eym6t3/compiler/2022.2.1/linux/lib]
    arg [-rpath] ==> ignore
    arg [/sw/workstations/apps/linux-ubuntu22.04-ivybridge/intel-oneapi-compilers/2022.2.1/gcc-11.3.0/k2f52ijqkzvd4hct7ccykcnys7eym6t3/compiler/2022.2.1/linux/lib] ==> ignore
    arg [-rpath] ==> ignore
    arg [/sw/workstations/apps/linux-ubuntu22.04-ivybridge/intel-oneapi-compilers/2022.2.1/gcc-11.3.0/k2f52ijqkzvd4hct7ccykcnys7eym6t3/compiler/2022.2.1/linux/lib/x64] ==> ignore
    arg [-rpath] ==> ignore
    arg [/sw/workstations/apps/linux-ubuntu22.04-ivybridge/intel-oneapi-compilers/2022.2.1/gcc-11.3.0/k2f52ijqkzvd4hct7ccykcnys7eym6t3/compiler/2022.2.1/linux/lib/oclfpga/host/linux64/lib] ==> ignore
    arg [-rpath] ==> ignore
    arg [/sw/workstations/apps/linux-ubuntu22.04-ivybridge/intel-oneapi-compilers/2022.2.1/gcc-11.3.0/k2f52ijqkzvd4hct7ccykcnys7eym6t3/compiler/2022.2.1/linux/lib/oclfpga/linux64/lib] ==> ignore
    arg [-rpath] ==> ignore
    arg [/sw/workstations/apps/linux-ubuntu22.04-ivybridge/intel-oneapi-compilers/2022.2.1/gcc-11.3.0/k2f52ijqkzvd4hct7ccykcnys7eym6t3/compiler/2022.2.1/linux/compiler/lib/intel64_lin] ==> ignore
    arg [CMakeFiles/cmTC_d43ed.dir/CMakeCXXCompilerABI.cpp.o] ==> ignore
    arg [-Bstatic] ==> search static
    arg [-lsvml] ==> lib [svml]
    arg [-Bdynamic] ==> search dynamic
    arg [-Bstatic] ==> search static
    arg [-lirng] ==> lib [irng]
    arg [-Bdynamic] ==> search dynamic
    arg [-lstdc++] ==> lib [stdc++]
    arg [-Bstatic] ==> search static
    arg [-limf] ==> lib [imf]
    arg [-Bdynamic] ==> search dynamic
    arg [-lm] ==> lib [m]
    arg [-lgcc_s] ==> lib [gcc_s]
    arg [-lgcc] ==> lib [gcc]
    arg [-Bstatic] ==> search static
    arg [-lirc] ==> lib [irc]
    arg [-Bdynamic] ==> search dynamic
    arg [-ldl] ==> lib [dl]
    arg [-lgcc_s] ==> lib [gcc_s]
    arg [-lgcc] ==> lib [gcc]
    arg [-lc] ==> lib [c]
    arg [-lgcc_s] ==> lib [gcc_s]
    arg [-lgcc] ==> lib [gcc]
    arg [-Bstatic] ==> search static
    arg [-lirc_s] ==> lib [irc_s]
    arg [-Bdynamic] ==> search dynamic
    arg [/usr/lib/gcc/x86_64-linux-gnu/12/crtend.o] ==> obj [/usr/lib/gcc/x86_64-linux-gnu/12/crtend.o]
    arg [/lib/x86_64-linux-gnu/crtn.o] ==> obj [/lib/x86_64-linux-gnu/crtn.o]
  collapse library dir [/sw/workstations/apps/linux-ubuntu22.04-ivybridge/intel-oneapi-compilers/2022.2.1/gcc-11.3.0/k2f52ijqkzvd4hct7ccykcnys7eym6t3/compiler/2022.2.1/linux/bin-llvm/../compiler/lib/intel64_lin] ==> [/sw/workstations/apps/linux-ubuntu22.04-ivybridge/intel-oneapi-compilers/2022.2.1/gcc-11.3.0/k2f52ijqkzvd4hct7ccykcnys7eym6t3/compiler/2022.2.1/linux/compiler/lib/intel64_lin]
  collapse library dir [/sw/workstations/apps/linux-ubuntu22.04-ivybridge/intel-oneapi-compilers/2022.2.1/gcc-11.3.0/k2f52ijqkzvd4hct7ccykcnys7eym6t3/compiler/2022.2.1/linux/bin-llvm/../lib] ==> [/sw/workstations/apps/linux-ubuntu22.04-ivybridge/intel-oneapi-compilers/2022.2.1/gcc-11.3.0/k2f52ijqkzvd4hct7ccykcnys7eym6t3/compiler/2022.2.1/linux/lib]
  collapse library dir [/sw/workstations/apps/linux-ubuntu22.04-ivybridge/intel-oneapi-compilers/2022.2.1/gcc-11.3.0/k2f52ijqkzvd4hct7ccykcnys7eym6t3/compiler/2022.2.1/linux/bin-llvm/../compiler/lib/intel64_lin] ==> [/sw/workstations/apps/linux-ubuntu22.04-ivybridge/intel-oneapi-compilers/2022.2.1/gcc-11.3.0/k2f52ijqkzvd4hct7ccykcnys7eym6t3/compiler/2022.2.1/linux/compiler/lib/intel64_lin]
  collapse library dir [/usr/lib/gcc/x86_64-linux-gnu/12] ==> [/usr/lib/gcc/x86_64-linux-gnu/12]
  collapse library dir [/usr/lib/gcc/x86_64-linux-gnu/12/../../../../lib64] ==> [/usr/lib64]
  collapse library dir [/lib/x86_64-linux-gnu] ==> [/lib/x86_64-linux-gnu]
  collapse library dir [/lib/../lib64] ==> [/lib64]
  collapse library dir [/usr/lib/x86_64-linux-gnu] ==> [/usr/lib/x86_64-linux-gnu]
  collapse library dir [/usr/lib/../lib64] ==> [/usr/lib64]
  collapse library dir [/usr/lib/gcc/x86_64-linux-gnu/12/../../..] ==> [/usr/lib]
  collapse library dir [/lib] ==> [/lib]
  collapse library dir [/usr/lib] ==> [/usr/lib]
  collapse library dir [/sw/workstations/apps/linux-ubuntu22.04-ivybridge/intel-oneapi-compilers/2022.2.1/gcc-11.3.0/k2f52ijqkzvd4hct7ccykcnys7eym6t3/compiler/2022.2.1/linux/compiler/lib/intel64_lin] ==> [/sw/workstations/apps/linux-ubuntu22.04-ivybridge/intel-oneapi-compilers/2022.2.1/gcc-11.3.0/k2f52ijqkzvd4hct7ccykcnys7eym6t3/compiler/2022.2.1/linux/compiler/lib/intel64_lin]
  collapse library dir [/sw/workstations/apps/linux-ubuntu22.04-ivybridge/intel-oneapi-compilers/2022.2.1/gcc-11.3.0/k2f52ijqkzvd4hct7ccykcnys7eym6t3/compiler/2022.2.1/linux/lib] ==> [/sw/workstations/apps/linux-ubuntu22.04-ivybridge/intel-oneapi-compilers/2022.2.1/gcc-11.3.0/k2f52ijqkzvd4hct7ccykcnys7eym6t3/compiler/2022.2.1/linux/lib]
  implicit libs: [svml;irng;stdc++;imf;m;gcc_s;gcc;irc;dl;gcc_s;gcc;c;gcc_s;gcc;irc_s]
  implicit objs: [/lib/x86_64-linux-gnu/crt1.o;/lib/x86_64-linux-gnu/crti.o;/usr/lib/gcc/x86_64-linux-gnu/12/crtbegin.o;/usr/lib/gcc/x86_64-linux-gnu/12/crtend.o;/lib/x86_64-linux-gnu/crtn.o]
  implicit dirs: [/sw/workstations/apps/linux-ubuntu22.04-ivybridge/intel-oneapi-compilers/2022.2.1/gcc-11.3.0/k2f52ijqkzvd4hct7ccykcnys7eym6t3/compiler/2022.2.1/linux/compiler/lib/intel64_lin;/sw/workstations/apps/linux-ubuntu22.04-ivybridge/intel-oneapi-compilers/2022.2.1/gcc-11.3.0/k2f52ijqkzvd4hct7ccykcnys7eym6t3/compiler/2022.2.1/linux/lib;/usr/lib/gcc/x86_64-linux-gnu/12;/usr/lib64;/lib/x86_64-linux-gnu;/lib64;/usr/lib/x86_64-linux-gnu;/usr/lib;/lib]
  implicit fwks: []


The system is: Linux - 5.15.0-179-generic - x86_64
Compiling the C compiler identification source file "CMakeCCompilerId.c" succeeded.
Compiler: /sw/workstations/apps/linux-ubuntu22.04-ivybridge/intel-oneapi-compilers/2022.2.1/gcc-11.3.0/k2f52ijqkzvd4hct7ccykcnys7eym6t3/compiler/2022.2.1/linux/bin/intel64/icc 
Build flags: 
Id flags:  

The output was:
0
icc: remark #10441: The Intel(R) C++ Compiler Classic (ICC) is deprecated and will be removed from product release in the second half of 2023. The Intel(R) oneAPI DPC++/C++ Compiler (ICX) is the recommended compiler moving forward. Please transition to use this compiler. Use '-diag-disable=10441' to disable this message.


Compilation of the C compiler identification source "CMakeCCompilerId.c" produced "a.out"

The C compiler identification is Intel, found in "/media/x_plotnips/sdd1/Dropbox/PhD_proposal/work_with_david/Exawave_3_handover/panzer_repo/CMakeFiles/3.24.3/CompilerIdC/a.out"

Detecting C compiler ABI info compiled with the following output:
Change Dir: /media/x_plotnips/sdd1/Dropbox/PhD_proposal/work_with_david/Exawave_3_handover/panzer_repo/CMakeFiles/CMakeTmp

Run Build Command(s):/usr/bin/gmake -f Makefile cmTC_232e0/fast && /usr/bin/gmake  -f CMakeFiles/cmTC_232e0.dir/build.make CMakeFiles/cmTC_232e0.dir/build
gmake[1]: Entering directory '/media/x_plotnips/sdd1/Dropbox/PhD_proposal/work_with_david/Exawave_3_handover/panzer_repo/CMakeFiles/CMakeTmp'
Building C object CMakeFiles/cmTC_232e0.dir/CMakeCCompilerABI.c.o
/sw/workstations/apps/linux-ubuntu22.04-ivybridge/intel-oneapi-compilers/2022.2.1/gcc-11.3.0/k2f52ijqkzvd4hct7ccykcnys7eym6t3/compiler/2022.2.1/linux/bin/intel64/icc   -v -MD -MT CMakeFiles/cmTC_232e0.dir/CMakeCCompilerABI.c.o -MF CMakeFiles/cmTC_232e0.dir/CMakeCCompilerABI.c.o.d -o CMakeFiles/cmTC_232e0.dir/CMakeCCompilerABI.c.o -c /sw/workstations/apps/linux-ubuntu22.04-ivybridge/cmake/3.24.3/gcc-11.3.0/im6us5w327xiszfjh37fer4odzrpsbgr/share/cmake-3.24/Modules/CMakeCCompilerABI.c
icc: remark #10441: The Intel(R) C++ Compiler Classic (ICC) is deprecated and will be removed from product release in the second half of 2023. The Intel(R) oneAPI DPC++/C++ Compiler (ICX) is the recommended compiler moving forward. Please transition to use this compiler. Use '-diag-disable=10441' to disable this message.
icc version 2021.7.1 (gcc version 11.4.0 compatibility)
/sw/workstations/apps/linux-ubuntu22.04-ivybridge/intel-oneapi-compilers/2022.2.1/gcc-11.3.0/k2f52ijqkzvd4hct7ccykcnys7eym6t3/compiler/2022.2.1/linux/bin/intel64/../../bin/intel64/mcpcom    --target_efi2 --lang=c -oCMakeFiles/cmTC_232e0.dir/CMakeCCompilerABI.c.o -_g -mP3OPT_inline_alloca -D__ICC=2021 -D__INTEL_COMPILER=2021 -D__INTEL_COMPILER_UPDATE=7 -D__PTRDIFF_TYPE__=long "-D__SIZE_TYPE__=unsigned long" -D__WCHAR_TYPE__=int "-D__WINT_TYPE__=unsigned int" "-D__INTMAX_TYPE__=long int" "-D__UINTMAX_TYPE__=long unsigned int" -D__LONG_MAX__=9223372036854775807L -D__QMSPP_ -D__OPTIMIZE__ -D__NO_MATH_INLINES -D__NO_STRING_INLINES -D__GNUC_GNU_INLINE__ -D__GNUC__=11 -D__GNUC_MINOR__=4 -D__GNUC_PATCHLEVEL__=0 -D__LP64__ -D_LP64 -D__GXX_ABI_VERSION=1010 "-D__USER_LABEL_PREFIX__= " -D__REGISTER_PREFIX__= -D__INTEL_RTTI__ -D__unix__ -D__unix -D__linux__ -D__linux -D__gnu_linux__ -B -Dunix -Dlinux "-_Asystem(unix)" -D__ELF__ -D__x86_64 -D__x86_64__ -D__amd64 -D__amd64__ "-_Acpu(x86_64)" "-_Amachine(x86_64)" -D__INTEL_COMPILER_BUILD_DATE=20221019 -D__INTEL_OFFLOAD -D__MMX__ -D__SSE__ -D__SSE_MATH__ -D__SSE2__ -D__SSE2_MATH__ -D__pentium4 -D__pentium4__ -D__tune_pentium4__ -_k -_8 -_l --has_new_stdarg_support -_a -_b --gnu_version=110400 -_W5 --openmp_simd --noopenmp_offload --dependency_file_name CMakeFiles/cmTC_232e0.dir/CMakeCCompilerABI.c.o.d --compile_dependencies --dependency_target_name CMakeFiles/cmTC_232e0.dir/CMakeCCompilerABI.c.o --multibyte_chars -mGLOB_diag_suppress_sys --system_preinclude /usr/include/stdc-predef.h --array_section --simd --simd_func --offload_mode=1 --offload_target_names=mic,MIC --offload_unique_string=icc1944630457IbP4WD -mGLOB_em64t=TRUE -mP1OPT_version=2021.7.1-intel64 -mGLOB_diag_file=CMakeFiles/cmTC_232e0.dir/CMakeCCompilerABI.c.diag -mGLOB_long_size_64 -mGLOB_routine_pointer_size_64 -mP1OPT_print_version=FALSE -mCG_use_gas_got_workaround=F -mP2OPT_align_option_used=TRUE -mGLOB_gcc_version=1140 "-mGLOB_options_string=-Wl,-rpath,/sw/workstations/apps/linux-ubuntu22.04-ivybridge/intel-oneapi-compilers/2022.2.1/gcc-11.3.0/k2f52ijqkzvd4hct7ccykcnys7eym6t3/compiler/2022.2.1/linux/lib -Wl,-rpath,/sw/workstations/apps/linux-ubuntu22.04-ivybridge/intel-oneapi-compilers/2022.2.1/gcc-11.3.0/k2f52ijqkzvd4hct7ccykcnys7eym6t3/compiler/2022.2.1/linux/lib/x64 -Wl,-rpath,/sw/workstations/apps/linux-ubuntu22.04-ivybridge/intel-oneapi-compilers/2022.2.1/gcc-11.3.0/k2f52ijqkzvd4hct7ccykcnys7eym6t3/compiler/2022.2.1/linux/lib/oclfpga/host/linux64/lib -Wl,-rpath,/sw/workstations/apps/linux-ubuntu22.04-ivybridge/intel-oneapi-compilers/2022.2.1/gcc-11.3.0/k2f52ijqkzvd4hct7ccykcnys7eym6t3/compiler/2022.2.1/linux/lib/oclfpga/linux64/lib -Wl,-rpath,/sw/workstations/apps/linux-ubuntu22.04-ivybridge/intel-oneapi-compilers/2022.2.1/gcc-11.3.0/k2f52ijqkzvd4hct7ccykcnys7eym6t3/compiler/2022.2.1/linux/compiler/lib/intel64_lin -gcc-name=/usr/bin/gcc -gxx-name=/usr/bin/g++ -v -MD -MT CMakeFiles/cmTC_232e0.dir/CMakeCCompilerABI.c.o -MF CMakeFiles/cmTC_232e0.dir/CMakeCCompilerABI.c.o.d -o CMakeFiles/cmTC_232e0.dir/CMakeCCompilerABI.c.o -c" -mGLOB_cxx_limited_range=FALSE -mCG_extend_parms=FALSE -mGLOB_compiler_bin_directory=/sw/workstations/apps/linux-ubuntu22.04-ivybridge/intel-oneapi-compilers/2022.2.1/gcc-11.3.0/k2f52ijqkzvd4hct7ccykcnys7eym6t3/compiler/2022.2.1/linux/bin/intel64/../../bin/intel64 -mGLOB_as_output_backup_file_name=/tmp/iccKMqz5Kas_.s -mIPOPT_activate -mIPOPT_lite -mGLOB_uarch_tuning=0x0 -mGLOB_product_id_code=0x22006d93 -mCG_bnl_movbe=T -mP3OPT_use_mspp_call_convention -mP2OPT_subs_out_of_bound=FALSE -mP2OPT_disam_type_based_disam=2 -mP2OPT_disam_assume_ansi_c -mP2OPT_checked_disam_ansi_alias=TRUE -mGLOB_ansi_alias -mPGOPTI_value_profile_use=T -mP2OPT_il0_array_sections=TRUE -mGLOB_offload_mode=1 -mGLOB_offload_no_openmp=TRUE -mP2OPT_offload_unique_var_string=icc1944630457IbP4WD -mP2OPT_hlo_level=2 -mP2OPT_hlo -mP2OPT_hpo_rtt_control=0 -mIPOPT_args_in_regs=0 -mP2OPT_disam_assume_nonstd_intent_in=FALSE -mGLOB_imf_mapping_library=/sw/workstations/apps/linux-ubuntu22.04-ivybridge/intel-oneapi-compilers/2022.2.1/gcc-11.3.0/k2f52ijqkzvd4hct7ccykcnys7eym6t3/compiler/2022.2.1/linux/bin/intel64/../../bin/intel64/libiml_attr.so -mPGOPTI_gen_threadsafe_level=0 -mIPOPT_lto_object_enabled -mIPOPT_lto_object_value=1 -mIPOPT_obj_output_file_name=CMakeFiles/cmTC_232e0.dir/CMakeCCompilerABI.c.o -mIPOPT_whole_archive_fixup_file_name=/tmp/iccwarchPfvnHj -mGLOB_linker_version=2.38 -mGLOB_linker=ld -mGLOB_driver_tempfile_name=/tmp/icctempfileDQ3uWA -mP3OPT_asm_target=P3OPT_ASM_TARGET_GAS -mGLOB_async_unwind_tables=TRUE -mGLOB_obj_output_file=CMakeFiles/cmTC_232e0.dir/CMakeCCompilerABI.c.o -mGLOB_source_dialect=GLOB_SOURCE_DIALECT_C -mP1OPT_source_file_name=/sw/workstations/apps/linux-ubuntu22.04-ivybridge/cmake/3.24.3/gcc-11.3.0/im6us5w327xiszfjh37fer4odzrpsbgr/share/cmake-3.24/Modules/CMakeCCompilerABI.c -mP1OPT_full_source_file_name=/sw/workstations/apps/linux-ubuntu22.04-ivybridge/cmake/3.24.3/gcc-11.3.0/im6us5w327xiszfjh37fer4odzrpsbgr/share/cmake-3.24/Modules/CMakeCCompilerABI.c /sw/workstations/apps/linux-ubuntu22.04-ivybridge/cmake/3.24.3/gcc-11.3.0/im6us5w327xiszfjh37fer4odzrpsbgr/share/cmake-3.24/Modules/CMakeCCompilerABI.c
#include "..." search starts here:
#include <...> search starts here:
 /sw/workstations/apps/linux-ubuntu22.04-ivybridge/intel-oneapi-compilers/2022.2.1/gcc-11.3.0/k2f52ijqkzvd4hct7ccykcnys7eym6t3/compiler/2022.2.1/linux/bin/intel64/../../compiler/include/intel64
 /sw/workstations/apps/linux-ubuntu22.04-ivybridge/intel-oneapi-compilers/2022.2.1/gcc-11.3.0/k2f52ijqkzvd4hct7ccykcnys7eym6t3/compiler/2022.2.1/linux/bin/intel64/../../compiler/include/icc
 /sw/workstations/apps/linux-ubuntu22.04-ivybridge/intel-oneapi-compilers/2022.2.1/gcc-11.3.0/k2f52ijqkzvd4hct7ccykcnys7eym6t3/compiler/2022.2.1/linux/bin/intel64/../../compiler/include
 /usr/local/include
 /usr/lib/gcc/x86_64-linux-gnu/11/include
 /usr/include/
 /usr/include
 /usr/include/x86_64-linux-gnu
End of search list.
Linking C executable cmTC_232e0
/sw/workstations/apps/linux-ubuntu22.04-ivybridge/cmake/3.24.3/gcc-11.3.0/im6us5w327xiszfjh37fer4odzrpsbgr/bin/cmake -E cmake_link_script CMakeFiles/cmTC_232e0.dir/link.txt --verbose=1
/sw/workstations/apps/linux-ubuntu22.04-ivybridge/intel-oneapi-compilers/2022.2.1/gcc-11.3.0/k2f52ijqkzvd4hct7ccykcnys7eym6t3/compiler/2022.2.1/linux/bin/intel64/icc  -v CMakeFiles/cmTC_232e0.dir/CMakeCCompilerABI.c.o -o cmTC_232e0 
icc: remark #10441: The Intel(R) C++ Compiler Classic (ICC) is deprecated and will be removed from product release in the second half of 2023. The Intel(R) oneAPI DPC++/C++ Compiler (ICX) is the recommended compiler moving forward. Please transition to use this compiler. Use '-diag-disable=10441' to disable this message.
icc version 2021.7.1 (gcc version 11.4.0 compatibility)
/sw/workstations/apps/linux-ubuntu22.04-ivybridge/intel-oneapi-compilers/2022.2.1/gcc-11.3.0/k2f52ijqkzvd4hct7ccykcnys7eym6t3/compiler/2022.2.1/linux/bin/intel64/../../bin/intel64/mcpcom    -mGLOB_em64t=TRUE -mP1OPT_version=2021.7.1-intel64 -mGLOB_diag_file=CMakeFiles/cmTC_232e0.dir/CMakeCCompilerABI.c.diag -mGLOB_long_size_64 -mGLOB_routine_pointer_size_64 -mP1OPT_print_version=FALSE -mCG_use_gas_got_workaround=F -mP2OPT_align_option_used=TRUE -mGLOB_gcc_version=1140 "-mGLOB_options_string=-Wl,-rpath,/sw/workstations/apps/linux-ubuntu22.04-ivybridge/intel-oneapi-compilers/2022.2.1/gcc-11.3.0/k2f52ijqkzvd4hct7ccykcnys7eym6t3/compiler/2022.2.1/linux/lib -Wl,-rpath,/sw/workstations/apps/linux-ubuntu22.04-ivybridge/intel-oneapi-compilers/2022.2.1/gcc-11.3.0/k2f52ijqkzvd4hct7ccykcnys7eym6t3/compiler/2022.2.1/linux/lib/x64 -Wl,-rpath,/sw/workstations/apps/linux-ubuntu22.04-ivybridge/intel-oneapi-compilers/2022.2.1/gcc-11.3.0/k2f52ijqkzvd4hct7ccykcnys7eym6t3/compiler/2022.2.1/linux/lib/oclfpga/host/linux64/lib -Wl,-rpath,/sw/workstations/apps/linux-ubuntu22.04-ivybridge/intel-oneapi-compilers/2022.2.1/gcc-11.3.0/k2f52ijqkzvd4hct7ccykcnys7eym6t3/compiler/2022.2.1/linux/lib/oclfpga/linux64/lib -Wl,-rpath,/sw/workstations/apps/linux-ubuntu22.04-ivybridge/intel-oneapi-compilers/2022.2.1/gcc-11.3.0/k2f52ijqkzvd4hct7ccykcnys7eym6t3/compiler/2022.2.1/linux/compiler/lib/intel64_lin -gcc-name=/usr/bin/gcc -gxx-name=/usr/bin/g++ -v -o cmTC_232e0" -mGLOB_cxx_limited_range=FALSE -mCG_extend_parms=FALSE -mGLOB_compiler_bin_directory=/sw/workstations/apps/linux-ubuntu22.04-ivybridge/intel-oneapi-compilers/2022.2.1/gcc-11.3.0/k2f52ijqkzvd4hct7ccykcnys7eym6t3/compiler/2022.2.1/linux/bin/intel64/../../bin/intel64 -mGLOB_as_output_backup_file_name=/tmp/iccd8E7Iaas_.s -mGLOB_dashboard_use_source_name -mIPOPT_activate -mGLOB_product_id_code=0x22006d93 -mP3OPT_use_mspp_call_convention -mP2OPT_subs_out_of_bound=FALSE -mP2OPT_disam_type_based_disam=2 -mP2OPT_disam_assume_ansi_c -mP2OPT_checked_disam_ansi_alias=TRUE -mGLOB_ansi_alias -mPGOPTI_value_profile_use=T -mGLOB_opt_report_use_source_name -mP2OPT_il0_array_sections=TRUE -mGLOB_offload_mode=1 -mGLOB_offload_no_openmp=TRUE -mP2OPT_offload_unique_var_string=icc1747817157FQzecd -mP2OPT_hlo -mP2OPT_hpo_rtt_control=0 -mIPOPT_args_in_regs=0 -mP2OPT_disam_assume_nonstd_intent_in=FALSE -mGLOB_imf_mapping_library=/sw/workstations/apps/linux-ubuntu22.04-ivybridge/intel-oneapi-compilers/2022.2.1/gcc-11.3.0/k2f52ijqkzvd4hct7ccykcnys7eym6t3/compiler/2022.2.1/linux/bin/intel64/../../bin/intel64/libiml_attr.so -mPGOPTI_gen_threadsafe_level=0 -mIPOPT_link -mIPOPT_ipo_activate -mIPOPT_mo_activate -mIPOPT_source_files_list=/tmp/iccslisMo6w8N -mIPOPT_mo_global_data -mIPOPT_link_script_file=/tmp/iccscript2EnLy7 "-mIPOPT_cmdline_link="/usr/lib/gcc/x86_64-linux-gnu/11/../../../x86_64-linux-gnu/Scrt1.o" "/usr/lib/gcc/x86_64-linux-gnu/11/../../../x86_64-linux-gnu/crti.o" "/usr/lib/gcc/x86_64-linux-gnu/11/crtbeginS.o" "--eh-frame-hdr" "--build-id" "-dynamic-linker" "/lib64/ld-linux-x86-64.so.2" "-m" "elf_x86_64" "-o" "cmTC_232e0" "-L/sw/workstations/apps/linux-ubuntu22.04-ivybridge/intel-oneapi-compilers/2022.2.1/gcc-11.3.0/k2f52ijqkzvd4hct7ccykcnys7eym6t3/compiler/2022.2.1/linux/compiler/lib/intel64_lin" "-L/sw/workstations/apps/linux-ubuntu22.04-ivybridge/intel-oneapi-compilers/2022.2.1/gcc-11.3.0/k2f52ijqkzvd4hct7ccykcnys7eym6t3/compiler/2022.2.1/linux/lib" "-L/sw/workstations/apps/linux-ubuntu22.04-ivybridge/intel-oneapi-compilers/2022.2.1/gcc-11.3.0/k2f52ijqkzvd4hct7ccykcnys7eym6t3/compiler/2022.2.1/linux/bin/intel64/../../compiler/lib/intel64_lin" "-L/sw/workstations/apps/linux-ubuntu22.04-ivybridge/intel-oneapi-compilers/2022.2.1/gcc-11.3.0/k2f52ijqkzvd4hct7ccykcnys7eym6t3/compiler/2022.2.1/linux/lib/../lib/" "-L/usr/lib/gcc/x86_64-linux-gnu/11/" "-L/usr/lib/gcc/x86_64-linux-gnu/11/../../../x86_64-linux-gnu/" "-L/usr/lib/gcc/x86_64-linux-gnu/11/../../../../lib64" "-L/usr/lib/gcc/x86_64-linux-gnu/11/../../../../lib/" "-L/lib/x86_64-linux-gnu/" "-L/lib/../lib64" "-L/lib/../lib/" "-L/usr/lib/x86_64-linux-gnu/" "-L/usr/lib/../lib64" "-L/usr/lib/../lib/" "-L/sw/workstations/apps/linux-ubuntu22.04-ivybridge/intel-oneapi-compilers/2022.2.1/gcc-11.3.0/k2f52ijqkzvd4hct7ccykcnys7eym6t3/compiler/2022.2.1/linux/compiler/lib/intel64_lin/" "-L/sw/workstations/apps/linux-ubuntu22.04-ivybridge/intel-oneapi-compilers/2022.2.1/gcc-11.3.0/k2f52ijqkzvd4hct7ccykcnys7eym6t3/compiler/2022.2.1/linux/lib/" "-L/usr/lib/gcc/x86_64-linux-gnu/11/../../../" "-L/lib64" "-L/lib/" "-L/usr/lib64" "-L/usr/lib" "-rpath" "/sw/workstations/apps/linux-ubuntu22.04-ivybridge/intel-oneapi-compilers/2022.2.1/gcc-11.3.0/k2f52ijqkzvd4hct7ccykcnys7eym6t3/compiler/2022.2.1/linux/lib" "-rpath" "/sw/workstations/apps/linux-ubuntu22.04-ivybridge/intel-oneapi-compilers/2022.2.1/gcc-11.3.0/k2f52ijqkzvd4hct7ccykcnys7eym6t3/compiler/2022.2.1/linux/lib/x64" "-rpath" "/sw/workstations/apps/linux-ubuntu22.04-ivybridge/intel-oneapi-compilers/2022.2.1/gcc-11.3.0/k2f52ijqkzvd4hct7ccykcnys7eym6t3/compiler/2022.2.1/linux/lib/oclfpga/host/linux64/lib" "-rpath" "/sw/workstations/apps/linux-ubuntu22.04-ivybridge/intel-oneapi-compilers/2022.2.1/gcc-11.3.0/k2f52ijqkzvd4hct7ccykcnys7eym6t3/compiler/2022.2.1/linux/lib/oclfpga/linux64/lib" "-rpath" "/sw/workstations/apps/linux-ubuntu22.04-ivybridge/intel-oneapi-compilers/2022.2.1/gcc-11.3.0/k2f52ijqkzvd4hct7ccykcnys7eym6t3/compiler/2022.2.1/linux/compiler/lib/intel64_lin" "CMakeFiles/cmTC_232e0.dir/CMakeCCompilerABI.c.o" "-Bdynamic" "-Bstatic" "-limf" "-lsvml" "-lirng" "-Bdynamic" "-lm" "-Bstatic" "-lipgo" "-ldecimal" "--as-needed" "-Bdynamic" "-lcilkrts" "-lstdc++" "--no-as-needed" "-lgcc" "-lgcc_s" "-Bstatic" "-lirc" "-lsvml" "-Bdynamic" "-lc" "-lgcc" "-lgcc_s" "-Bstatic" "-lirc_s" "-Bdynamic" "-ldl" "-lc" "/usr/lib/gcc/x86_64-linux-gnu/11/crtendS.o" "/usr/lib/gcc/x86_64-linux-gnu/11/../../../x86_64-linux-gnu/crtn.o"" -mIPOPT_il_in_obj -mIPOPT_ipo_activate_warn=FALSE -mIPOPT_obj_output_file_name=/tmp/ipo_icckhJghW.o -mIPOPT_whole_archive_fixup_file_name=/tmp/iccwarchFwjqmr -mGLOB_linker_version=2.38 -mGLOB_linker=ld -mGLOB_driver_tempfile_name=/tmp/icctempfilecnQ28F -mP3OPT_asm_target=P3OPT_ASM_TARGET_GAS -mGLOB_async_unwind_tables=TRUE -mGLOB_obj_output_file=/tmp/ipo_icckhJghW.o -mGLOB_source_dialect=GLOB_SOURCE_DIALECT_NONE -mP1OPT_source_file_name=ipo_out.c CMakeFiles/cmTC_232e0.dir/CMakeCCompilerABI.c.o -mIPOPT_object_files=T -mIPOPT_assembly_files=/tmp/iccalisru1Ev7 -mIPOPT_generated_tempfiles=/tmp/iccelisBiqRAv -mIPOPT_embedded_object_base_name=/tmp/icceobjrnva7q -mIPOPT_cmdline_link_new_name=/tmp/iccllis9LE9J1
ld    /usr/lib/gcc/x86_64-linux-gnu/11/../../../x86_64-linux-gnu/Scrt1.o /usr/lib/gcc/x86_64-linux-gnu/11/../../../x86_64-linux-gnu/crti.o /usr/lib/gcc/x86_64-linux-gnu/11/crtbeginS.o --eh-frame-hdr --build-id -dynamic-linker /lib64/ld-linux-x86-64.so.2 -m elf_x86_64 -o cmTC_232e0 -L/sw/workstations/apps/linux-ubuntu22.04-ivybridge/intel-oneapi-compilers/2022.2.1/gcc-11.3.0/k2f52ijqkzvd4hct7ccykcnys7eym6t3/compiler/2022.2.1/linux/compiler/lib/intel64_lin -L/sw/workstations/apps/linux-ubuntu22.04-ivybridge/intel-oneapi-compilers/2022.2.1/gcc-11.3.0/k2f52ijqkzvd4hct7ccykcnys7eym6t3/compiler/2022.2.1/linux/lib -L/sw/workstations/apps/linux-ubuntu22.04-ivybridge/intel-oneapi-compilers/2022.2.1/gcc-11.3.0/k2f52ijqkzvd4hct7ccykcnys7eym6t3/compiler/2022.2.1/linux/bin/intel64/../../compiler/lib/intel64_lin -L/sw/workstations/apps/linux-ubuntu22.04-ivybridge/intel-oneapi-compilers/2022.2.1/gcc-11.3.0/k2f52ijqkzvd4hct7ccykcnys7eym6t3/compiler/2022.2.1/linux/lib/../lib/ -L/usr/lib/gcc/x86_64-linux-gnu/11/ -L/usr/lib/gcc/x86_64-linux-gnu/11/../../../x86_64-linux-gnu/ -L/usr/lib/gcc/x86_64-linux-gnu/11/../../../../lib64 -L/usr/lib/gcc/x86_64-linux-gnu/11/../../../../lib/ -L/lib/x86_64-linux-gnu/ -L/lib/../lib64 -L/lib/../lib/ -L/usr/lib/x86_64-linux-gnu/ -L/usr/lib/../lib64 -L/usr/lib/../lib/ -L/sw/workstations/apps/linux-ubuntu22.04-ivybridge/intel-oneapi-compilers/2022.2.1/gcc-11.3.0/k2f52ijqkzvd4hct7ccykcnys7eym6t3/compiler/2022.2.1/linux/compiler/lib/intel64_lin/ -L/sw/workstations/apps/linux-ubuntu22.04-ivybridge/intel-oneapi-compilers/2022.2.1/gcc-11.3.0/k2f52ijqkzvd4hct7ccykcnys7eym6t3/compiler/2022.2.1/linux/lib/ -L/usr/lib/gcc/x86_64-linux-gnu/11/../../../ -L/lib64 -L/lib/ -L/usr/lib64 -L/usr/lib -rpath /sw/workstations/apps/linux-ubuntu22.04-ivybridge/intel-oneapi-compilers/2022.2.1/gcc-11.3.0/k2f52ijqkzvd4hct7ccykcnys7eym6t3/compiler/2022.2.1/linux/lib -rpath /sw/workstations/apps/linux-ubuntu22.04-ivybridge/intel-oneapi-compilers/2022.2.1/gcc-11.3.0/k2f52ijqkzvd4hct7ccykcnys7eym6t3/compiler/2022.2.1/linux/lib/x64 -rpath /sw/workstations/apps/linux-ubuntu22.04-ivybridge/intel-oneapi-compilers/2022.2.1/gcc-11.3.0/k2f52ijqkzvd4hct7ccykcnys7eym6t3/compiler/2022.2.1/linux/lib/oclfpga/host/linux64/lib -rpath /sw/workstations/apps/linux-ubuntu22.04-ivybridge/intel-oneapi-compilers/2022.2.1/gcc-11.3.0/k2f52ijqkzvd4hct7ccykcnys7eym6t3/compiler/2022.2.1/linux/lib/oclfpga/linux64/lib -rpath /sw/workstations/apps/linux-ubuntu22.04-ivybridge/intel-oneapi-compilers/2022.2.1/gcc-11.3.0/k2f52ijqkzvd4hct7ccykcnys7eym6t3/compiler/2022.2.1/linux/compiler/lib/intel64_lin CMakeFiles/cmTC_232e0.dir/CMakeCCompilerABI.c.o -Bdynamic -Bstatic -limf -lsvml -lirng -Bdynamic -lm -Bstatic -lipgo -ldecimal --as-needed -Bdynamic -lcilkrts -lstdc++ --no-as-needed -lgcc -lgcc_s -Bstatic -lirc -lsvml -Bdynamic -lc -lgcc -lgcc_s -Bstatic -lirc_s -Bdynamic -ldl -lc /usr/lib/gcc/x86_64-linux-gnu/11/crtendS.o /usr/lib/gcc/x86_64-linux-gnu/11/../../../x86_64-linux-gnu/crtn.o
gmake[1]: Leaving directory '/media/x_plotnips/sdd1/Dropbox/PhD_proposal/work_with_david/Exawave_3_handover/panzer_repo/CMakeFiles/CMakeTmp'



Parsed C implicit include dir info from above output: rv=done
  found start of include info
  found start of implicit include info
    add: [/sw/workstations/apps/linux-ubuntu22.04-ivybridge/intel-oneapi-compilers/2022.2.1/gcc-11.3.0/k2f52ijqkzvd4hct7ccykcnys7eym6t3/compiler/2022.2.1/linux/bin/intel64/../../compiler/include/intel64]
    add: [/sw/workstations/apps/linux-ubuntu22.04-ivybridge/intel-oneapi-compilers/2022.2.1/gcc-11.3.0/k2f52ijqkzvd4hct7ccykcnys7eym6t3/compiler/2022.2.1/linux/bin/intel64/../../compiler/include/icc]
    add: [/sw/workstations/apps/linux-ubuntu22.04-ivybridge/intel-oneapi-compilers/2022.2.1/gcc-11.3.0/k2f52ijqkzvd4hct7ccykcnys7eym6t3/compiler/2022.2.1/linux/bin/intel64/../../compiler/include]
    add: [/usr/local/include]
    add: [/usr/lib/gcc/x86_64-linux-gnu/11/include]
    add: [/usr/include/]
    add: [/usr/include]
    add: [/usr/include/x86_64-linux-gnu]
  end of search list found
  collapse include dir [/sw/workstations/apps/linux-ubuntu22.04-ivybridge/intel-oneapi-compilers/2022.2.1/gcc-11.3.0/k2f52ijqkzvd4hct7ccykcnys7eym6t3/compiler/2022.2.1/linux/bin/intel64/../../compiler/include/intel64] ==> [/sw/workstations/apps/linux-ubuntu22.04-ivybridge/intel-oneapi-compilers/2022.2.1/gcc-11.3.0/k2f52ijqkzvd4hct7ccykcnys7eym6t3/compiler/2022.2.1/linux/compiler/include/intel64]
  collapse include dir [/sw/workstations/apps/linux-ubuntu22.04-ivybridge/intel-oneapi-compilers/2022.2.1/gcc-11.3.0/k2f52ijqkzvd4hct7ccykcnys7eym6t3/compiler/2022.2.1/linux/bin/intel64/../../compiler/include/icc] ==> [/sw/workstations/apps/linux-ubuntu22.04-ivybridge/intel-oneapi-compilers/2022.2.1/gcc-11.3.0/k2f52ijqkzvd4hct7ccykcnys7eym6t3/compiler/2022.2.1/linux/compiler/include/icc]
  collapse include dir [/sw/workstations/apps/linux-ubuntu22.04-ivybridge/intel-oneapi-compilers/2022.2.1/gcc-11.3.0/k2f52ijqkzvd4hct7ccykcnys7eym6t3/compiler/2022.2.1/linux/bin/intel64/../../compiler/include] ==> [/sw/workstations/apps/linux-ubuntu22.04-ivybridge/intel-oneapi-compilers/2022.2.1/gcc-11.3.0/k2f52ijqkzvd4hct7ccykcnys7eym6t3/compiler/2022.2.1/linux/compiler/include]
  collapse include dir [/usr/local/include] ==> [/usr/local/include]
  collapse include dir [/usr/lib/gcc/x86_64-linux-gnu/11/include] ==> [/usr/lib/gcc/x86_64-linux-gnu/11/include]
  collapse include dir [/usr/include/] ==> [/usr/include]
  collapse include dir [/usr/include] ==> [/usr/include]
  collapse include dir [/usr/include/x86_64-linux-gnu] ==> [/usr/include/x86_64-linux-gnu]
  implicit include dirs: [/sw/workstations/apps/linux-ubuntu22.04-ivybridge/intel-oneapi-compilers/2022.2.1/gcc-11.3.0/k2f52ijqkzvd4hct7ccykcnys7eym6t3/compiler/2022.2.1/linux/compiler/include/intel64;/sw/workstations/apps/linux-ubuntu22.04-ivybridge/intel-oneapi-compilers/2022.2.1/gcc-11.3.0/k2f52ijqkzvd4hct7ccykcnys7eym6t3/compiler/2022.2.1/linux/compiler/include/icc;/sw/workstations/apps/linux-ubuntu22.04-ivybridge/intel-oneapi-compilers/2022.2.1/gcc-11.3.0/k2f52ijqkzvd4hct7ccykcnys7eym6t3/compiler/2022.2.1/linux/compiler/include;/usr/local/include;/usr/lib/gcc/x86_64-linux-gnu/11/include;/usr/include;/usr/include/x86_64-linux-gnu]


Parsed C implicit link information from above output:
  link line regex: [^( *|.*[/\])(ld|CMAKE_LINK_STARTFILE-NOTFOUND|([^/\]+-)?ld|collect2)[^/\]*( |$)]
  ignore line: [Change Dir: /media/x_plotnips/sdd1/Dropbox/PhD_proposal/work_with_david/Exawave_3_handover/panzer_repo/CMakeFiles/CMakeTmp]
  ignore line: []
  ignore line: [Run Build Command(s):/usr/bin/gmake -f Makefile cmTC_232e0/fast && /usr/bin/gmake  -f CMakeFiles/cmTC_232e0.dir/build.make CMakeFiles/cmTC_232e0.dir/build]
  ignore line: [gmake[1]: Entering directory '/media/x_plotnips/sdd1/Dropbox/PhD_proposal/work_with_david/Exawave_3_handover/panzer_repo/CMakeFiles/CMakeTmp']
  ignore line: [Building C object CMakeFiles/cmTC_232e0.dir/CMakeCCompilerABI.c.o]
  ignore line: [/sw/workstations/apps/linux-ubuntu22.04-ivybridge/intel-oneapi-compilers/2022.2.1/gcc-11.3.0/k2f52ijqkzvd4hct7ccykcnys7eym6t3/compiler/2022.2.1/linux/bin/intel64/icc   -v -MD -MT CMakeFiles/cmTC_232e0.dir/CMakeCCompilerABI.c.o -MF CMakeFiles/cmTC_232e0.dir/CMakeCCompilerABI.c.o.d -o CMakeFiles/cmTC_232e0.dir/CMakeCCompilerABI.c.o -c /sw/workstations/apps/linux-ubuntu22.04-ivybridge/cmake/3.24.3/gcc-11.3.0/im6us5w327xiszfjh37fer4odzrpsbgr/share/cmake-3.24/Modules/CMakeCCompilerABI.c]
  ignore line: [icc: remark #10441: The Intel(R) C++ Compiler Classic (ICC) is deprecated and will be removed from product release in the second half of 2023. The Intel(R) oneAPI DPC++/C++ Compiler (ICX) is the recommended compiler moving forward. Please transition to use this compiler. Use '-diag-disable=10441' to disable this message.]
  ignore line: [icc version 2021.7.1 (gcc version 11.4.0 compatibility)]
  ignore line: [/sw/workstations/apps/linux-ubuntu22.04-ivybridge/intel-oneapi-compilers/2022.2.1/gcc-11.3.0/k2f52ijqkzvd4hct7ccykcnys7eym6t3/compiler/2022.2.1/linux/bin/intel64/../../bin/intel64/mcpcom    --target_efi2 --lang=c -oCMakeFiles/cmTC_232e0.dir/CMakeCCompilerABI.c.o -_g -mP3OPT_inline_alloca -D__ICC=2021 -D__INTEL_COMPILER=2021 -D__INTEL_COMPILER_UPDATE=7 -D__PTRDIFF_TYPE__=long "-D__SIZE_TYPE__=unsigned long" -D__WCHAR_TYPE__=int "-D__WINT_TYPE__=unsigned int" "-D__INTMAX_TYPE__=long int" "-D__UINTMAX_TYPE__=long unsigned int" -D__LONG_MAX__=9223372036854775807L -D__QMSPP_ -D__OPTIMIZE__ -D__NO_MATH_INLINES -D__NO_STRING_INLINES -D__GNUC_GNU_INLINE__ -D__GNUC__=11 -D__GNUC_MINOR__=4 -D__GNUC_PATCHLEVEL__=0 -D__LP64__ -D_LP64 -D__GXX_ABI_VERSION=1010 "-D__USER_LABEL_PREFIX__= " -D__REGISTER_PREFIX__= -D__INTEL_RTTI__ -D__unix__ -D__unix -D__linux__ -D__linux -D__gnu_linux__ -B -Dunix -Dlinux "-_Asystem(unix)" -D__ELF__ -D__x86_64 -D__x86_64__ -D__amd64 -D__amd64__ "-_Acpu(x86_64)" "-_Amachine(x86_64)" -D__INTEL_COMPILER_BUILD_DATE=20221019 -D__INTEL_OFFLOAD -D__MMX__ -D__SSE__ -D__SSE_MATH__ -D__SSE2__ -D__SSE2_MATH__ -D__pentium4 -D__pentium4__ -D__tune_pentium4__ -_k -_8 -_l --has_new_stdarg_support -_a -_b --gnu_version=110400 -_W5 --openmp_simd --noopenmp_offload --dependency_file_name CMakeFiles/cmTC_232e0.dir/CMakeCCompilerABI.c.o.d --compile_dependencies --dependency_target_name CMakeFiles/cmTC_232e0.dir/CMakeCCompilerABI.c.o --multibyte_chars -mGLOB_diag_suppress_sys --system_preinclude /usr/include/stdc-predef.h --array_section --simd --simd_func --offload_mode=1 --offload_target_names=mic MIC --offload_unique_string=icc1944630457IbP4WD -mGLOB_em64t=TRUE -mP1OPT_version=2021.7.1-intel64 -mGLOB_diag_file=CMakeFiles/cmTC_232e0.dir/CMakeCCompilerABI.c.diag -mGLOB_long_size_64 -mGLOB_routine_pointer_size_64 -mP1OPT_print_version=FALSE -mCG_use_gas_got_workaround=F -mP2OPT_align_option_used=TRUE -mGLOB_gcc_version=1140 "-mGLOB_options_string=-Wl -rpath /sw/workstations/apps/linux-ubuntu22.04-ivybridge/intel-oneapi-compilers/2022.2.1/gcc-11.3.0/k2f52ijqkzvd4hct7ccykcnys7eym6t3/compiler/2022.2.1/linux/lib -Wl -rpath /sw/workstations/apps/linux-ubuntu22.04-ivybridge/intel-oneapi-compilers/2022.2.1/gcc-11.3.0/k2f52ijqkzvd4hct7ccykcnys7eym6t3/compiler/2022.2.1/linux/lib/x64 -Wl -rpath /sw/workstations/apps/linux-ubuntu22.04-ivybridge/intel-oneapi-compilers/2022.2.1/gcc-11.3.0/k2f52ijqkzvd4hct7ccykcnys7eym6t3/compiler/2022.2.1/linux/lib/oclfpga/host/linux64/lib -Wl -rpath /sw/workstations/apps/linux-ubuntu22.04-ivybridge/intel-oneapi-compilers/2022.2.1/gcc-11.3.0/k2f52ijqkzvd4hct7ccykcnys7eym6t3/compiler/2022.2.1/linux/lib/oclfpga/linux64/lib -Wl -rpath /sw/workstations/apps/linux-ubuntu22.04-ivybridge/intel-oneapi-compilers/2022.2.1/gcc-11.3.0/k2f52ijqkzvd4hct7ccykcnys7eym6t3/compiler/2022.2.1/linux/compiler/lib/intel64_lin -gcc-name=/usr/bin/gcc -gxx-name=/usr/bin/g++ -v -MD -MT CMakeFiles/cmTC_232e0.dir/CMakeCCompilerABI.c.o -MF CMakeFiles/cmTC_232e0.dir/CMakeCCompilerABI.c.o.d -o CMakeFiles/cmTC_232e0.dir/CMakeCCompilerABI.c.o -c" -mGLOB_cxx_limited_range=FALSE -mCG_extend_parms=FALSE -mGLOB_compiler_bin_directory=/sw/workstations/apps/linux-ubuntu22.04-ivybridge/intel-oneapi-compilers/2022.2.1/gcc-11.3.0/k2f52ijqkzvd4hct7ccykcnys7eym6t3/compiler/2022.2.1/linux/bin/intel64/../../bin/intel64 -mGLOB_as_output_backup_file_name=/tmp/iccKMqz5Kas_.s -mIPOPT_activate -mIPOPT_lite -mGLOB_uarch_tuning=0x0 -mGLOB_product_id_code=0x22006d93 -mCG_bnl_movbe=T -mP3OPT_use_mspp_call_convention -mP2OPT_subs_out_of_bound=FALSE -mP2OPT_disam_type_based_disam=2 -mP2OPT_disam_assume_ansi_c -mP2OPT_checked_disam_ansi_alias=TRUE -mGLOB_ansi_alias -mPGOPTI_value_profile_use=T -mP2OPT_il0_array_sections=TRUE -mGLOB_offload_mode=1 -mGLOB_offload_no_openmp=TRUE -mP2OPT_offload_unique_var_string=icc1944630457IbP4WD -mP2OPT_hlo_level=2 -mP2OPT_hlo -mP2OPT_hpo_rtt_control=0 -mIPOPT_args_in_regs=0 -mP2OPT_disam_assume_nonstd_intent_in=FALSE -mGLOB_imf_mapping_library=/sw/workstations/apps/linux-ubuntu22.04-ivybridge/intel-oneapi-compilers/2022.2.1/gcc-11.3.0/k2f52ijqkzvd4hct7ccykcnys7eym6t3/compiler/2022.2.1/linux/bin/intel64/../../bin/intel64/libiml_attr.so -mPGOPTI_gen_threadsafe_level=0 -mIPOPT_lto_object_enabled -mIPOPT_lto_object_value=1 -mIPOPT_obj_output_file_name=CMakeFiles/cmTC_232e0.dir/CMakeCCompilerABI.c.o -mIPOPT_whole_archive_fixup_file_name=/tmp/iccwarchPfvnHj -mGLOB_linker_version=2.38 -mGLOB_linker=ld -mGLOB_driver_tempfile_name=/tmp/icctempfileDQ3uWA -mP3OPT_asm_target=P3OPT_ASM_TARGET_GAS -mGLOB_async_unwind_tables=TRUE -mGLOB_obj_output_file=CMakeFiles/cmTC_232e0.dir/CMakeCCompilerABI.c.o -mGLOB_source_dialect=GLOB_SOURCE_DIALECT_C -mP1OPT_source_file_name=/sw/workstations/apps/linux-ubuntu22.04-ivybridge/cmake/3.24.3/gcc-11.3.0/im6us5w327xiszfjh37fer4odzrpsbgr/share/cmake-3.24/Modules/CMakeCCompilerABI.c -mP1OPT_full_source_file_name=/sw/workstations/apps/linux-ubuntu22.04-ivybridge/cmake/3.24.3/gcc-11.3.0/im6us5w327xiszfjh37fer4odzrpsbgr/share/cmake-3.24/Modules/CMakeCCompilerABI.c /sw/workstations/apps/linux-ubuntu22.04-ivybridge/cmake/3.24.3/gcc-11.3.0/im6us5w327xiszfjh37fer4odzrpsbgr/share/cmake-3.24/Modules/CMakeCCompilerABI.c]
  ignore line: [#include "..." search starts here:]
  ignore line: [#include <...> search starts here:]
  ignore line: [ /sw/workstations/apps/linux-ubuntu22.04-ivybridge/intel-oneapi-compilers/2022.2.1/gcc-11.3.0/k2f52ijqkzvd4hct7ccykcnys7eym6t3/compiler/2022.2.1/linux/bin/intel64/../../compiler/include/intel64]
  ignore line: [ /sw/workstations/apps/linux-ubuntu22.04-ivybridge/intel-oneapi-compilers/2022.2.1/gcc-11.3.0/k2f52ijqkzvd4hct7ccykcnys7eym6t3/compiler/2022.2.1/linux/bin/intel64/../../compiler/include/icc]
  ignore line: [ /sw/workstations/apps/linux-ubuntu22.04-ivybridge/intel-oneapi-compilers/2022.2.1/gcc-11.3.0/k2f52ijqkzvd4hct7ccykcnys7eym6t3/compiler/2022.2.1/linux/bin/intel64/../../compiler/include]
  ignore line: [ /usr/local/include]
  ignore line: [ /usr/lib/gcc/x86_64-linux-gnu/11/include]
  ignore line: [ /usr/include/]
  ignore line: [ /usr/include]
  ignore line: [ /usr/include/x86_64-linux-gnu]
  ignore line: [End of search list.]
  ignore line: [Linking C executable cmTC_232e0]
  ignore line: [/sw/workstations/apps/linux-ubuntu22.04-ivybridge/cmake/3.24.3/gcc-11.3.0/im6us5w327xiszfjh37fer4odzrpsbgr/bin/cmake -E cmake_link_script CMakeFiles/cmTC_232e0.dir/link.txt --verbose=1]
  ignore line: [/sw/workstations/apps/linux-ubuntu22.04-ivybridge/intel-oneapi-compilers/2022.2.1/gcc-11.3.0/k2f52ijqkzvd4hct7ccykcnys7eym6t3/compiler/2022.2.1/linux/bin/intel64/icc  -v CMakeFiles/cmTC_232e0.dir/CMakeCCompilerABI.c.o -o cmTC_232e0 ]
  ignore line: [icc: remark #10441: The Intel(R) C++ Compiler Classic (ICC) is deprecated and will be removed from product release in the second half of 2023. The Intel(R) oneAPI DPC++/C++ Compiler (ICX) is the recommended compiler moving forward. Please transition to use this compiler. Use '-diag-disable=10441' to disable this message.]
  ignore line: [icc version 2021.7.1 (gcc version 11.4.0 compatibility)]
  ignore line: [/sw/workstations/apps/linux-ubuntu22.04-ivybridge/intel-oneapi-compilers/2022.2.1/gcc-11.3.0/k2f52ijqkzvd4hct7ccykcnys7eym6t3/compiler/2022.2.1/linux/bin/intel64/../../bin/intel64/mcpcom    -mGLOB_em64t=TRUE -mP1OPT_version=2021.7.1-intel64 -mGLOB_diag_file=CMakeFiles/cmTC_232e0.dir/CMakeCCompilerABI.c.diag -mGLOB_long_size_64 -mGLOB_routine_pointer_size_64 -mP1OPT_print_version=FALSE -mCG_use_gas_got_workaround=F -mP2OPT_align_option_used=TRUE -mGLOB_gcc_version=1140 "-mGLOB_options_string=-Wl,-rpath,/sw/workstations/apps/linux-ubuntu22.04-ivybridge/intel-oneapi-compilers/2022.2.1/gcc-11.3.0/k2f52ijqkzvd4hct7ccykcnys7eym6t3/compiler/2022.2.1/linux/lib -Wl,-rpath,/sw/workstations/apps/linux-ubuntu22.04-ivybridge/intel-oneapi-compilers/2022.2.1/gcc-11.3.0/k2f52ijqkzvd4hct7ccykcnys7eym6t3/compiler/2022.2.1/linux/lib/x64 -Wl,-rpath,/sw/workstations/apps/linux-ubuntu22.04-ivybridge/intel-oneapi-compilers/2022.2.1/gcc-11.3.0/k2f52ijqkzvd4hct7ccykcnys7eym6t3/compiler/2022.2.1/linux/lib/oclfpga/host/linux64/lib -Wl,-rpath,/sw/workstations/apps/linux-ubuntu22.04-ivybridge/intel-oneapi-compilers/2022.2.1/gcc-11.3.0/k2f52ijqkzvd4hct7ccykcnys7eym6t3/compiler/2022.2.1/linux/lib/oclfpga/linux64/lib -Wl,-rpath,/sw/workstations/apps/linux-ubuntu22.04-ivybridge/intel-oneapi-compilers/2022.2.1/gcc-11.3.0/k2f52ijqkzvd4hct7ccykcnys7eym6t3/compiler/2022.2.1/linux/compiler/lib/intel64_lin -gcc-name=/usr/bin/gcc -gxx-name=/usr/bin/g++ -v -o cmTC_232e0" -mGLOB_cxx_limited_range=FALSE -mCG_extend_parms=FALSE -mGLOB_compiler_bin_directory=/sw/workstations/apps/linux-ubuntu22.04-ivybridge/intel-oneapi-compilers/2022.2.1/gcc-11.3.0/k2f52ijqkzvd4hct7ccykcnys7eym6t3/compiler/2022.2.1/linux/bin/intel64/../../bin/intel64 -mGLOB_as_output_backup_file_name=/tmp/iccd8E7Iaas_.s -mGLOB_dashboard_use_source_name -mIPOPT_activate -mGLOB_product_id_code=0x22006d93 -mP3OPT_use_mspp_call_convention -mP2OPT_subs_out_of_bound=FALSE -mP2OPT_disam_type_based_disam=2 -mP2OPT_disam_assume_ansi_c -mP2OPT_checked_disam_ansi_alias=TRUE -mGLOB_ansi_alias -mPGOPTI_value_profile_use=T -mGLOB_opt_report_use_source_name -mP2OPT_il0_array_sections=TRUE -mGLOB_offload_mode=1 -mGLOB_offload_no_openmp=TRUE -mP2OPT_offload_unique_var_string=icc1747817157FQzecd -mP2OPT_hlo -mP2OPT_hpo_rtt_control=0 -mIPOPT_args_in_regs=0 -mP2OPT_disam_assume_nonstd_intent_in=FALSE -mGLOB_imf_mapping_library=/sw/workstations/apps/linux-ubuntu22.04-ivybridge/intel-oneapi-compilers/2022.2.1/gcc-11.3.0/k2f52ijqkzvd4hct7ccykcnys7eym6t3/compiler/2022.2.1/linux/bin/intel64/../../bin/intel64/libiml_attr.so -mPGOPTI_gen_threadsafe_level=0 -mIPOPT_link -mIPOPT_ipo_activate -mIPOPT_mo_activate -mIPOPT_source_files_list=/tmp/iccslisMo6w8N -mIPOPT_mo_global_data -mIPOPT_link_script_file=/tmp/iccscript2EnLy7 "-mIPOPT_cmdline_link="/usr/lib/gcc/x86_64-linux-gnu/11/../../../x86_64-linux-gnu/Scrt1.o" "/usr/lib/gcc/x86_64-linux-gnu/11/../../../x86_64-linux-gnu/crti.o" "/usr/lib/gcc/x86_64-linux-gnu/11/crtbeginS.o" "--eh-frame-hdr" "--build-id" "-dynamic-linker" "/lib64/ld-linux-x86-64.so.2" "-m" "elf_x86_64" "-o" "cmTC_232e0" "-L/sw/workstations/apps/linux-ubuntu22.04-ivybridge/intel-oneapi-compilers/2022.2.1/gcc-11.3.0/k2f52ijqkzvd4hct7ccykcnys7eym6t3/compiler/2022.2.1/linux/compiler/lib/intel64_lin" "-L/sw/workstations/apps/linux-ubuntu22.04-ivybridge/intel-oneapi-compilers/2022.2.1/gcc-11.3.0/k2f52ijqkzvd4hct7ccykcnys7eym6t3/compiler/2022.2.1/linux/lib" "-L/sw/workstations/apps/linux-ubuntu22.04-ivybridge/intel-oneapi-compilers/2022.2.1/gcc-11.3.0/k2f52ijqkzvd4hct7ccykcnys7eym6t3/compiler/2022.2.1/linux/bin/intel64/../../compiler/lib/intel64_lin" "-L/sw/workstations/apps/linux-ubuntu22.04-ivybridge/intel-oneapi-compilers/2022.2.1/gcc-11.3.0/k2f52ijqkzvd4hct7ccykcnys7eym6t3/compiler/2022.2.1/linux/lib/../lib/" "-L/usr/lib/gcc/x86_64-linux-gnu/11/" "-L/usr/lib/gcc/x86_64-linux-gnu/11/../../../x86_64-linux-gnu/" "-L/usr/lib/gcc/x86_64-linux-gnu/11/../../../../lib64" "-L/usr/lib/gcc/x86_64-linux-gnu/11/../../../../lib/" "-L/lib/x86_64-linux-gnu/" "-L/lib/../lib64" "-L/lib/../lib/" "-L/usr/lib/x86_64-linux-gnu/" "-L/usr/lib/../lib64" "-L/usr/lib/../lib/" "-L/sw/workstations/apps/linux-ubuntu22.04-ivybridge/intel-oneapi-compilers/2022.2.1/gcc-11.3.0/k2f52ijqkzvd4hct7ccykcnys7eym6t3/compiler/2022.2.1/linux/compiler/lib/intel64_lin/" "-L/sw/workstations/apps/linux-ubuntu22.04-ivybridge/intel-oneapi-compilers/2022.2.1/gcc-11.3.0/k2f52ijqkzvd4hct7ccykcnys7eym6t3/compiler/2022.2.1/linux/lib/" "-L/usr/lib/gcc/x86_64-linux-gnu/11/../../../" "-L/lib64" "-L/lib/" "-L/usr/lib64" "-L/usr/lib" "-rpath" "/sw/workstations/apps/linux-ubuntu22.04-ivybridge/intel-oneapi-compilers/2022.2.1/gcc-11.3.0/k2f52ijqkzvd4hct7ccykcnys7eym6t3/compiler/2022.2.1/linux/lib" "-rpath" "/sw/workstations/apps/linux-ubuntu22.04-ivybridge/intel-oneapi-compilers/2022.2.1/gcc-11.3.0/k2f52ijqkzvd4hct7ccykcnys7eym6t3/compiler/2022.2.1/linux/lib/x64" "-rpath" "/sw/workstations/apps/linux-ubuntu22.04-ivybridge/intel-oneapi-compilers/2022.2.1/gcc-11.3.0/k2f52ijqkzvd4hct7ccykcnys7eym6t3/compiler/2022.2.1/linux/lib/oclfpga/host/linux64/lib" "-rpath" "/sw/workstations/apps/linux-ubuntu22.04-ivybridge/intel-oneapi-compilers/2022.2.1/gcc-11.3.0/k2f52ijqkzvd4hct7ccykcnys7eym6t3/compiler/2022.2.1/linux/lib/oclfpga/linux64/lib" "-rpath" "/sw/workstations/apps/linux-ubuntu22.04-ivybridge/intel-oneapi-compilers/2022.2.1/gcc-11.3.0/k2f52ijqkzvd4hct7ccykcnys7eym6t3/compiler/2022.2.1/linux/compiler/lib/intel64_lin" "CMakeFiles/cmTC_232e0.dir/CMakeCCompilerABI.c.o" "-Bdynamic" "-Bstatic" "-limf" "-lsvml" "-lirng" "-Bdynamic" "-lm" "-Bstatic" "-lipgo" "-ldecimal" "--as-needed" "-Bdynamic" "-lcilkrts" "-lstdc++" "--no-as-needed" "-lgcc" "-lgcc_s" "-Bstatic" "-lirc" "-lsvml" "-Bdynamic" "-lc" "-lgcc" "-lgcc_s" "-Bstatic" "-lirc_s" "-Bdynamic" "-ldl" "-lc" "/usr/lib/gcc/x86_64-linux-gnu/11/crtendS.o" "/usr/lib/gcc/x86_64-linux-gnu/11/../../../x86_64-linux-gnu/crtn.o"" -mIPOPT_il_in_obj -mIPOPT_ipo_activate_warn=FALSE -mIPOPT_obj_output_file_name=/tmp/ipo_icckhJghW.o -mIPOPT_whole_archive_fixup_file_name=/tmp/iccwarchFwjqmr -mGLOB_linker_version=2.38 -mGLOB_linker=ld -mGLOB_driver_tempfile_name=/tmp/icctempfilecnQ28F -mP3OPT_asm_target=P3OPT_ASM_TARGET_GAS -mGLOB_async_unwind_tables=TRUE -mGLOB_obj_output_file=/tmp/ipo_icckhJghW.o -mGLOB_source_dialect=GLOB_SOURCE_DIALECT_NONE -mP1OPT_source_file_name=ipo_out.c CMakeFiles/cmTC_232e0.dir/CMakeCCompilerABI.c.o -mIPOPT_object_files=T -mIPOPT_assembly_files=/tmp/iccalisru1Ev7 -mIPOPT_generated_tempfiles=/tmp/iccelisBiqRAv -mIPOPT_embedded_object_base_name=/tmp/icceobjrnva7q -mIPOPT_cmdline_link_new_name=/tmp/iccllis9LE9J1]
  link line: [ld    /usr/lib/gcc/x86_64-linux-gnu/11/../../../x86_64-linux-gnu/Scrt1.o /usr/lib/gcc/x86_64-linux-gnu/11/../../../x86_64-linux-gnu/crti.o /usr/lib/gcc/x86_64-linux-gnu/11/crtbeginS.o --eh-frame-hdr --build-id -dynamic-linker /lib64/ld-linux-x86-64.so.2 -m elf_x86_64 -o cmTC_232e0 -L/sw/workstations/apps/linux-ubuntu22.04-ivybridge/intel-oneapi-compilers/2022.2.1/gcc-11.3.0/k2f52ijqkzvd4hct7ccykcnys7eym6t3/compiler/2022.2.1/linux/compiler/lib/intel64_lin -L/sw/workstations/apps/linux-ubuntu22.04-ivybridge/intel-oneapi-compilers/2022.2.1/gcc-11.3.0/k2f52ijqkzvd4hct7ccykcnys7eym6t3/compiler/2022.2.1/linux/lib -L/sw/workstations/apps/linux-ubuntu22.04-ivybridge/intel-oneapi-compilers/2022.2.1/gcc-11.3.0/k2f52ijqkzvd4hct7ccykcnys7eym6t3/compiler/2022.2.1/linux/bin/intel64/../../compiler/lib/intel64_lin -L/sw/workstations/apps/linux-ubuntu22.04-ivybridge/intel-oneapi-compilers/2022.2.1/gcc-11.3.0/k2f52ijqkzvd4hct7ccykcnys7eym6t3/compiler/2022.2.1/linux/lib/../lib/ -L/usr/lib/gcc/x86_64-linux-gnu/11/ -L/usr/lib/gcc/x86_64-linux-gnu/11/../../../x86_64-linux-gnu/ -L/usr/lib/gcc/x86_64-linux-gnu/11/../../../../lib64 -L/usr/lib/gcc/x86_64-linux-gnu/11/../../../../lib/ -L/lib/x86_64-linux-gnu/ -L/lib/../lib64 -L/lib/../lib/ -L/usr/lib/x86_64-linux-gnu/ -L/usr/lib/../lib64 -L/usr/lib/../lib/ -L/sw/workstations/apps/linux-ubuntu22.04-ivybridge/intel-oneapi-compilers/2022.2.1/gcc-11.3.0/k2f52ijqkzvd4hct7ccykcnys7eym6t3/compiler/2022.2.1/linux/compiler/lib/intel64_lin/ -L/sw/workstations/apps/linux-ubuntu22.04-ivybridge/intel-oneapi-compilers/2022.2.1/gcc-11.3.0/k2f52ijqkzvd4hct7ccykcnys7eym6t3/compiler/2022.2.1/linux/lib/ -L/usr/lib/gcc/x86_64-linux-gnu/11/../../../ -L/lib64 -L/lib/ -L/usr/lib64 -L/usr/lib -rpath /sw/workstations/apps/linux-ubuntu22.04-ivybridge/intel-oneapi-compilers/2022.2.1/gcc-11.3.0/k2f52ijqkzvd4hct7ccykcnys7eym6t3/compiler/2022.2.1/linux/lib -rpath /sw/workstations/apps/linux-ubuntu22.04-ivybridge/intel-oneapi-compilers/2022.2.1/gcc-11.3.0/k2f52ijqkzvd4hct7ccykcnys7eym6t3/compiler/2022.2.1/linux/lib/x64 -rpath /sw/workstations/apps/linux-ubuntu22.04-ivybridge/intel-oneapi-compilers/2022.2.1/gcc-11.3.0/k2f52ijqkzvd4hct7ccykcnys7eym6t3/compiler/2022.2.1/linux/lib/oclfpga/host/linux64/lib -rpath /sw/workstations/apps/linux-ubuntu22.04-ivybridge/intel-oneapi-compilers/2022.2.1/gcc-11.3.0/k2f52ijqkzvd4hct7ccykcnys7eym6t3/compiler/2022.2.1/linux/lib/oclfpga/linux64/lib -rpath /sw/workstations/apps/linux-ubuntu22.04-ivybridge/intel-oneapi-compilers/2022.2.1/gcc-11.3.0/k2f52ijqkzvd4hct7ccykcnys7eym6t3/compiler/2022.2.1/linux/compiler/lib/intel64_lin CMakeFiles/cmTC_232e0.dir/CMakeCCompilerABI.c.o -Bdynamic -Bstatic -limf -lsvml -lirng -Bdynamic -lm -Bstatic -lipgo -ldecimal --as-needed -Bdynamic -lcilkrts -lstdc++ --no-as-needed -lgcc -lgcc_s -Bstatic -lirc -lsvml -Bdynamic -lc -lgcc -lgcc_s -Bstatic -lirc_s -Bdynamic -ldl -lc /usr/lib/gcc/x86_64-linux-gnu/11/crtendS.o /usr/lib/gcc/x86_64-linux-gnu/11/../../../x86_64-linux-gnu/crtn.o]
    arg [ld] ==> ignore
    arg [/usr/lib/gcc/x86_64-linux-gnu/11/../../../x86_64-linux-gnu/Scrt1.o] ==> obj [/usr/lib/gcc/x86_64-linux-gnu/11/../../../x86_64-linux-gnu/Scrt1.o]
    arg [/usr/lib/gcc/x86_64-linux-gnu/11/../../../x86_64-linux-gnu/crti.o] ==> obj [/usr/lib/gcc/x86_64-linux-gnu/11/../../../x86_64-linux-gnu/crti.o]
    arg [/usr/lib/gcc/x86_64-linux-gnu/11/crtbeginS.o] ==> obj [/usr/lib/gcc/x86_64-linux-gnu/11/crtbeginS.o]
    arg [--eh-frame-hdr] ==> ignore
    arg [--build-id] ==> ignore
    arg [-dynamic-linker] ==> ignore
    arg [/lib64/ld-linux-x86-64.so.2] ==> ignore
    arg [-m] ==> ignore
    arg [elf_x86_64] ==> ignore
    arg [-o] ==> ignore
    arg [cmTC_232e0] ==> ignore
    arg [-L/sw/workstations/apps/linux-ubuntu22.04-ivybridge/intel-oneapi-compilers/2022.2.1/gcc-11.3.0/k2f52ijqkzvd4hct7ccykcnys7eym6t3/compiler/2022.2.1/linux/compiler/lib/intel64_lin] ==> dir [/sw/workstations/apps/linux-ubuntu22.04-ivybridge/intel-oneapi-compilers/2022.2.1/gcc-11.3.0/k2f52ijqkzvd4hct7ccykcnys7eym6t3/compiler/2022.2.1/linux/compiler/lib/intel64_lin]
    arg [-L/sw/workstations/apps/linux-ubuntu22.04-ivybridge/intel-oneapi-compilers/2022.2.1/gcc-11.3.0/k2f52ijqkzvd4hct7ccykcnys7eym6t3/compiler/2022.2.1/linux/lib] ==> dir [/sw/workstations/apps/linux-ubuntu22.04-ivybridge/intel-oneapi-compilers/2022.2.1/gcc-11.3.0/k2f52ijqkzvd4hct7ccykcnys7eym6t3/compiler/2022.2.1/linux/lib]
    arg [-L/sw/workstations/apps/linux-ubuntu22.04-ivybridge/intel-oneapi-compilers/2022.2.1/gcc-11.3.0/k2f52ijqkzvd4hct7ccykcnys7eym6t3/compiler/2022.2.1/linux/bin/intel64/../../compiler/lib/intel64_lin] ==> dir [/sw/workstations/apps/linux-ubuntu22.04-ivybridge/intel-oneapi-compilers/2022.2.1/gcc-11.3.0/k2f52ijqkzvd4hct7ccykcnys7eym6t3/compiler/2022.2.1/linux/bin/intel64/../../compiler/lib/intel64_lin]
    arg [-L/sw/workstations/apps/linux-ubuntu22.04-ivybridge/intel-oneapi-compilers/2022.2.1/gcc-11.3.0/k2f52ijqkzvd4hct7ccykcnys7eym6t3/compiler/2022.2.1/linux/lib/../lib/] ==> dir [/sw/workstations/apps/linux-ubuntu22.04-ivybridge/intel-oneapi-compilers/2022.2.1/gcc-11.3.0/k2f52ijqkzvd4hct7ccykcnys7eym6t3/compiler/2022.2.1/linux/lib/../lib/]
    arg [-L/usr/lib/gcc/x86_64-linux-gnu/11/] ==> dir [/usr/lib/gcc/x86_64-linux-gnu/11/]
    arg [-L/usr/lib/gcc/x86_64-linux-gnu/11/../../../x86_64-linux-gnu/] ==> dir [/usr/lib/gcc/x86_64-linux-gnu/11/../../../x86_64-linux-gnu/]
    arg [-L/usr/lib/gcc/x86_64-linux-gnu/11/../../../../lib64] ==> dir [/usr/lib/gcc/x86_64-linux-gnu/11/../../../../lib64]
    arg [-L/usr/lib/gcc/x86_64-linux-gnu/11/../../../../lib/] ==> dir [/usr/lib/gcc/x86_64-linux-gnu/11/../../../../lib/]
    arg [-L/lib/x86_64-linux-gnu/] ==> dir [/lib/x86_64-linux-gnu/]
    arg [-L/lib/../lib64] ==> dir [/lib/../lib64]
    arg [-L/lib/../lib/] ==> dir [/lib/../lib/]
    arg [-L/usr/lib/x86_64-linux-gnu/] ==> dir [/usr/lib/x86_64-linux-gnu/]
    arg [-L/usr/lib/../lib64] ==> dir [/usr/lib/../lib64]
    arg [-L/usr/lib/../lib/] ==> dir [/usr/lib/../lib/]
    arg [-L/sw/workstations/apps/linux-ubuntu22.04-ivybridge/intel-oneapi-compilers/2022.2.1/gcc-11.3.0/k2f52ijqkzvd4hct7ccykcnys7eym6t3/compiler/2022.2.1/linux/compiler/lib/intel64_lin/] ==> dir [/sw/workstations/apps/linux-ubuntu22.04-ivybridge/intel-oneapi-compilers/2022.2.1/gcc-11.3.0/k2f52ijqkzvd4hct7ccykcnys7eym6t3/compiler/2022.2.1/linux/compiler/lib/intel64_lin/]
    arg [-L/sw/workstations/apps/linux-ubuntu22.04-ivybridge/intel-oneapi-compilers/2022.2.1/gcc-11.3.0/k2f52ijqkzvd4hct7ccykcnys7eym6t3/compiler/2022.2.1/linux/lib/] ==> dir [/sw/workstations/apps/linux-ubuntu22.04-ivybridge/intel-oneapi-compilers/2022.2.1/gcc-11.3.0/k2f52ijqkzvd4hct7ccykcnys7eym6t3/compiler/2022.2.1/linux/lib/]
    arg [-L/usr/lib/gcc/x86_64-linux-gnu/11/../../../] ==> dir [/usr/lib/gcc/x86_64-linux-gnu/11/../../../]
    arg [-L/lib64] ==> dir [/lib64]
    arg [-L/lib/] ==> dir [/lib/]
    arg [-L/usr/lib64] ==> dir [/usr/lib64]
    arg [-L/usr/lib] ==> dir [/usr/lib]
    arg [-rpath] ==> ignore
    arg [/sw/workstations/apps/linux-ubuntu22.04-ivybridge/intel-oneapi-compilers/2022.2.1/gcc-11.3.0/k2f52ijqkzvd4hct7ccykcnys7eym6t3/compiler/2022.2.1/linux/lib] ==> ignore
    arg [-rpath] ==> ignore
    arg [/sw/workstations/apps/linux-ubuntu22.04-ivybridge/intel-oneapi-compilers/2022.2.1/gcc-11.3.0/k2f52ijqkzvd4hct7ccykcnys7eym6t3/compiler/2022.2.1/linux/lib/x64] ==> ignore
    arg [-rpath] ==> ignore
    arg [/sw/workstations/apps/linux-ubuntu22.04-ivybridge/intel-oneapi-compilers/2022.2.1/gcc-11.3.0/k2f52ijqkzvd4hct7ccykcnys7eym6t3/compiler/2022.2.1/linux/lib/oclfpga/host/linux64/lib] ==> ignore
    arg [-rpath] ==> ignore
    arg [/sw/workstations/apps/linux-ubuntu22.04-ivybridge/intel-oneapi-compilers/2022.2.1/gcc-11.3.0/k2f52ijqkzvd4hct7ccykcnys7eym6t3/compiler/2022.2.1/linux/lib/oclfpga/linux64/lib] ==> ignore
    arg [-rpath] ==> ignore
    arg [/sw/workstations/apps/linux-ubuntu22.04-ivybridge/intel-oneapi-compilers/2022.2.1/gcc-11.3.0/k2f52ijqkzvd4hct7ccykcnys7eym6t3/compiler/2022.2.1/linux/compiler/lib/intel64_lin] ==> ignore
    arg [CMakeFiles/cmTC_232e0.dir/CMakeCCompilerABI.c.o] ==> ignore
    arg [-Bdynamic] ==> search dynamic
    arg [-Bstatic] ==> search static
    arg [-limf] ==> lib [imf]
    arg [-lsvml] ==> lib [svml]
    arg [-lirng] ==> lib [irng]
    arg [-Bdynamic] ==> search dynamic
    arg [-lm] ==> lib [m]
    arg [-Bstatic] ==> search static
    arg [-lipgo] ==> lib [ipgo]
    arg [-ldecimal] ==> lib [decimal]
    arg [--as-needed] ==> ignore
    arg [-Bdynamic] ==> search dynamic
    arg [-lcilkrts] ==> lib [cilkrts]
    arg [-lstdc++] ==> lib [stdc++]
    arg [--no-as-needed] ==> ignore
    arg [-lgcc] ==> lib [gcc]
    arg [-lgcc_s] ==> lib [gcc_s]
    arg [-Bstatic] ==> search static
    arg [-lirc] ==> lib [irc]
    arg [-lsvml] ==> lib [svml]
    arg [-Bdynamic] ==> search dynamic
    arg [-lc] ==> lib [c]
    arg [-lgcc] ==> lib [gcc]
    arg [-lgcc_s] ==> lib [gcc_s]
    arg [-Bstatic] ==> search static
    arg [-lirc_s] ==> lib [irc_s]
    arg [-Bdynamic] ==> search dynamic
    arg [-ldl] ==> lib [dl]
    arg [-lc] ==> lib [c]
    arg [/usr/lib/gcc/x86_64-linux-gnu/11/crtendS.o] ==> obj [/usr/lib/gcc/x86_64-linux-gnu/11/crtendS.o]
    arg [/usr/lib/gcc/x86_64-linux-gnu/11/../../../x86_64-linux-gnu/crtn.o] ==> obj [/usr/lib/gcc/x86_64-linux-gnu/11/../../../x86_64-linux-gnu/crtn.o]
  collapse obj [/usr/lib/gcc/x86_64-linux-gnu/11/../../../x86_64-linux-gnu/Scrt1.o] ==> [/usr/lib/x86_64-linux-gnu/Scrt1.o]
  collapse obj [/usr/lib/gcc/x86_64-linux-gnu/11/../../../x86_64-linux-gnu/crti.o] ==> [/usr/lib/x86_64-linux-gnu/crti.o]
  collapse obj [/usr/lib/gcc/x86_64-linux-gnu/11/../../../x86_64-linux-gnu/crtn.o] ==> [/usr/lib/x86_64-linux-gnu/crtn.o]
  collapse library dir [/sw/workstations/apps/linux-ubuntu22.04-ivybridge/intel-oneapi-compilers/2022.2.1/gcc-11.3.0/k2f52ijqkzvd4hct7ccykcnys7eym6t3/compiler/2022.2.1/linux/compiler/lib/intel64_lin] ==> [/sw/workstations/apps/linux-ubuntu22.04-ivybridge/intel-oneapi-compilers/2022.2.1/gcc-11.3.0/k2f52ijqkzvd4hct7ccykcnys7eym6t3/compiler/2022.2.1/linux/compiler/lib/intel64_lin]
  collapse library dir [/sw/workstations/apps/linux-ubuntu22.04-ivybridge/intel-oneapi-compilers/2022.2.1/gcc-11.3.0/k2f52ijqkzvd4hct7ccykcnys7eym6t3/compiler/2022.2.1/linux/lib] ==> [/sw/workstations/apps/linux-ubuntu22.04-ivybridge/intel-oneapi-compilers/2022.2.1/gcc-11.3.0/k2f52ijqkzvd4hct7ccykcnys7eym6t3/compiler/2022.2.1/linux/lib]
  collapse library dir [/sw/workstations/apps/linux-ubuntu22.04-ivybridge/intel-oneapi-compilers/2022.2.1/gcc-11.3.0/k2f52ijqkzvd4hct7ccykcnys7eym6t3/compiler/2022.2.1/linux/bin/intel64/../../compiler/lib/intel64_lin] ==> [/sw/workstations/apps/linux-ubuntu22.04-ivybridge/intel-oneapi-compilers/2022.2.1/gcc-11.3.0/k2f52ijqkzvd4hct7ccykcnys7eym6t3/compiler/2022.2.1/linux/compiler/lib/intel64_lin]
  collapse library dir [/sw/workstations/apps/linux-ubuntu22.04-ivybridge/intel-oneapi-compilers/2022.2.1/gcc-11.3.0/k2f52ijqkzvd4hct7ccykcnys7eym6t3/compiler/2022.2.1/linux/lib/../lib/] ==> [/sw/workstations/apps/linux-ubuntu22.04-ivybridge/intel-oneapi-compilers/2022.2.1/gcc-11.3.0/k2f52ijqkzvd4hct7ccykcnys7eym6t3/compiler/2022.2.1/linux/lib]
  collapse library dir [/usr/lib/gcc/x86_64-linux-gnu/11/] ==> [/usr/lib/gcc/x86_64-linux-gnu/11]
  collapse library dir [/usr/lib/gcc/x86_64-linux-gnu/11/../../../x86_64-linux-gnu/] ==> [/usr/lib/x86_64-linux-gnu]
  collapse library dir [/usr/lib/gcc/x86_64-linux-gnu/11/../../../../lib64] ==> [/usr/lib64]
  collapse library dir [/usr/lib/gcc/x86_64-linux-gnu/11/../../../../lib/] ==> [/usr/lib]
  collapse library dir [/lib/x86_64-linux-gnu/] ==> [/lib/x86_64-linux-gnu]
  collapse library dir [/lib/../lib64] ==> [/lib64]
  collapse library dir [/lib/../lib/] ==> [/lib]
  collapse library dir [/usr/lib/x86_64-linux-gnu/] ==> [/usr/lib/x86_64-linux-gnu]
  collapse library dir [/usr/lib/../lib64] ==> [/usr/lib64]
  collapse library dir [/usr/lib/../lib/] ==> [/usr/lib]
  collapse library dir [/sw/workstations/apps/linux-ubuntu22.04-ivybridge/intel-oneapi-compilers/2022.2.1/gcc-11.3.0/k2f52ijqkzvd4hct7ccykcnys7eym6t3/compiler/2022.2.1/linux/compiler/lib/intel64_lin/] ==> [/sw/workstations/apps/linux-ubuntu22.04-ivybridge/intel-oneapi-compilers/2022.2.1/gcc-11.3.0/k2f52ijqkzvd4hct7ccykcnys7eym6t3/compiler/2022.2.1/linux/compiler/lib/intel64_lin]
  collapse library dir [/sw/workstations/apps/linux-ubuntu22.04-ivybridge/intel-oneapi-compilers/2022.2.1/gcc-11.3.0/k2f52ijqkzvd4hct7ccykcnys7eym6t3/compiler/2022.2.1/linux/lib/] ==> [/sw/workstations/apps/linux-ubuntu22.04-ivybridge/intel-oneapi-compilers/2022.2.1/gcc-11.3.0/k2f52ijqkzvd4hct7ccykcnys7eym6t3/compiler/2022.2.1/linux/lib]
  collapse library dir [/usr/lib/gcc/x86_64-linux-gnu/11/../../../] ==> [/usr/lib]
  collapse library dir [/lib64] ==> [/lib64]
  collapse library dir [/lib/] ==> [/lib]
  collapse library dir [/usr/lib64] ==> [/usr/lib64]
  collapse library dir [/usr/lib] ==> [/usr/lib]
  implicit libs: [imf;svml;irng;m;ipgo;decimal;cilkrts;stdc++;gcc;gcc_s;irc;svml;c;gcc;gcc_s;irc_s;dl;c]
  implicit objs: [/usr/lib/x86_64-linux-gnu/Scrt1.o;/usr/lib/x86_64-linux-gnu/crti.o;/usr/lib/gcc/x86_64-linux-gnu/11/crtbeginS.o;/usr/lib/gcc/x86_64-linux-gnu/11/crtendS.o;/usr/lib/x86_64-linux-gnu/crtn.o]
  implicit dirs: [/sw/workstations/apps/linux-ubuntu22.04-ivybridge/intel-oneapi-compilers/2022.2.1/gcc-11.3.0/k2f52ijqkzvd4hct7ccykcnys7eym6t3/compiler/2022.2.1/linux/compiler/lib/intel64_lin;/sw/workstations/apps/linux-ubuntu22.04-ivybridge/intel-oneapi-compilers/2022.2.1/gcc-11.3.0/k2f52ijqkzvd4hct7ccykcnys7eym6t3/compiler/2022.2.1/linux/lib;/usr/lib/gcc/x86_64-linux-gnu/11;/usr/lib/x86_64-linux-gnu;/usr/lib64;/usr/lib;/lib/x86_64-linux-gnu;/lib64;/lib]
  implicit fwks: []


Detecting C OpenMP compiler ABI info compiled with the following output:
Change Dir: /media/x_plotnips/sdd1/Dropbox/PhD_proposal/work_with_david/Exawave_3_handover/panzer_repo/CMakeFiles/CMakeTmp

Run Build Command(s):/usr/bin/gmake -f Makefile cmTC_34828/fast && /usr/bin/gmake  -f CMakeFiles/cmTC_34828.dir/build.make CMakeFiles/cmTC_34828.dir/build
gmake[1]: Entering directory '/media/x_plotnips/sdd1/Dropbox/PhD_proposal/work_with_david/Exawave_3_handover/panzer_repo/CMakeFiles/CMakeTmp'
Building C object CMakeFiles/cmTC_34828.dir/OpenMPTryFlag.c.o
/sw/workstations/apps/linux-ubuntu22.04-ivybridge/intel-oneapi-compilers/2022.2.1/gcc-11.3.0/k2f52ijqkzvd4hct7ccykcnys7eym6t3/compiler/2022.2.1/linux/bin/intel64/icc   -qopenmp -v -MD -MT CMakeFiles/cmTC_34828.dir/OpenMPTryFlag.c.o -MF CMakeFiles/cmTC_34828.dir/OpenMPTryFlag.c.o.d -o CMakeFiles/cmTC_34828.dir/OpenMPTryFlag.c.o -c /media/x_plotnips/sdd1/Dropbox/PhD_proposal/work_with_david/Exawave_3_handover/panzer_repo/CMakeFiles/FindOpenMP/OpenMPTryFlag.c
icc: remark #10441: The Intel(R) C++ Compiler Classic (ICC) is deprecated and will be removed from product release in the second half of 2023. The Intel(R) oneAPI DPC++/C++ Compiler (ICX) is the recommended compiler moving forward. Please transition to use this compiler. Use '-diag-disable=10441' to disable this message.
icc version 2021.7.1 (gcc version 11.4.0 compatibility)
/sw/workstations/apps/linux-ubuntu22.04-ivybridge/intel-oneapi-compilers/2022.2.1/gcc-11.3.0/k2f52ijqkzvd4hct7ccykcnys7eym6t3/compiler/2022.2.1/linux/bin/intel64/../../bin/intel64/mcpcom    --target_efi2 --lang=c -oCMakeFiles/cmTC_34828.dir/OpenMPTryFlag.c.o -_g -mP3OPT_inline_alloca -D__ICC=2021 -D__INTEL_COMPILER=2021 -D__INTEL_COMPILER_UPDATE=7 -D__PTRDIFF_TYPE__=long "-D__SIZE_TYPE__=unsigned long" -D__WCHAR_TYPE__=int "-D__WINT_TYPE__=unsigned int" "-D__INTMAX_TYPE__=long int" "-D__UINTMAX_TYPE__=long unsigned int" -D__LONG_MAX__=9223372036854775807L -D__QMSPP_ -D__OPTIMIZE__ -D__NO_MATH_INLINES -D__NO_STRING_INLINES -D__GNUC_GNU_INLINE__ -D__GNUC__=11 -D__GNUC_MINOR__=4 -D__GNUC_PATCHLEVEL__=0 -D__LP64__ -D_LP64 -D__GXX_ABI_VERSION=1010 "-D__USER_LABEL_PREFIX__= " -D__REGISTER_PREFIX__= -D__INTEL_RTTI__ -D__unix__ -D__unix -D__linux__ -D__linux -D__gnu_linux__ -B -Dunix -Dlinux "-_Asystem(unix)" -D__ELF__ -D__x86_64 -D__x86_64__ -D__amd64 -D__amd64__ "-_Acpu(x86_64)" "-_Amachine(x86_64)" -D__INTEL_COMPILER_BUILD_DATE=20221019 -D_OPENMP=201611 -D__INTEL_OFFLOAD -D__MMX__ -D__SSE__ -D__SSE_MATH__ -D__SSE2__ -D__SSE2_MATH__ -D__pentium4 -D__pentium4__ -D__tune_pentium4__ -_k -_8 -_l --has_new_stdarg_support -_a -_b --gnu_version=110400 -_W5 --openmp --openmp_tasks --openmp_simd --noopenmp_offload --dependency_file_name CMakeFiles/cmTC_34828.dir/OpenMPTryFlag.c.o.d --compile_dependencies --dependency_target_name CMakeFiles/cmTC_34828.dir/OpenMPTryFlag.c.o --multibyte_chars -mGLOB_diag_suppress_sys --system_preinclude /usr/include/stdc-predef.h --array_section --simd --simd_func --offload_mode=1 --offload_target_names=mic,MIC --offload_unique_string=icc0673359870PGkA5z -mGLOB_em64t=TRUE -mP1OPT_version=2021.7.1-intel64 -mGLOB_diag_file=CMakeFiles/cmTC_34828.dir/OpenMPTryFlag.c.diag -mGLOB_long_size_64 -mGLOB_routine_pointer_size_64 -mP1OPT_print_version=FALSE -mCG_use_gas_got_workaround=F -mP2OPT_align_option_used=TRUE -mGLOB_gcc_version=1140 "-mGLOB_options_string=-Wl,-rpath,/sw/workstations/apps/linux-ubuntu22.04-ivybridge/intel-oneapi-compilers/2022.2.1/gcc-11.3.0/k2f52ijqkzvd4hct7ccykcnys7eym6t3/compiler/2022.2.1/linux/lib -Wl,-rpath,/sw/workstations/apps/linux-ubuntu22.04-ivybridge/intel-oneapi-compilers/2022.2.1/gcc-11.3.0/k2f52ijqkzvd4hct7ccykcnys7eym6t3/compiler/2022.2.1/linux/lib/x64 -Wl,-rpath,/sw/workstations/apps/linux-ubuntu22.04-ivybridge/intel-oneapi-compilers/2022.2.1/gcc-11.3.0/k2f52ijqkzvd4hct7ccykcnys7eym6t3/compiler/2022.2.1/linux/lib/oclfpga/host/linux64/lib -Wl,-rpath,/sw/workstations/apps/linux-ubuntu22.04-ivybridge/intel-oneapi-compilers/2022.2.1/gcc-11.3.0/k2f52ijqkzvd4hct7ccykcnys7eym6t3/compiler/2022.2.1/linux/lib/oclfpga/linux64/lib -Wl,-rpath,/sw/workstations/apps/linux-ubuntu22.04-ivybridge/intel-oneapi-compilers/2022.2.1/gcc-11.3.0/k2f52ijqkzvd4hct7ccykcnys7eym6t3/compiler/2022.2.1/linux/compiler/lib/intel64_lin -gcc-name=/usr/bin/gcc -gxx-name=/usr/bin/g++ -qopenmp -v -MD -MT CMakeFiles/cmTC_34828.dir/OpenMPTryFlag.c.o -MF CMakeFiles/cmTC_34828.dir/OpenMPTryFlag.c.o.d -o CMakeFiles/cmTC_34828.dir/OpenMPTryFlag.c.o -c" -mGLOB_cxx_limited_range=FALSE -mCG_extend_parms=FALSE -mGLOB_compiler_bin_directory=/sw/workstations/apps/linux-ubuntu22.04-ivybridge/intel-oneapi-compilers/2022.2.1/gcc-11.3.0/k2f52ijqkzvd4hct7ccykcnys7eym6t3/compiler/2022.2.1/linux/bin/intel64/../../bin/intel64 -mGLOB_as_output_backup_file_name=/tmp/iccHNJMNfas_.s -mIPOPT_activate -mIPOPT_lite -mGLOB_uarch_tuning=0x0 -mGLOB_product_id_code=0x22006d93 -mCG_bnl_movbe=T -mP3OPT_use_mspp_call_convention -mP2OPT_subs_out_of_bound=FALSE -mP2OPT_disam_type_based_disam=2 -mP2OPT_disam_assume_ansi_c -mP2OPT_checked_disam_ansi_alias=TRUE -mGLOB_ansi_alias -mPGOPTI_value_profile_use=T -mPAROPT_openmp=TRUE -mP2OPT_hpo_omp_simd_only=FALSE -mP2OPT_il0_array_sections=TRUE -mGLOB_offload_mode=1 -mGLOB_offload_no_openmp=TRUE -mP2OPT_offload_unique_var_string=icc0673359870PGkA5z -mP2OPT_hlo_level=2 -mP2OPT_hlo -mP2OPT_hpo_rtt_control=0 -mIPOPT_args_in_regs=0 -mP2OPT_disam_assume_nonstd_intent_in=FALSE -mGLOB_imf_mapping_library=/sw/workstations/apps/linux-ubuntu22.04-ivybridge/intel-oneapi-compilers/2022.2.1/gcc-11.3.0/k2f52ijqkzvd4hct7ccykcnys7eym6t3/compiler/2022.2.1/linux/bin/intel64/../../bin/intel64/libiml_attr.so -mPGOPTI_gen_threadsafe_level=0 -mIPOPT_lto_object_enabled -mIPOPT_lto_object_value=1 -mIPOPT_obj_output_file_name=CMakeFiles/cmTC_34828.dir/OpenMPTryFlag.c.o -mIPOPT_whole_archive_fixup_file_name=/tmp/iccwarchT58e1D -mGLOB_linker_version=2.38 -mGLOB_linker=ld -mGLOB_driver_tempfile_name=/tmp/icctempfileEncoCk -mP3OPT_asm_target=P3OPT_ASM_TARGET_GAS -mGLOB_async_unwind_tables=TRUE -mGLOB_obj_output_file=CMakeFiles/cmTC_34828.dir/OpenMPTryFlag.c.o -mGLOB_source_dialect=GLOB_SOURCE_DIALECT_C -mP1OPT_source_file_name=/media/x_plotnips/sdd1/Dropbox/PhD_proposal/work_with_david/Exawave_3_handover/panzer_repo/CMakeFiles/FindOpenMP/OpenMPTryFlag.c -mP1OPT_full_source_file_name=/media/x_plotnips/sdd1/Dropbox/PhD_proposal/work_with_david/Exawave_3_handover/panzer_repo/CMakeFiles/FindOpenMP/OpenMPTryFlag.c /media/x_plotnips/sdd1/Dropbox/PhD_proposal/work_with_david/Exawave_3_handover/panzer_repo/CMakeFiles/FindOpenMP/OpenMPTryFlag.c
#include "..." search starts here:
#include <...> search starts here:
 /sw/workstations/apps/linux-ubuntu22.04-ivybridge/intel-oneapi-compilers/2022.2.1/gcc-11.3.0/k2f52ijqkzvd4hct7ccykcnys7eym6t3/compiler/2022.2.1/linux/bin/intel64/../../compiler/include/intel64
 /sw/workstations/apps/linux-ubuntu22.04-ivybridge/intel-oneapi-compilers/2022.2.1/gcc-11.3.0/k2f52ijqkzvd4hct7ccykcnys7eym6t3/compiler/2022.2.1/linux/bin/intel64/../../compiler/include/icc
 /sw/workstations/apps/linux-ubuntu22.04-ivybridge/intel-oneapi-compilers/2022.2.1/gcc-11.3.0/k2f52ijqkzvd4hct7ccykcnys7eym6t3/compiler/2022.2.1/linux/bin/intel64/../../compiler/include
 /usr/local/include
 /usr/lib/gcc/x86_64-linux-gnu/11/include
 /usr/include/
 /usr/include
 /usr/include/x86_64-linux-gnu
End of search list.
Linking C executable cmTC_34828
/sw/workstations/apps/linux-ubuntu22.04-ivybridge/cmake/3.24.3/gcc-11.3.0/im6us5w327xiszfjh37fer4odzrpsbgr/bin/cmake -E cmake_link_script CMakeFiles/cmTC_34828.dir/link.txt --verbose=1
/sw/workstations/apps/linux-ubuntu22.04-ivybridge/intel-oneapi-compilers/2022.2.1/gcc-11.3.0/k2f52ijqkzvd4hct7ccykcnys7eym6t3/compiler/2022.2.1/linux/bin/intel64/icc  -qopenmp -v CMakeFiles/cmTC_34828.dir/OpenMPTryFlag.c.o -o cmTC_34828  -v 
icc: remark #10441: The Intel(R) C++ Compiler Classic (ICC) is deprecated and will be removed from product release in the second half of 2023. The Intel(R) oneAPI DPC++/C++ Compiler (ICX) is the recommended compiler moving forward. Please transition to use this compiler. Use '-diag-disable=10441' to disable this message.
icc version 2021.7.1 (gcc version 11.4.0 compatibility)
/sw/workstations/apps/linux-ubuntu22.04-ivybridge/intel-oneapi-compilers/2022.2.1/gcc-11.3.0/k2f52ijqkzvd4hct7ccykcnys7eym6t3/compiler/2022.2.1/linux/bin/intel64/../../bin/intel64/mcpcom    -mGLOB_em64t=TRUE -mP1OPT_version=2021.7.1-intel64 -mGLOB_diag_file=CMakeFiles/cmTC_34828.dir/OpenMPTryFlag.c.diag -mGLOB_long_size_64 -mGLOB_routine_pointer_size_64 -mP1OPT_print_version=FALSE -mCG_use_gas_got_workaround=F -mP2OPT_align_option_used=TRUE -mGLOB_gcc_version=1140 "-mGLOB_options_string=-Wl,-rpath,/sw/workstations/apps/linux-ubuntu22.04-ivybridge/intel-oneapi-compilers/2022.2.1/gcc-11.3.0/k2f52ijqkzvd4hct7ccykcnys7eym6t3/compiler/2022.2.1/linux/lib -Wl,-rpath,/sw/workstations/apps/linux-ubuntu22.04-ivybridge/intel-oneapi-compilers/2022.2.1/gcc-11.3.0/k2f52ijqkzvd4hct7ccykcnys7eym6t3/compiler/2022.2.1/linux/lib/x64 -Wl,-rpath,/sw/workstations/apps/linux-ubuntu22.04-ivybridge/intel-oneapi-compilers/2022.2.1/gcc-11.3.0/k2f52ijqkzvd4hct7ccykcnys7eym6t3/compiler/2022.2.1/linux/lib/oclfpga/host/linux64/lib -Wl,-rpath,/sw/workstations/apps/linux-ubuntu22.04-ivybridge/intel-oneapi-compilers/2022.2.1/gcc-11.3.0/k2f52ijqkzvd4hct7ccykcnys7eym6t3/compiler/2022.2.1/linux/lib/oclfpga/linux64/lib -Wl,-rpath,/sw/workstations/apps/linux-ubuntu22.04-ivybridge/intel-oneapi-compilers/2022.2.1/gcc-11.3.0/k2f52ijqkzvd4hct7ccykcnys7eym6t3/compiler/2022.2.1/linux/compiler/lib/intel64_lin -gcc-name=/usr/bin/gcc -gxx-name=/usr/bin/g++ -qopenmp -v -o cmTC_34828 -v" -mGLOB_cxx_limited_range=FALSE -mCG_extend_parms=FALSE -mGLOB_compiler_bin_directory=/sw/workstations/apps/linux-ubuntu22.04-ivybridge/intel-oneapi-compilers/2022.2.1/gcc-11.3.0/k2f52ijqkzvd4hct7ccykcnys7eym6t3/compiler/2022.2.1/linux/bin/intel64/../../bin/intel64 -mGLOB_as_output_backup_file_name=/tmp/iccY71KGWas_.s -mGLOB_dashboard_use_source_name -mIPOPT_activate -mGLOB_product_id_code=0x22006d93 -mP3OPT_use_mspp_call_convention -mP2OPT_subs_out_of_bound=FALSE -mP2OPT_disam_type_based_disam=2 -mP2OPT_disam_assume_ansi_c -mP2OPT_checked_disam_ansi_alias=TRUE -mGLOB_ansi_alias -mPGOPTI_value_profile_use=T -mGLOB_opt_report_use_source_name -mPAROPT_openmp=TRUE -mP2OPT_hpo_omp_simd_only=FALSE -mP2OPT_il0_array_sections=TRUE -mGLOB_offload_mode=1 -mGLOB_offload_no_openmp=TRUE -mP2OPT_offload_unique_var_string=icc0473224824Vlbxeh -mP2OPT_hlo -mP2OPT_hpo_rtt_control=0 -mIPOPT_args_in_regs=0 -mP2OPT_disam_assume_nonstd_intent_in=FALSE -mGLOB_imf_mapping_library=/sw/workstations/apps/linux-ubuntu22.04-ivybridge/intel-oneapi-compilers/2022.2.1/gcc-11.3.0/k2f52ijqkzvd4hct7ccykcnys7eym6t3/compiler/2022.2.1/linux/bin/intel64/../../bin/intel64/libiml_attr.so -mPGOPTI_gen_threadsafe_level=0 -mIPOPT_link -mIPOPT_ipo_activate -mIPOPT_mo_activate -mIPOPT_source_files_list=/tmp/iccslisulj0QD -mIPOPT_mo_global_data -mIPOPT_link_script_file=/tmp/iccscriptq1P8cq "-mIPOPT_cmdline_link="/usr/lib/gcc/x86_64-linux-gnu/11/../../../x86_64-linux-gnu/Scrt1.o" "/usr/lib/gcc/x86_64-linux-gnu/11/../../../x86_64-linux-gnu/crti.o" "/usr/lib/gcc/x86_64-linux-gnu/11/crtbeginS.o" "--eh-frame-hdr" "--build-id" "-dynamic-linker" "/lib64/ld-linux-x86-64.so.2" "-m" "elf_x86_64" "-o" "cmTC_34828" "-L/sw/workstations/apps/linux-ubuntu22.04-ivybridge/intel-oneapi-compilers/2022.2.1/gcc-11.3.0/k2f52ijqkzvd4hct7ccykcnys7eym6t3/compiler/2022.2.1/linux/compiler/lib/intel64_lin" "-L/sw/workstations/apps/linux-ubuntu22.04-ivybridge/intel-oneapi-compilers/2022.2.1/gcc-11.3.0/k2f52ijqkzvd4hct7ccykcnys7eym6t3/compiler/2022.2.1/linux/lib" "-L/sw/workstations/apps/linux-ubuntu22.04-ivybridge/intel-oneapi-compilers/2022.2.1/gcc-11.3.0/k2f52ijqkzvd4hct7ccykcnys7eym6t3/compiler/2022.2.1/linux/bin/intel64/../../compiler/lib/intel64_lin" "-L/sw/workstations/apps/linux-ubuntu22.04-ivybridge/intel-oneapi-compilers/2022.2.1/gcc-11.3.0/k2f52ijqkzvd4hct7ccykcnys7eym6t3/compiler/2022.2.1/linux/lib/../lib/" "-L/usr/lib/gcc/x86_64-linux-gnu/11/" "-L/usr/lib/gcc/x86_64-linux-gnu/11/../../../x86_64-linux-gnu/" "-L/usr/lib/gcc/x86_64-linux-gnu/11/../../../../lib64" "-L/usr/lib/gcc/x86_64-linux-gnu/11/../../../../lib/" "-L/lib/x86_64-linux-gnu/" "-L/lib/../lib64" "-L/lib/../lib/" "-L/usr/lib/x86_64-linux-gnu/" "-L/usr/lib/../lib64" "-L/usr/lib/../lib/" "-L/sw/workstations/apps/linux-ubuntu22.04-ivybridge/intel-oneapi-compilers/2022.2.1/gcc-11.3.0/k2f52ijqkzvd4hct7ccykcnys7eym6t3/compiler/2022.2.1/linux/compiler/lib/intel64_lin/" "-L/sw/workstations/apps/linux-ubuntu22.04-ivybridge/intel-oneapi-compilers/2022.2.1/gcc-11.3.0/k2f52ijqkzvd4hct7ccykcnys7eym6t3/compiler/2022.2.1/linux/lib/" "-L/usr/lib/gcc/x86_64-linux-gnu/11/../../../" "-L/lib64" "-L/lib/" "-L/usr/lib64" "-L/usr/lib" "-rpath" "/sw/workstations/apps/linux-ubuntu22.04-ivybridge/intel-oneapi-compilers/2022.2.1/gcc-11.3.0/k2f52ijqkzvd4hct7ccykcnys7eym6t3/compiler/2022.2.1/linux/lib" "-rpath" "/sw/workstations/apps/linux-ubuntu22.04-ivybridge/intel-oneapi-compilers/2022.2.1/gcc-11.3.0/k2f52ijqkzvd4hct7ccykcnys7eym6t3/compiler/2022.2.1/linux/lib/x64" "-rpath" "/sw/workstations/apps/linux-ubuntu22.04-ivybridge/intel-oneapi-compilers/2022.2.1/gcc-11.3.0/k2f52ijqkzvd4hct7ccykcnys7eym6t3/compiler/2022.2.1/linux/lib/oclfpga/host/linux64/lib" "-rpath" "/sw/workstations/apps/linux-ubuntu22.04-ivybridge/intel-oneapi-compilers/2022.2.1/gcc-11.3.0/k2f52ijqkzvd4hct7ccykcnys7eym6t3/compiler/2022.2.1/linux/lib/oclfpga/linux64/lib" "-rpath" "/sw/workstations/apps/linux-ubuntu22.04-ivybridge/intel-oneapi-compilers/2022.2.1/gcc-11.3.0/k2f52ijqkzvd4hct7ccykcnys7eym6t3/compiler/2022.2.1/linux/compiler/lib/intel64_lin" "CMakeFiles/cmTC_34828.dir/OpenMPTryFlag.c.o" "-Bdynamic" "-Bstatic" "-limf" "-lsvml" "-lirng" "-Bdynamic" "-lm" "-Bstatic" "-lipgo" "-ldecimal" "-Bdynamic" "-liomp5" "--as-needed" "-lcilkrts" "-lstdc++" "--no-as-needed" "-lgcc" "-lgcc_s" "-Bstatic" "-lirc" "-Bdynamic" "-lpthread" "-Bstatic" "-lsvml" "-Bdynamic" "-lc" "-lgcc" "-lgcc_s" "-Bstatic" "-lirc_s" "-Bdynamic" "-ldl" "-lc" "/usr/lib/gcc/x86_64-linux-gnu/11/crtendS.o" "/usr/lib/gcc/x86_64-linux-gnu/11/../../../x86_64-linux-gnu/crtn.o"" -mIPOPT_il_in_obj -mIPOPT_ipo_activate_warn=FALSE -mIPOPT_obj_output_file_name=/tmp/ipo_icc7BBFBy.o -mIPOPT_whole_archive_fixup_file_name=/tmp/iccwarch7d8Y1N -mGLOB_linker_version=2.38 -mGLOB_linker=ld -mGLOB_driver_tempfile_name=/tmp/icctempfileqi9jlD -mP3OPT_asm_target=P3OPT_ASM_TARGET_GAS -mGLOB_async_unwind_tables=TRUE -mGLOB_obj_output_file=/tmp/ipo_icc7BBFBy.o -mGLOB_source_dialect=GLOB_SOURCE_DIALECT_NONE -mP1OPT_source_file_name=ipo_out.c CMakeFiles/cmTC_34828.dir/OpenMPTryFlag.c.o -mIPOPT_object_files=T -mIPOPT_assembly_files=/tmp/iccaliswBbQ7n -mIPOPT_generated_tempfiles=/tmp/iccelistsKNH9 -mIPOPT_embedded_object_base_name=/tmp/icceobjjnSCfj -mIPOPT_cmdline_link_new_name=/tmp/iccllisffHjMo
ld    /usr/lib/gcc/x86_64-linux-gnu/11/../../../x86_64-linux-gnu/Scrt1.o /usr/lib/gcc/x86_64-linux-gnu/11/../../../x86_64-linux-gnu/crti.o /usr/lib/gcc/x86_64-linux-gnu/11/crtbeginS.o --eh-frame-hdr --build-id -dynamic-linker /lib64/ld-linux-x86-64.so.2 -m elf_x86_64 -o cmTC_34828 -L/sw/workstations/apps/linux-ubuntu22.04-ivybridge/intel-oneapi-compilers/2022.2.1/gcc-11.3.0/k2f52ijqkzvd4hct7ccykcnys7eym6t3/compiler/2022.2.1/linux/compiler/lib/intel64_lin -L/sw/workstations/apps/linux-ubuntu22.04-ivybridge/intel-oneapi-compilers/2022.2.1/gcc-11.3.0/k2f52ijqkzvd4hct7ccykcnys7eym6t3/compiler/2022.2.1/linux/lib -L/sw/workstations/apps/linux-ubuntu22.04-ivybridge/intel-oneapi-compilers/2022.2.1/gcc-11.3.0/k2f52ijqkzvd4hct7ccykcnys7eym6t3/compiler/2022.2.1/linux/bin/intel64/../../compiler/lib/intel64_lin -L/sw/workstations/apps/linux-ubuntu22.04-ivybridge/intel-oneapi-compilers/2022.2.1/gcc-11.3.0/k2f52ijqkzvd4hct7ccykcnys7eym6t3/compiler/2022.2.1/linux/lib/../lib/ -L/usr/lib/gcc/x86_64-linux-gnu/11/ -L/usr/lib/gcc/x86_64-linux-gnu/11/../../../x86_64-linux-gnu/ -L/usr/lib/gcc/x86_64-linux-gnu/11/../../../../lib64 -L/usr/lib/gcc/x86_64-linux-gnu/11/../../../../lib/ -L/lib/x86_64-linux-gnu/ -L/lib/../lib64 -L/lib/../lib/ -L/usr/lib/x86_64-linux-gnu/ -L/usr/lib/../lib64 -L/usr/lib/../lib/ -L/sw/workstations/apps/linux-ubuntu22.04-ivybridge/intel-oneapi-compilers/2022.2.1/gcc-11.3.0/k2f52ijqkzvd4hct7ccykcnys7eym6t3/compiler/2022.2.1/linux/compiler/lib/intel64_lin/ -L/sw/workstations/apps/linux-ubuntu22.04-ivybridge/intel-oneapi-compilers/2022.2.1/gcc-11.3.0/k2f52ijqkzvd4hct7ccykcnys7eym6t3/compiler/2022.2.1/linux/lib/ -L/usr/lib/gcc/x86_64-linux-gnu/11/../../../ -L/lib64 -L/lib/ -L/usr/lib64 -L/usr/lib -rpath /sw/workstations/apps/linux-ubuntu22.04-ivybridge/intel-oneapi-compilers/2022.2.1/gcc-11.3.0/k2f52ijqkzvd4hct7ccykcnys7eym6t3/compiler/2022.2.1/linux/lib -rpath /sw/workstations/apps/linux-ubuntu22.04-ivybridge/intel-oneapi-compilers/2022.2.1/gcc-11.3.0/k2f52ijqkzvd4hct7ccykcnys7eym6t3/compiler/2022.2.1/linux/lib/x64 -rpath /sw/workstations/apps/linux-ubuntu22.04-ivybridge/intel-oneapi-compilers/2022.2.1/gcc-11.3.0/k2f52ijqkzvd4hct7ccykcnys7eym6t3/compiler/2022.2.1/linux/lib/oclfpga/host/linux64/lib -rpath /sw/workstations/apps/linux-ubuntu22.04-ivybridge/intel-oneapi-compilers/2022.2.1/gcc-11.3.0/k2f52ijqkzvd4hct7ccykcnys7eym6t3/compiler/2022.2.1/linux/lib/oclfpga/linux64/lib -rpath /sw/workstations/apps/linux-ubuntu22.04-ivybridge/intel-oneapi-compilers/2022.2.1/gcc-11.3.0/k2f52ijqkzvd4hct7ccykcnys7eym6t3/compiler/2022.2.1/linux/compiler/lib/intel64_lin CMakeFiles/cmTC_34828.dir/OpenMPTryFlag.c.o -Bdynamic -Bstatic -limf -lsvml -lirng -Bdynamic -lm -Bstatic -lipgo -ldecimal -Bdynamic -liomp5 --as-needed -lcilkrts -lstdc++ --no-as-needed -lgcc -lgcc_s -Bstatic -lirc -Bdynamic -lpthread -Bstatic -lsvml -Bdynamic -lc -lgcc -lgcc_s -Bstatic -lirc_s -Bdynamic -ldl -lc /usr/lib/gcc/x86_64-linux-gnu/11/crtendS.o /usr/lib/gcc/x86_64-linux-gnu/11/../../../x86_64-linux-gnu/crtn.o
gmake[1]: Leaving directory '/media/x_plotnips/sdd1/Dropbox/PhD_proposal/work_with_david/Exawave_3_handover/panzer_repo/CMakeFiles/CMakeTmp'



Parsed C OpenMP implicit link information from above output:
  link line regex: [^( *|.*[/\])(ld|CMAKE_LINK_STARTFILE-NOTFOUND|([^/\]+-)?ld|collect2)[^/\]*( |$)]
  ignore line: [Change Dir: /media/x_plotnips/sdd1/Dropbox/PhD_proposal/work_with_david/Exawave_3_handover/panzer_repo/CMakeFiles/CMakeTmp]
  ignore line: []
  ignore line: [Run Build Command(s):/usr/bin/gmake -f Makefile cmTC_34828/fast && /usr/bin/gmake  -f CMakeFiles/cmTC_34828.dir/build.make CMakeFiles/cmTC_34828.dir/build]
  ignore line: [gmake[1]: Entering directory '/media/x_plotnips/sdd1/Dropbox/PhD_proposal/work_with_david/Exawave_3_handover/panzer_repo/CMakeFiles/CMakeTmp']
  ignore line: [Building C object CMakeFiles/cmTC_34828.dir/OpenMPTryFlag.c.o]
  ignore line: [/sw/workstations/apps/linux-ubuntu22.04-ivybridge/intel-oneapi-compilers/2022.2.1/gcc-11.3.0/k2f52ijqkzvd4hct7ccykcnys7eym6t3/compiler/2022.2.1/linux/bin/intel64/icc   -qopenmp -v -MD -MT CMakeFiles/cmTC_34828.dir/OpenMPTryFlag.c.o -MF CMakeFiles/cmTC_34828.dir/OpenMPTryFlag.c.o.d -o CMakeFiles/cmTC_34828.dir/OpenMPTryFlag.c.o -c /media/x_plotnips/sdd1/Dropbox/PhD_proposal/work_with_david/Exawave_3_handover/panzer_repo/CMakeFiles/FindOpenMP/OpenMPTryFlag.c]
  ignore line: [icc: remark #10441: The Intel(R) C++ Compiler Classic (ICC) is deprecated and will be removed from product release in the second half of 2023. The Intel(R) oneAPI DPC++/C++ Compiler (ICX) is the recommended compiler moving forward. Please transition to use this compiler. Use '-diag-disable=10441' to disable this message.]
  ignore line: [icc version 2021.7.1 (gcc version 11.4.0 compatibility)]
  ignore line: [/sw/workstations/apps/linux-ubuntu22.04-ivybridge/intel-oneapi-compilers/2022.2.1/gcc-11.3.0/k2f52ijqkzvd4hct7ccykcnys7eym6t3/compiler/2022.2.1/linux/bin/intel64/../../bin/intel64/mcpcom    --target_efi2 --lang=c -oCMakeFiles/cmTC_34828.dir/OpenMPTryFlag.c.o -_g -mP3OPT_inline_alloca -D__ICC=2021 -D__INTEL_COMPILER=2021 -D__INTEL_COMPILER_UPDATE=7 -D__PTRDIFF_TYPE__=long "-D__SIZE_TYPE__=unsigned long" -D__WCHAR_TYPE__=int "-D__WINT_TYPE__=unsigned int" "-D__INTMAX_TYPE__=long int" "-D__UINTMAX_TYPE__=long unsigned int" -D__LONG_MAX__=9223372036854775807L -D__QMSPP_ -D__OPTIMIZE__ -D__NO_MATH_INLINES -D__NO_STRING_INLINES -D__GNUC_GNU_INLINE__ -D__GNUC__=11 -D__GNUC_MINOR__=4 -D__GNUC_PATCHLEVEL__=0 -D__LP64__ -D_LP64 -D__GXX_ABI_VERSION=1010 "-D__USER_LABEL_PREFIX__= " -D__REGISTER_PREFIX__= -D__INTEL_RTTI__ -D__unix__ -D__unix -D__linux__ -D__linux -D__gnu_linux__ -B -Dunix -Dlinux "-_Asystem(unix)" -D__ELF__ -D__x86_64 -D__x86_64__ -D__amd64 -D__amd64__ "-_Acpu(x86_64)" "-_Amachine(x86_64)" -D__INTEL_COMPILER_BUILD_DATE=20221019 -D_OPENMP=201611 -D__INTEL_OFFLOAD -D__MMX__ -D__SSE__ -D__SSE_MATH__ -D__SSE2__ -D__SSE2_MATH__ -D__pentium4 -D__pentium4__ -D__tune_pentium4__ -_k -_8 -_l --has_new_stdarg_support -_a -_b --gnu_version=110400 -_W5 --openmp --openmp_tasks --openmp_simd --noopenmp_offload --dependency_file_name CMakeFiles/cmTC_34828.dir/OpenMPTryFlag.c.o.d --compile_dependencies --dependency_target_name CMakeFiles/cmTC_34828.dir/OpenMPTryFlag.c.o --multibyte_chars -mGLOB_diag_suppress_sys --system_preinclude /usr/include/stdc-predef.h --array_section --simd --simd_func --offload_mode=1 --offload_target_names=mic MIC --offload_unique_string=icc0673359870PGkA5z -mGLOB_em64t=TRUE -mP1OPT_version=2021.7.1-intel64 -mGLOB_diag_file=CMakeFiles/cmTC_34828.dir/OpenMPTryFlag.c.diag -mGLOB_long_size_64 -mGLOB_routine_pointer_size_64 -mP1OPT_print_version=FALSE -mCG_use_gas_got_workaround=F -mP2OPT_align_option_used=TRUE -mGLOB_gcc_version=1140 "-mGLOB_options_string=-Wl -rpath /sw/workstations/apps/linux-ubuntu22.04-ivybridge/intel-oneapi-compilers/2022.2.1/gcc-11.3.0/k2f52ijqkzvd4hct7ccykcnys7eym6t3/compiler/2022.2.1/linux/lib -Wl -rpath /sw/workstations/apps/linux-ubuntu22.04-ivybridge/intel-oneapi-compilers/2022.2.1/gcc-11.3.0/k2f52ijqkzvd4hct7ccykcnys7eym6t3/compiler/2022.2.1/linux/lib/x64 -Wl -rpath /sw/workstations/apps/linux-ubuntu22.04-ivybridge/intel-oneapi-compilers/2022.2.1/gcc-11.3.0/k2f52ijqkzvd4hct7ccykcnys7eym6t3/compiler/2022.2.1/linux/lib/oclfpga/host/linux64/lib -Wl -rpath /sw/workstations/apps/linux-ubuntu22.04-ivybridge/intel-oneapi-compilers/2022.2.1/gcc-11.3.0/k2f52ijqkzvd4hct7ccykcnys7eym6t3/compiler/2022.2.1/linux/lib/oclfpga/linux64/lib -Wl -rpath /sw/workstations/apps/linux-ubuntu22.04-ivybridge/intel-oneapi-compilers/2022.2.1/gcc-11.3.0/k2f52ijqkzvd4hct7ccykcnys7eym6t3/compiler/2022.2.1/linux/compiler/lib/intel64_lin -gcc-name=/usr/bin/gcc -gxx-name=/usr/bin/g++ -qopenmp -v -MD -MT CMakeFiles/cmTC_34828.dir/OpenMPTryFlag.c.o -MF CMakeFiles/cmTC_34828.dir/OpenMPTryFlag.c.o.d -o CMakeFiles/cmTC_34828.dir/OpenMPTryFlag.c.o -c" -mGLOB_cxx_limited_range=FALSE -mCG_extend_parms=FALSE -mGLOB_compiler_bin_directory=/sw/workstations/apps/linux-ubuntu22.04-ivybridge/intel-oneapi-compilers/2022.2.1/gcc-11.3.0/k2f52ijqkzvd4hct7ccykcnys7eym6t3/compiler/2022.2.1/linux/bin/intel64/../../bin/intel64 -mGLOB_as_output_backup_file_name=/tmp/iccHNJMNfas_.s -mIPOPT_activate -mIPOPT_lite -mGLOB_uarch_tuning=0x0 -mGLOB_product_id_code=0x22006d93 -mCG_bnl_movbe=T -mP3OPT_use_mspp_call_convention -mP2OPT_subs_out_of_bound=FALSE -mP2OPT_disam_type_based_disam=2 -mP2OPT_disam_assume_ansi_c -mP2OPT_checked_disam_ansi_alias=TRUE -mGLOB_ansi_alias -mPGOPTI_value_profile_use=T -mPAROPT_openmp=TRUE -mP2OPT_hpo_omp_simd_only=FALSE -mP2OPT_il0_array_sections=TRUE -mGLOB_offload_mode=1 -mGLOB_offload_no_openmp=TRUE -mP2OPT_offload_unique_var_string=icc0673359870PGkA5z -mP2OPT_hlo_level=2 -mP2OPT_hlo -mP2OPT_hpo_rtt_control=0 -mIPOPT_args_in_regs=0 -mP2OPT_disam_assume_nonstd_intent_in=FALSE -mGLOB_imf_mapping_library=/sw/workstations/apps/linux-ubuntu22.04-ivybridge/intel-oneapi-compilers/2022.2.1/gcc-11.3.0/k2f52ijqkzvd4hct7ccykcnys7eym6t3/compiler/2022.2.1/linux/bin/intel64/../../bin/intel64/libiml_attr.so -mPGOPTI_gen_threadsafe_level=0 -mIPOPT_lto_object_enabled -mIPOPT_lto_object_value=1 -mIPOPT_obj_output_file_name=CMakeFiles/cmTC_34828.dir/OpenMPTryFlag.c.o -mIPOPT_whole_archive_fixup_file_name=/tmp/iccwarchT58e1D -mGLOB_linker_version=2.38 -mGLOB_linker=ld -mGLOB_driver_tempfile_name=/tmp/icctempfileEncoCk -mP3OPT_asm_target=P3OPT_ASM_TARGET_GAS -mGLOB_async_unwind_tables=TRUE -mGLOB_obj_output_file=CMakeFiles/cmTC_34828.dir/OpenMPTryFlag.c.o -mGLOB_source_dialect=GLOB_SOURCE_DIALECT_C -mP1OPT_source_file_name=/media/x_plotnips/sdd1/Dropbox/PhD_proposal/work_with_david/Exawave_3_handover/panzer_repo/CMakeFiles/FindOpenMP/OpenMPTryFlag.c -mP1OPT_full_source_file_name=/media/x_plotnips/sdd1/Dropbox/PhD_proposal/work_with_david/Exawave_3_handover/panzer_repo/CMakeFiles/FindOpenMP/OpenMPTryFlag.c /media/x_plotnips/sdd1/Dropbox/PhD_proposal/work_with_david/Exawave_3_handover/panzer_repo/CMakeFiles/FindOpenMP/OpenMPTryFlag.c]
  ignore line: [#include "..." search starts here:]
  ignore line: [#include <...> search starts here:]
  ignore line: [ /sw/workstations/apps/linux-ubuntu22.04-ivybridge/intel-oneapi-compilers/2022.2.1/gcc-11.3.0/k2f52ijqkzvd4hct7ccykcnys7eym6t3/compiler/2022.2.1/linux/bin/intel64/../../compiler/include/intel64]
  ignore line: [ /sw/workstations/apps/linux-ubuntu22.04-ivybridge/intel-oneapi-compilers/2022.2.1/gcc-11.3.0/k2f52ijqkzvd4hct7ccykcnys7eym6t3/compiler/2022.2.1/linux/bin/intel64/../../compiler/include/icc]
  ignore line: [ /sw/workstations/apps/linux-ubuntu22.04-ivybridge/intel-oneapi-compilers/2022.2.1/gcc-11.3.0/k2f52ijqkzvd4hct7ccykcnys7eym6t3/compiler/2022.2.1/linux/bin/intel64/../../compiler/include]
  ignore line: [ /usr/local/include]
  ignore line: [ /usr/lib/gcc/x86_64-linux-gnu/11/include]
  ignore line: [ /usr/include/]
  ignore line: [ /usr/include]
  ignore line: [ /usr/include/x86_64-linux-gnu]
  ignore line: [End of search list.]
  ignore line: [Linking C executable cmTC_34828]
  ignore line: [/sw/workstations/apps/linux-ubuntu22.04-ivybridge/cmake/3.24.3/gcc-11.3.0/im6us5w327xiszfjh37fer4odzrpsbgr/bin/cmake -E cmake_link_script CMakeFiles/cmTC_34828.dir/link.txt --verbose=1]
  ignore line: [/sw/workstations/apps/linux-ubuntu22.04-ivybridge/intel-oneapi-compilers/2022.2.1/gcc-11.3.0/k2f52ijqkzvd4hct7ccykcnys7eym6t3/compiler/2022.2.1/linux/bin/intel64/icc  -qopenmp -v CMakeFiles/cmTC_34828.dir/OpenMPTryFlag.c.o -o cmTC_34828  -v ]
  ignore line: [icc: remark #10441: The Intel(R) C++ Compiler Classic (ICC) is deprecated and will be removed from product release in the second half of 2023. The Intel(R) oneAPI DPC++/C++ Compiler (ICX) is the recommended compiler moving forward. Please transition to use this compiler. Use '-diag-disable=10441' to disable this message.]
  ignore line: [icc version 2021.7.1 (gcc version 11.4.0 compatibility)]
  ignore line: [/sw/workstations/apps/linux-ubuntu22.04-ivybridge/intel-oneapi-compilers/2022.2.1/gcc-11.3.0/k2f52ijqkzvd4hct7ccykcnys7eym6t3/compiler/2022.2.1/linux/bin/intel64/../../bin/intel64/mcpcom    -mGLOB_em64t=TRUE -mP1OPT_version=2021.7.1-intel64 -mGLOB_diag_file=CMakeFiles/cmTC_34828.dir/OpenMPTryFlag.c.diag -mGLOB_long_size_64 -mGLOB_routine_pointer_size_64 -mP1OPT_print_version=FALSE -mCG_use_gas_got_workaround=F -mP2OPT_align_option_used=TRUE -mGLOB_gcc_version=1140 "-mGLOB_options_string=-Wl,-rpath,/sw/workstations/apps/linux-ubuntu22.04-ivybridge/intel-oneapi-compilers/2022.2.1/gcc-11.3.0/k2f52ijqkzvd4hct7ccykcnys7eym6t3/compiler/2022.2.1/linux/lib -Wl,-rpath,/sw/workstations/apps/linux-ubuntu22.04-ivybridge/intel-oneapi-compilers/2022.2.1/gcc-11.3.0/k2f52ijqkzvd4hct7ccykcnys7eym6t3/compiler/2022.2.1/linux/lib/x64 -Wl,-rpath,/sw/workstations/apps/linux-ubuntu22.04-ivybridge/intel-oneapi-compilers/2022.2.1/gcc-11.3.0/k2f52ijqkzvd4hct7ccykcnys7eym6t3/compiler/2022.2.1/linux/lib/oclfpga/host/linux64/lib -Wl,-rpath,/sw/workstations/apps/linux-ubuntu22.04-ivybridge/intel-oneapi-compilers/2022.2.1/gcc-11.3.0/k2f52ijqkzvd4hct7ccykcnys7eym6t3/compiler/2022.2.1/linux/lib/oclfpga/linux64/lib -Wl,-rpath,/sw/workstations/apps/linux-ubuntu22.04-ivybridge/intel-oneapi-compilers/2022.2.1/gcc-11.3.0/k2f52ijqkzvd4hct7ccykcnys7eym6t3/compiler/2022.2.1/linux/compiler/lib/intel64_lin -gcc-name=/usr/bin/gcc -gxx-name=/usr/bin/g++ -qopenmp -v -o cmTC_34828 -v" -mGLOB_cxx_limited_range=FALSE -mCG_extend_parms=FALSE -mGLOB_compiler_bin_directory=/sw/workstations/apps/linux-ubuntu22.04-ivybridge/intel-oneapi-compilers/2022.2.1/gcc-11.3.0/k2f52ijqkzvd4hct7ccykcnys7eym6t3/compiler/2022.2.1/linux/bin/intel64/../../bin/intel64 -mGLOB_as_output_backup_file_name=/tmp/iccY71KGWas_.s -mGLOB_dashboard_use_source_name -mIPOPT_activate -mGLOB_product_id_code=0x22006d93 -mP3OPT_use_mspp_call_convention -mP2OPT_subs_out_of_bound=FALSE -mP2OPT_disam_type_based_disam=2 -mP2OPT_disam_assume_ansi_c -mP2OPT_checked_disam_ansi_alias=TRUE -mGLOB_ansi_alias -mPGOPTI_value_profile_use=T -mGLOB_opt_report_use_source_name -mPAROPT_openmp=TRUE -mP2OPT_hpo_omp_simd_only=FALSE -mP2OPT_il0_array_sections=TRUE -mGLOB_offload_mode=1 -mGLOB_offload_no_openmp=TRUE -mP2OPT_offload_unique_var_string=icc0473224824Vlbxeh -mP2OPT_hlo -mP2OPT_hpo_rtt_control=0 -mIPOPT_args_in_regs=0 -mP2OPT_disam_assume_nonstd_intent_in=FALSE -mGLOB_imf_mapping_library=/sw/workstations/apps/linux-ubuntu22.04-ivybridge/intel-oneapi-compilers/2022.2.1/gcc-11.3.0/k2f52ijqkzvd4hct7ccykcnys7eym6t3/compiler/2022.2.1/linux/bin/intel64/../../bin/intel64/libiml_attr.so -mPGOPTI_gen_threadsafe_level=0 -mIPOPT_link -mIPOPT_ipo_activate -mIPOPT_mo_activate -mIPOPT_source_files_list=/tmp/iccslisulj0QD -mIPOPT_mo_global_data -mIPOPT_link_script_file=/tmp/iccscriptq1P8cq "-mIPOPT_cmdline_link="/usr/lib/gcc/x86_64-linux-gnu/11/../../../x86_64-linux-gnu/Scrt1.o" "/usr/lib/gcc/x86_64-linux-gnu/11/../../../x86_64-linux-gnu/crti.o" "/usr/lib/gcc/x86_64-linux-gnu/11/crtbeginS.o" "--eh-frame-hdr" "--build-id" "-dynamic-linker" "/lib64/ld-linux-x86-64.so.2" "-m" "elf_x86_64" "-o" "cmTC_34828" "-L/sw/workstations/apps/linux-ubuntu22.04-ivybridge/intel-oneapi-compilers/2022.2.1/gcc-11.3.0/k2f52ijqkzvd4hct7ccykcnys7eym6t3/compiler/2022.2.1/linux/compiler/lib/intel64_lin" "-L/sw/workstations/apps/linux-ubuntu22.04-ivybridge/intel-oneapi-compilers/2022.2.1/gcc-11.3.0/k2f52ijqkzvd4hct7ccykcnys7eym6t3/compiler/2022.2.1/linux/lib" "-L/sw/workstations/apps/linux-ubuntu22.04-ivybridge/intel-oneapi-compilers/2022.2.1/gcc-11.3.0/k2f52ijqkzvd4hct7ccykcnys7eym6t3/compiler/2022.2.1/linux/bin/intel64/../../compiler/lib/intel64_lin" "-L/sw/workstations/apps/linux-ubuntu22.04-ivybridge/intel-oneapi-compilers/2022.2.1/gcc-11.3.0/k2f52ijqkzvd4hct7ccykcnys7eym6t3/compiler/2022.2.1/linux/lib/../lib/" "-L/usr/lib/gcc/x86_64-linux-gnu/11/" "-L/usr/lib/gcc/x86_64-linux-gnu/11/../../../x86_64-linux-gnu/" "-L/usr/lib/gcc/x86_64-linux-gnu/11/../../../../lib64" "-L/usr/lib/gcc/x86_64-linux-gnu/11/../../../../lib/" "-L/lib/x86_64-linux-gnu/" "-L/lib/../lib64" "-L/lib/../lib/" "-L/usr/lib/x86_64-linux-gnu/" "-L/usr/lib/../lib64" "-L/usr/lib/../lib/" "-L/sw/workstations/apps/linux-ubuntu22.04-ivybridge/intel-oneapi-compilers/2022.2.1/gcc-11.3.0/k2f52ijqkzvd4hct7ccykcnys7eym6t3/compiler/2022.2.1/linux/compiler/lib/intel64_lin/" "-L/sw/workstations/apps/linux-ubuntu22.04-ivybridge/intel-oneapi-compilers/2022.2.1/gcc-11.3.0/k2f52ijqkzvd4hct7ccykcnys7eym6t3/compiler/2022.2.1/linux/lib/" "-L/usr/lib/gcc/x86_64-linux-gnu/11/../../../" "-L/lib64" "-L/lib/" "-L/usr/lib64" "-L/usr/lib" "-rpath" "/sw/workstations/apps/linux-ubuntu22.04-ivybridge/intel-oneapi-compilers/2022.2.1/gcc-11.3.0/k2f52ijqkzvd4hct7ccykcnys7eym6t3/compiler/2022.2.1/linux/lib" "-rpath" "/sw/workstations/apps/linux-ubuntu22.04-ivybridge/intel-oneapi-compilers/2022.2.1/gcc-11.3.0/k2f52ijqkzvd4hct7ccykcnys7eym6t3/compiler/2022.2.1/linux/lib/x64" "-rpath" "/sw/workstations/apps/linux-ubuntu22.04-ivybridge/intel-oneapi-compilers/2022.2.1/gcc-11.3.0/k2f52ijqkzvd4hct7ccykcnys7eym6t3/compiler/2022.2.1/linux/lib/oclfpga/host/linux64/lib" "-rpath" "/sw/workstations/apps/linux-ubuntu22.04-ivybridge/intel-oneapi-compilers/2022.2.1/gcc-11.3.0/k2f52ijqkzvd4hct7ccykcnys7eym6t3/compiler/2022.2.1/linux/lib/oclfpga/linux64/lib" "-rpath" "/sw/workstations/apps/linux-ubuntu22.04-ivybridge/intel-oneapi-compilers/2022.2.1/gcc-11.3.0/k2f52ijqkzvd4hct7ccykcnys7eym6t3/compiler/2022.2.1/linux/compiler/lib/intel64_lin" "CMakeFiles/cmTC_34828.dir/OpenMPTryFlag.c.o" "-Bdynamic" "-Bstatic" "-limf" "-lsvml" "-lirng" "-Bdynamic" "-lm" "-Bstatic" "-lipgo" "-ldecimal" "-Bdynamic" "-liomp5" "--as-needed" "-lcilkrts" "-lstdc++" "--no-as-needed" "-lgcc" "-lgcc_s" "-Bstatic" "-lirc" "-Bdynamic" "-lpthread" "-Bstatic" "-lsvml" "-Bdynamic" "-lc" "-lgcc" "-lgcc_s" "-Bstatic" "-lirc_s" "-Bdynamic" "-ldl" "-lc" "/usr/lib/gcc/x86_64-linux-gnu/11/crtendS.o" "/usr/lib/gcc/x86_64-linux-gnu/11/../../../x86_64-linux-gnu/crtn.o"" -mIPOPT_il_in_obj -mIPOPT_ipo_activate_warn=FALSE -mIPOPT_obj_output_file_name=/tmp/ipo_icc7BBFBy.o -mIPOPT_whole_archive_fixup_file_name=/tmp/iccwarch7d8Y1N -mGLOB_linker_version=2.38 -mGLOB_linker=ld -mGLOB_driver_tempfile_name=/tmp/icctempfileqi9jlD -mP3OPT_asm_target=P3OPT_ASM_TARGET_GAS -mGLOB_async_unwind_tables=TRUE -mGLOB_obj_output_file=/tmp/ipo_icc7BBFBy.o -mGLOB_source_dialect=GLOB_SOURCE_DIALECT_NONE -mP1OPT_source_file_name=ipo_out.c CMakeFiles/cmTC_34828.dir/OpenMPTryFlag.c.o -mIPOPT_object_files=T -mIPOPT_assembly_files=/tmp/iccaliswBbQ7n -mIPOPT_generated_tempfiles=/tmp/iccelistsKNH9 -mIPOPT_embedded_object_base_name=/tmp/icceobjjnSCfj -mIPOPT_cmdline_link_new_name=/tmp/iccllisffHjMo]
  link line: [ld    /usr/lib/gcc/x86_64-linux-gnu/11/../../../x86_64-linux-gnu/Scrt1.o /usr/lib/gcc/x86_64-linux-gnu/11/../../../x86_64-linux-gnu/crti.o /usr/lib/gcc/x86_64-linux-gnu/11/crtbeginS.o --eh-frame-hdr --build-id -dynamic-linker /lib64/ld-linux-x86-64.so.2 -m elf_x86_64 -o cmTC_34828 -L/sw/workstations/apps/linux-ubuntu22.04-ivybridge/intel-oneapi-compilers/2022.2.1/gcc-11.3.0/k2f52ijqkzvd4hct7ccykcnys7eym6t3/compiler/2022.2.1/linux/compiler/lib/intel64_lin -L/sw/workstations/apps/linux-ubuntu22.04-ivybridge/intel-oneapi-compilers/2022.2.1/gcc-11.3.0/k2f52ijqkzvd4hct7ccykcnys7eym6t3/compiler/2022.2.1/linux/lib -L/sw/workstations/apps/linux-ubuntu22.04-ivybridge/intel-oneapi-compilers/2022.2.1/gcc-11.3.0/k2f52ijqkzvd4hct7ccykcnys7eym6t3/compiler/2022.2.1/linux/bin/intel64/../../compiler/lib/intel64_lin -L/sw/workstations/apps/linux-ubuntu22.04-ivybridge/intel-oneapi-compilers/2022.2.1/gcc-11.3.0/k2f52ijqkzvd4hct7ccykcnys7eym6t3/compiler/2022.2.1/linux/lib/../lib/ -L/usr/lib/gcc/x86_64-linux-gnu/11/ -L/usr/lib/gcc/x86_64-linux-gnu/11/../../../x86_64-linux-gnu/ -L/usr/lib/gcc/x86_64-linux-gnu/11/../../../../lib64 -L/usr/lib/gcc/x86_64-linux-gnu/11/../../../../lib/ -L/lib/x86_64-linux-gnu/ -L/lib/../lib64 -L/lib/../lib/ -L/usr/lib/x86_64-linux-gnu/ -L/usr/lib/../lib64 -L/usr/lib/../lib/ -L/sw/workstations/apps/linux-ubuntu22.04-ivybridge/intel-oneapi-compilers/2022.2.1/gcc-11.3.0/k2f52ijqkzvd4hct7ccykcnys7eym6t3/compiler/2022.2.1/linux/compiler/lib/intel64_lin/ -L/sw/workstations/apps/linux-ubuntu22.04-ivybridge/intel-oneapi-compilers/2022.2.1/gcc-11.3.0/k2f52ijqkzvd4hct7ccykcnys7eym6t3/compiler/2022.2.1/linux/lib/ -L/usr/lib/gcc/x86_64-linux-gnu/11/../../../ -L/lib64 -L/lib/ -L/usr/lib64 -L/usr/lib -rpath /sw/workstations/apps/linux-ubuntu22.04-ivybridge/intel-oneapi-compilers/2022.2.1/gcc-11.3.0/k2f52ijqkzvd4hct7ccykcnys7eym6t3/compiler/2022.2.1/linux/lib -rpath /sw/workstations/apps/linux-ubuntu22.04-ivybridge/intel-oneapi-compilers/2022.2.1/gcc-11.3.0/k2f52ijqkzvd4hct7ccykcnys7eym6t3/compiler/2022.2.1/linux/lib/x64 -rpath /sw/workstations/apps/linux-ubuntu22.04-ivybridge/intel-oneapi-compilers/2022.2.1/gcc-11.3.0/k2f52ijqkzvd4hct7ccykcnys7eym6t3/compiler/2022.2.1/linux/lib/oclfpga/host/linux64/lib -rpath /sw/workstations/apps/linux-ubuntu22.04-ivybridge/intel-oneapi-compilers/2022.2.1/gcc-11.3.0/k2f52ijqkzvd4hct7ccykcnys7eym6t3/compiler/2022.2.1/linux/lib/oclfpga/linux64/lib -rpath /sw/workstations/apps/linux-ubuntu22.04-ivybridge/intel-oneapi-compilers/2022.2.1/gcc-11.3.0/k2f52ijqkzvd4hct7ccykcnys7eym6t3/compiler/2022.2.1/linux/compiler/lib/intel64_lin CMakeFiles/cmTC_34828.dir/OpenMPTryFlag.c.o -Bdynamic -Bstatic -limf -lsvml -lirng -Bdynamic -lm -Bstatic -lipgo -ldecimal -Bdynamic -liomp5 --as-needed -lcilkrts -lstdc++ --no-as-needed -lgcc -lgcc_s -Bstatic -lirc -Bdynamic -lpthread -Bstatic -lsvml -Bdynamic -lc -lgcc -lgcc_s -Bstatic -lirc_s -Bdynamic -ldl -lc /usr/lib/gcc/x86_64-linux-gnu/11/crtendS.o /usr/lib/gcc/x86_64-linux-gnu/11/../../../x86_64-linux-gnu/crtn.o]
    arg [ld] ==> ignore
    arg [--eh-frame-hdr] ==> ignore
    arg [--build-id] ==> ignore
    arg [-dynamic-linker] ==> ignore
    arg [/lib64/ld-linux-x86-64.so.2] ==> ignore
    arg [-m] ==> ignore
    arg [elf_x86_64] ==> ignore
    arg [-o] ==> ignore
    arg [cmTC_34828] ==> ignore
    arg [-L/sw/workstations/apps/linux-ubuntu22.04-ivybridge/intel-oneapi-compilers/2022.2.1/gcc-11.3.0/k2f52ijqkzvd4hct7ccykcnys7eym6t3/compiler/2022.2.1/linux/compiler/lib/intel64_lin] ==> dir [/sw/workstations/apps/linux-ubuntu22.04-ivybridge/intel-oneapi-compilers/2022.2.1/gcc-11.3.0/k2f52ijqkzvd4hct7ccykcnys7eym6t3/compiler/2022.2.1/linux/compiler/lib/intel64_lin]
    arg [-L/sw/workstations/apps/linux-ubuntu22.04-ivybridge/intel-oneapi-compilers/2022.2.1/gcc-11.3.0/k2f52ijqkzvd4hct7ccykcnys7eym6t3/compiler/2022.2.1/linux/lib] ==> dir [/sw/workstations/apps/linux-ubuntu22.04-ivybridge/intel-oneapi-compilers/2022.2.1/gcc-11.3.0/k2f52ijqkzvd4hct7ccykcnys7eym6t3/compiler/2022.2.1/linux/lib]
    arg [-L/sw/workstations/apps/linux-ubuntu22.04-ivybridge/intel-oneapi-compilers/2022.2.1/gcc-11.3.0/k2f52ijqkzvd4hct7ccykcnys7eym6t3/compiler/2022.2.1/linux/bin/intel64/../../compiler/lib/intel64_lin] ==> dir [/sw/workstations/apps/linux-ubuntu22.04-ivybridge/intel-oneapi-compilers/2022.2.1/gcc-11.3.0/k2f52ijqkzvd4hct7ccykcnys7eym6t3/compiler/2022.2.1/linux/bin/intel64/../../compiler/lib/intel64_lin]
    arg [-L/sw/workstations/apps/linux-ubuntu22.04-ivybridge/intel-oneapi-compilers/2022.2.1/gcc-11.3.0/k2f52ijqkzvd4hct7ccykcnys7eym6t3/compiler/2022.2.1/linux/lib/../lib/] ==> dir [/sw/workstations/apps/linux-ubuntu22.04-ivybridge/intel-oneapi-compilers/2022.2.1/gcc-11.3.0/k2f52ijqkzvd4hct7ccykcnys7eym6t3/compiler/2022.2.1/linux/lib/../lib/]
    arg [-L/usr/lib/gcc/x86_64-linux-gnu/11/] ==> dir [/usr/lib/gcc/x86_64-linux-gnu/11/]
    arg [-L/usr/lib/gcc/x86_64-linux-gnu/11/../../../x86_64-linux-gnu/] ==> dir [/usr/lib/gcc/x86_64-linux-gnu/11/../../../x86_64-linux-gnu/]
    arg [-L/usr/lib/gcc/x86_64-linux-gnu/11/../../../../lib64] ==> dir [/usr/lib/gcc/x86_64-linux-gnu/11/../../../../lib64]
    arg [-L/usr/lib/gcc/x86_64-linux-gnu/11/../../../../lib/] ==> dir [/usr/lib/gcc/x86_64-linux-gnu/11/../../../../lib/]
    arg [-L/lib/x86_64-linux-gnu/] ==> dir [/lib/x86_64-linux-gnu/]
    arg [-L/lib/../lib64] ==> dir [/lib/../lib64]
    arg [-L/lib/../lib/] ==> dir [/lib/../lib/]
    arg [-L/usr/lib/x86_64-linux-gnu/] ==> dir [/usr/lib/x86_64-linux-gnu/]
    arg [-L/usr/lib/../lib64] ==> dir [/usr/lib/../lib64]
    arg [-L/usr/lib/../lib/] ==> dir [/usr/lib/../lib/]
    arg [-L/sw/workstations/apps/linux-ubuntu22.04-ivybridge/intel-oneapi-compilers/2022.2.1/gcc-11.3.0/k2f52ijqkzvd4hct7ccykcnys7eym6t3/compiler/2022.2.1/linux/compiler/lib/intel64_lin/] ==> dir [/sw/workstations/apps/linux-ubuntu22.04-ivybridge/intel-oneapi-compilers/2022.2.1/gcc-11.3.0/k2f52ijqkzvd4hct7ccykcnys7eym6t3/compiler/2022.2.1/linux/compiler/lib/intel64_lin/]
    arg [-L/sw/workstations/apps/linux-ubuntu22.04-ivybridge/intel-oneapi-compilers/2022.2.1/gcc-11.3.0/k2f52ijqkzvd4hct7ccykcnys7eym6t3/compiler/2022.2.1/linux/lib/] ==> dir [/sw/workstations/apps/linux-ubuntu22.04-ivybridge/intel-oneapi-compilers/2022.2.1/gcc-11.3.0/k2f52ijqkzvd4hct7ccykcnys7eym6t3/compiler/2022.2.1/linux/lib/]
    arg [-L/usr/lib/gcc/x86_64-linux-gnu/11/../../../] ==> dir [/usr/lib/gcc/x86_64-linux-gnu/11/../../../]
    arg [-L/lib64] ==> dir [/lib64]
    arg [-L/lib/] ==> dir [/lib/]
    arg [-L/usr/lib64] ==> dir [/usr/lib64]
    arg [-L/usr/lib] ==> dir [/usr/lib]
    arg [-rpath] ==> ignore
    arg [/sw/workstations/apps/linux-ubuntu22.04-ivybridge/intel-oneapi-compilers/2022.2.1/gcc-11.3.0/k2f52ijqkzvd4hct7ccykcnys7eym6t3/compiler/2022.2.1/linux/lib] ==> ignore
    arg [-rpath] ==> ignore
    arg [/sw/workstations/apps/linux-ubuntu22.04-ivybridge/intel-oneapi-compilers/2022.2.1/gcc-11.3.0/k2f52ijqkzvd4hct7ccykcnys7eym6t3/compiler/2022.2.1/linux/lib/x64] ==> ignore
    arg [-rpath] ==> ignore
    arg [/sw/workstations/apps/linux-ubuntu22.04-ivybridge/intel-oneapi-compilers/2022.2.1/gcc-11.3.0/k2f52ijqkzvd4hct7ccykcnys7eym6t3/compiler/2022.2.1/linux/lib/oclfpga/host/linux64/lib] ==> ignore
    arg [-rpath] ==> ignore
    arg [/sw/workstations/apps/linux-ubuntu22.04-ivybridge/intel-oneapi-compilers/2022.2.1/gcc-11.3.0/k2f52ijqkzvd4hct7ccykcnys7eym6t3/compiler/2022.2.1/linux/lib/oclfpga/linux64/lib] ==> ignore
    arg [-rpath] ==> ignore
    arg [/sw/workstations/apps/linux-ubuntu22.04-ivybridge/intel-oneapi-compilers/2022.2.1/gcc-11.3.0/k2f52ijqkzvd4hct7ccykcnys7eym6t3/compiler/2022.2.1/linux/compiler/lib/intel64_lin] ==> ignore
    arg [CMakeFiles/cmTC_34828.dir/OpenMPTryFlag.c.o] ==> ignore
    arg [-Bdynamic] ==> search dynamic
    arg [-Bstatic] ==> search static
    arg [-limf] ==> lib [imf]
    arg [-lsvml] ==> lib [svml]
    arg [-lirng] ==> lib [irng]
    arg [-Bdynamic] ==> search dynamic
    arg [-lm] ==> lib [m]
    arg [-Bstatic] ==> search static
    arg [-lipgo] ==> lib [ipgo]
    arg [-ldecimal] ==> lib [decimal]
    arg [-Bdynamic] ==> search dynamic
    arg [-liomp5] ==> lib [iomp5]
    arg [--as-needed] ==> ignore
    arg [-lcilkrts] ==> lib [cilkrts]
    arg [-lstdc++] ==> lib [stdc++]
    arg [--no-as-needed] ==> ignore
    arg [-lgcc] ==> lib [gcc]
    arg [-lgcc_s] ==> lib [gcc_s]
    arg [-Bstatic] ==> search static
    arg [-lirc] ==> lib [irc]
    arg [-Bdynamic] ==> search dynamic
    arg [-lpthread] ==> lib [pthread]
    arg [-Bstatic] ==> search static
    arg [-lsvml] ==> lib [svml]
    arg [-Bdynamic] ==> search dynamic
    arg [-lc] ==> lib [c]
    arg [-lgcc] ==> lib [gcc]
    arg [-lgcc_s] ==> lib [gcc_s]
    arg [-Bstatic] ==> search static
    arg [-lirc_s] ==> lib [irc_s]
    arg [-Bdynamic] ==> search dynamic
    arg [-ldl] ==> lib [dl]
    arg [-lc] ==> lib [c]
  collapse library dir [/sw/workstations/apps/linux-ubuntu22.04-ivybridge/intel-oneapi-compilers/2022.2.1/gcc-11.3.0/k2f52ijqkzvd4hct7ccykcnys7eym6t3/compiler/2022.2.1/linux/compiler/lib/intel64_lin] ==> [/sw/workstations/apps/linux-ubuntu22.04-ivybridge/intel-oneapi-compilers/2022.2.1/gcc-11.3.0/k2f52ijqkzvd4hct7ccykcnys7eym6t3/compiler/2022.2.1/linux/compiler/lib/intel64_lin]
  collapse library dir [/sw/workstations/apps/linux-ubuntu22.04-ivybridge/intel-oneapi-compilers/2022.2.1/gcc-11.3.0/k2f52ijqkzvd4hct7ccykcnys7eym6t3/compiler/2022.2.1/linux/lib] ==> [/sw/workstations/apps/linux-ubuntu22.04-ivybridge/intel-oneapi-compilers/2022.2.1/gcc-11.3.0/k2f52ijqkzvd4hct7ccykcnys7eym6t3/compiler/2022.2.1/linux/lib]
  collapse library dir [/sw/workstations/apps/linux-ubuntu22.04-ivybridge/intel-oneapi-compilers/2022.2.1/gcc-11.3.0/k2f52ijqkzvd4hct7ccykcnys7eym6t3/compiler/2022.2.1/linux/bin/intel64/../../compiler/lib/intel64_lin] ==> [/sw/workstations/apps/linux-ubuntu22.04-ivybridge/intel-oneapi-compilers/2022.2.1/gcc-11.3.0/k2f52ijqkzvd4hct7ccykcnys7eym6t3/compiler/2022.2.1/linux/compiler/lib/intel64_lin]
  collapse library dir [/sw/workstations/apps/linux-ubuntu22.04-ivybridge/intel-oneapi-compilers/2022.2.1/gcc-11.3.0/k2f52ijqkzvd4hct7ccykcnys7eym6t3/compiler/2022.2.1/linux/lib/../lib/] ==> [/sw/workstations/apps/linux-ubuntu22.04-ivybridge/intel-oneapi-compilers/2022.2.1/gcc-11.3.0/k2f52ijqkzvd4hct7ccykcnys7eym6t3/compiler/2022.2.1/linux/lib]
  collapse library dir [/usr/lib/gcc/x86_64-linux-gnu/11/] ==> [/usr/lib/gcc/x86_64-linux-gnu/11]
  collapse library dir [/usr/lib/gcc/x86_64-linux-gnu/11/../../../x86_64-linux-gnu/] ==> [/usr/lib/x86_64-linux-gnu]
  collapse library dir [/usr/lib/gcc/x86_64-linux-gnu/11/../../../../lib64] ==> [/usr/lib64]
  collapse library dir [/usr/lib/gcc/x86_64-linux-gnu/11/../../../../lib/] ==> [/usr/lib]
  collapse library dir [/lib/x86_64-linux-gnu/] ==> [/lib/x86_64-linux-gnu]
  collapse library dir [/lib/../lib64] ==> [/lib64]
  collapse library dir [/lib/../lib/] ==> [/lib]
  collapse library dir [/usr/lib/x86_64-linux-gnu/] ==> [/usr/lib/x86_64-linux-gnu]
  collapse library dir [/usr/lib/../lib64] ==> [/usr/lib64]
  collapse library dir [/usr/lib/../lib/] ==> [/usr/lib]
  collapse library dir [/sw/workstations/apps/linux-ubuntu22.04-ivybridge/intel-oneapi-compilers/2022.2.1/gcc-11.3.0/k2f52ijqkzvd4hct7ccykcnys7eym6t3/compiler/2022.2.1/linux/compiler/lib/intel64_lin/] ==> [/sw/workstations/apps/linux-ubuntu22.04-ivybridge/intel-oneapi-compilers/2022.2.1/gcc-11.3.0/k2f52ijqkzvd4hct7ccykcnys7eym6t3/compiler/2022.2.1/linux/compiler/lib/intel64_lin]
  collapse library dir [/sw/workstations/apps/linux-ubuntu22.04-ivybridge/intel-oneapi-compilers/2022.2.1/gcc-11.3.0/k2f52ijqkzvd4hct7ccykcnys7eym6t3/compiler/2022.2.1/linux/lib/] ==> [/sw/workstations/apps/linux-ubuntu22.04-ivybridge/intel-oneapi-compilers/2022.2.1/gcc-11.3.0/k2f52ijqkzvd4hct7ccykcnys7eym6t3/compiler/2022.2.1/linux/lib]
  collapse library dir [/usr/lib/gcc/x86_64-linux-gnu/11/../../../] ==> [/usr/lib]
  collapse library dir [/lib64] ==> [/lib64]
  collapse library dir [/lib/] ==> [/lib]
  collapse library dir [/usr/lib64] ==> [/usr/lib64]
  collapse library dir [/usr/lib] ==> [/usr/lib]
  implicit libs: [imf;svml;irng;m;ipgo;decimal;iomp5;cilkrts;stdc++;gcc;gcc_s;irc;pthread;svml;c;gcc;gcc_s;irc_s;dl;c]
  implicit objs: []
  implicit dirs: [/sw/workstations/apps/linux-ubuntu22.04-ivybridge/intel-oneapi-compilers/2022.2.1/gcc-11.3.0/k2f52ijqkzvd4hct7ccykcnys7eym6t3/compiler/2022.2.1/linux/compiler/lib/intel64_lin;/sw/workstations/apps/linux-ubuntu22.04-ivybridge/intel-oneapi-compilers/2022.2.1/gcc-11.3.0/k2f52ijqkzvd4hct7ccykcnys7eym6t3/compiler/2022.2.1/linux/lib;/usr/lib/gcc/x86_64-linux-gnu/11;/usr/lib/x86_64-linux-gnu;/usr/lib64;/usr/lib;/lib/x86_64-linux-gnu;/lib64;/lib]
  implicit fwks: []


Compiling the CXX compiler identification source file "CMakeCXXCompilerId.cpp" succeeded.
Compiler: /sw/workstations/apps/linux-ubuntu22.04-ivybridge/intel-oneapi-compilers/2022.2.1/gcc-11.3.0/k2f52ijqkzvd4hct7ccykcnys7eym6t3/compiler/2022.2.1/linux/bin/intel64/icpc 
Build flags: ;
Id flags:  

The output was:
0
icpc: remark #10441: The Intel(R) C++ Compiler Classic (ICC) is deprecated and will be removed from product release in the second half of 2023. The Intel(R) oneAPI DPC++/C++ Compiler (ICX) is the recommended compiler moving forward. Please transition to use this compiler. Use '-diag-disable=10441' to disable this message.


Compilation of the CXX compiler identification source "CMakeCXXCompilerId.cpp" produced "a.out"

The CXX compiler identification is Intel, found in "/media/x_plotnips/sdd1/Dropbox/PhD_proposal/work_with_david/Exawave_3_handover/panzer_repo/CMakeFiles/3.24.3/CompilerIdCXX/a.out"

Detecting CXX compiler ABI info compiled with the following output:
Change Dir: /media/x_plotnips/sdd1/Dropbox/PhD_proposal/work_with_david/Exawave_3_handover/panzer_repo/CMakeFiles/CMakeTmp

Run Build Command(s):/usr/bin/gmake -f Makefile cmTC_a99f6/fast && /usr/bin/gmake  -f CMakeFiles/cmTC_a99f6.dir/build.make CMakeFiles/cmTC_a99f6.dir/build
gmake[1]: Entering directory '/media/x_plotnips/sdd1/Dropbox/PhD_proposal/work_with_david/Exawave_3_handover/panzer_repo/CMakeFiles/CMakeTmp'
Building CXX object CMakeFiles/cmTC_a99f6.dir/CMakeCXXCompilerABI.cpp.o
/sw/workstations/apps/linux-ubuntu22.04-ivybridge/intel-oneapi-compilers/2022.2.1/gcc-11.3.0/k2f52ijqkzvd4hct7ccykcnys7eym6t3/compiler/2022.2.1/linux/bin/intel64/icpc   -v -MD -MT CMakeFiles/cmTC_a99f6.dir/CMakeCXXCompilerABI.cpp.o -MF CMakeFiles/cmTC_a99f6.dir/CMakeCXXCompilerABI.cpp.o.d -o CMakeFiles/cmTC_a99f6.dir/CMakeCXXCompilerABI.cpp.o -c /sw/workstations/apps/linux-ubuntu22.04-ivybridge/cmake/3.24.3/gcc-11.3.0/im6us5w327xiszfjh37fer4odzrpsbgr/share/cmake-3.24/Modules/CMakeCXXCompilerABI.cpp
icpc: remark #10441: The Intel(R) C++ Compiler Classic (ICC) is deprecated and will be removed from product release in the second half of 2023. The Intel(R) oneAPI DPC++/C++ Compiler (ICX) is the recommended compiler moving forward. Please transition to use this compiler. Use '-diag-disable=10441' to disable this message.
icpc version 2021.7.1 (gcc version 11.4.0 compatibility)
/sw/workstations/apps/linux-ubuntu22.04-ivybridge/intel-oneapi-compilers/2022.2.1/gcc-11.3.0/k2f52ijqkzvd4hct7ccykcnys7eym6t3/compiler/2022.2.1/linux/bin/intel64/../../bin/intel64/mcpcom    --target_efi2 --lang=c++ -oCMakeFiles/cmTC_a99f6.dir/CMakeCXXCompilerABI.cpp.o -_g -mP3OPT_inline_alloca -D__ICC=2021 -D__INTEL_COMPILER=2021 -D__INTEL_COMPILER_UPDATE=7 -D__PTRDIFF_TYPE__=long "-D__SIZE_TYPE__=unsigned long" -D__WCHAR_TYPE__=int "-D__WINT_TYPE__=unsigned int" "-D__INTMAX_TYPE__=long int" "-D__UINTMAX_TYPE__=long unsigned int" -D__GLIBCXX_TYPE_INT_N_0=__int128 -D__GLIBCXX_BITSIZE_INT_N_0=128 -D__LONG_MAX__=9223372036854775807L -D__QMSPP_ -D__OPTIMIZE__ -D__NO_MATH_INLINES -D__NO_STRING_INLINES -D__GNUC_GNU_INLINE__ -D__GNUG__=11 -D__GNUC__=11 -D__GNUC_MINOR__=4 -D__GNUC_PATCHLEVEL__=0 -D__LP64__ -D_LP64 -D_GNU_SOURCE=1 -D__DEPRECATED=1 -D__GXX_WEAK__=1 -D__GXX_ABI_VERSION=1010 "-D__USER_LABEL_PREFIX__= " -D__REGISTER_PREFIX__= -D__INTEL_RTTI__ -D__EXCEPTIONS=1 -D__unix__ -D__unix -D__linux__ -D__linux -D__gnu_linux__ -B -Dunix -Dlinux "-_Asystem(unix)" -D__ELF__ -D__x86_64 -D__x86_64__ -D__amd64 -D__amd64__ "-_Acpu(x86_64)" "-_Amachine(x86_64)" -D__INTEL_COMPILER_BUILD_DATE=20221019 -D__INTEL_OFFLOAD -D__MMX__ -D__SSE__ -D__SSE_MATH__ -D__SSE2__ -D__SSE2_MATH__ -D__pentium4 -D__pentium4__ -D__tune_pentium4__ -_k -_8 -_l --has_new_stdarg_support -_a -_b --gnu_version=110400 -_W5 -p --bool -tused -x --openmp_simd --noopenmp_offload --dependency_file_name CMakeFiles/cmTC_a99f6.dir/CMakeCXXCompilerABI.cpp.o.d --compile_dependencies --dependency_target_name CMakeFiles/cmTC_a99f6.dir/CMakeCXXCompilerABI.cpp.o --multibyte_chars -mGLOB_diag_suppress_sys --system_preinclude /usr/include/stdc-predef.h --array_section --simd --simd_func --offload_mode=1 --offload_target_names=mic,MIC --offload_unique_string=icpc0958118876GCvyIG --bool -mGLOB_em64t=TRUE -mP1OPT_version=2021.7.1-intel64 -mGLOB_diag_file=CMakeFiles/cmTC_a99f6.dir/CMakeCXXCompilerABI.cpp.diag -mGLOB_long_size_64 -mGLOB_routine_pointer_size_64 -mP1OPT_print_version=FALSE -mCG_use_gas_got_workaround=F -mP2OPT_align_option_used=TRUE -mGLOB_gcc_version=1140 "-mGLOB_options_string=-Wl,-rpath,/sw/workstations/apps/linux-ubuntu22.04-ivybridge/intel-oneapi-compilers/2022.2.1/gcc-11.3.0/k2f52ijqkzvd4hct7ccykcnys7eym6t3/compiler/2022.2.1/linux/lib -Wl,-rpath,/sw/workstations/apps/linux-ubuntu22.04-ivybridge/intel-oneapi-compilers/2022.2.1/gcc-11.3.0/k2f52ijqkzvd4hct7ccykcnys7eym6t3/compiler/2022.2.1/linux/lib/x64 -Wl,-rpath,/sw/workstations/apps/linux-ubuntu22.04-ivybridge/intel-oneapi-compilers/2022.2.1/gcc-11.3.0/k2f52ijqkzvd4hct7ccykcnys7eym6t3/compiler/2022.2.1/linux/lib/oclfpga/host/linux64/lib -Wl,-rpath,/sw/workstations/apps/linux-ubuntu22.04-ivybridge/intel-oneapi-compilers/2022.2.1/gcc-11.3.0/k2f52ijqkzvd4hct7ccykcnys7eym6t3/compiler/2022.2.1/linux/lib/oclfpga/linux64/lib -Wl,-rpath,/sw/workstations/apps/linux-ubuntu22.04-ivybridge/intel-oneapi-compilers/2022.2.1/gcc-11.3.0/k2f52ijqkzvd4hct7ccykcnys7eym6t3/compiler/2022.2.1/linux/compiler/lib/intel64_lin -gcc-name=/usr/bin/gcc -gxx-name=/usr/bin/g++ -v -MD -MT CMakeFiles/cmTC_a99f6.dir/CMakeCXXCompilerABI.cpp.o -MF CMakeFiles/cmTC_a99f6.dir/CMakeCXXCompilerABI.cpp.o.d -o CMakeFiles/cmTC_a99f6.dir/CMakeCXXCompilerABI.cpp.o -c" -mGLOB_cxx_limited_range=FALSE -mCG_extend_parms=FALSE -mGLOB_compiler_bin_directory=/sw/workstations/apps/linux-ubuntu22.04-ivybridge/intel-oneapi-compilers/2022.2.1/gcc-11.3.0/k2f52ijqkzvd4hct7ccykcnys7eym6t3/compiler/2022.2.1/linux/bin/intel64/../../bin/intel64 -mGLOB_as_output_backup_file_name=/tmp/icpcdyTRCIas_.s -mIPOPT_activate -mIPOPT_lite -mGLOB_uarch_tuning=0x0 -mGLOB_product_id_code=0x22006d90 -mCG_bnl_movbe=T -mP3OPT_use_mspp_call_convention -mP2OPT_subs_out_of_bound=FALSE -mP2OPT_disam_type_based_disam=2 -mP2OPT_disam_assume_ansi_c -mP2OPT_checked_disam_ansi_alias=TRUE -mGLOB_ansi_alias -mPGOPTI_value_profile_use=T -mP2OPT_il0_array_sections=TRUE -mGLOB_offload_mode=1 -mGLOB_offload_no_openmp=TRUE -mP2OPT_offload_unique_var_string=icpc0958118876GCvyIG -mP2OPT_hlo_level=2 -mP2OPT_hlo -mP2OPT_hpo_rtt_control=0 -mIPOPT_args_in_regs=0 -mP2OPT_disam_assume_nonstd_intent_in=FALSE -mGLOB_imf_mapping_library=/sw/workstations/apps/linux-ubuntu22.04-ivybridge/intel-oneapi-compilers/2022.2.1/gcc-11.3.0/k2f52ijqkzvd4hct7ccykcnys7eym6t3/compiler/2022.2.1/linux/bin/intel64/../../bin/intel64/libiml_attr.so -mPGOPTI_gen_threadsafe_level=0 -mIPOPT_lto_object_enabled -mIPOPT_lto_object_value=1 -mIPOPT_obj_output_file_name=CMakeFiles/cmTC_a99f6.dir/CMakeCXXCompilerABI.cpp.o -mIPOPT_whole_archive_fixup_file_name=/tmp/icpcwarchdG9oPG -mGLOB_linker_version=2.38 -mGLOB_linker=ld -mGLOB_driver_tempfile_name=/tmp/icpctempfile8JmufX -mP3OPT_asm_target=P3OPT_ASM_TARGET_GAS -mGLOB_async_unwind_tables=TRUE -mGLOB_obj_output_file=CMakeFiles/cmTC_a99f6.dir/CMakeCXXCompilerABI.cpp.o -mGLOB_source_dialect=GLOB_SOURCE_DIALECT_C_PLUS_PLUS -mP1OPT_source_file_name=/sw/workstations/apps/linux-ubuntu22.04-ivybridge/cmake/3.24.3/gcc-11.3.0/im6us5w327xiszfjh37fer4odzrpsbgr/share/cmake-3.24/Modules/CMakeCXXCompilerABI.cpp -mP1OPT_full_source_file_name=/sw/workstations/apps/linux-ubuntu22.04-ivybridge/cmake/3.24.3/gcc-11.3.0/im6us5w327xiszfjh37fer4odzrpsbgr/share/cmake-3.24/Modules/CMakeCXXCompilerABI.cpp -mGLOB_eh_linux /sw/workstations/apps/linux-ubuntu22.04-ivybridge/cmake/3.24.3/gcc-11.3.0/im6us5w327xiszfjh37fer4odzrpsbgr/share/cmake-3.24/Modules/CMakeCXXCompilerABI.cpp
#include "..." search starts here:
#include <...> search starts here:
 /sw/workstations/apps/linux-ubuntu22.04-ivybridge/intel-oneapi-compilers/2022.2.1/gcc-11.3.0/k2f52ijqkzvd4hct7ccykcnys7eym6t3/compiler/2022.2.1/linux/bin/intel64/../../compiler/include/intel64
 /sw/workstations/apps/linux-ubuntu22.04-ivybridge/intel-oneapi-compilers/2022.2.1/gcc-11.3.0/k2f52ijqkzvd4hct7ccykcnys7eym6t3/compiler/2022.2.1/linux/bin/intel64/../../compiler/include/icc
 /sw/workstations/apps/linux-ubuntu22.04-ivybridge/intel-oneapi-compilers/2022.2.1/gcc-11.3.0/k2f52ijqkzvd4hct7ccykcnys7eym6t3/compiler/2022.2.1/linux/bin/intel64/../../compiler/include
 /usr/include/c++/11
 /usr/include/c++/11/backward
 /usr/local/include
 /usr/lib/gcc/x86_64-linux-gnu/11/include
 /usr/include/
 /usr/include
 /usr/include/x86_64-linux-gnu
 /usr/include/x86_64-linux-gnu/c++/11
End of search list.
Linking CXX executable cmTC_a99f6
/sw/workstations/apps/linux-ubuntu22.04-ivybridge/cmake/3.24.3/gcc-11.3.0/im6us5w327xiszfjh37fer4odzrpsbgr/bin/cmake -E cmake_link_script CMakeFiles/cmTC_a99f6.dir/link.txt --verbose=1
/sw/workstations/apps/linux-ubuntu22.04-ivybridge/intel-oneapi-compilers/2022.2.1/gcc-11.3.0/k2f52ijqkzvd4hct7ccykcnys7eym6t3/compiler/2022.2.1/linux/bin/intel64/icpc   -v CMakeFiles/cmTC_a99f6.dir/CMakeCXXCompilerABI.cpp.o -o cmTC_a99f6 
icpc: remark #10441: The Intel(R) C++ Compiler Classic (ICC) is deprecated and will be removed from product release in the second half of 2023. The Intel(R) oneAPI DPC++/C++ Compiler (ICX) is the recommended compiler moving forward. Please transition to use this compiler. Use '-diag-disable=10441' to disable this message.
icpc version 2021.7.1 (gcc version 11.4.0 compatibility)
/sw/workstations/apps/linux-ubuntu22.04-ivybridge/intel-oneapi-compilers/2022.2.1/gcc-11.3.0/k2f52ijqkzvd4hct7ccykcnys7eym6t3/compiler/2022.2.1/linux/bin/intel64/../../bin/intel64/mcpcom    -mGLOB_em64t=TRUE -mP1OPT_version=2021.7.1-intel64 -mGLOB_diag_file=CMakeFiles/cmTC_a99f6.dir/CMakeCXXCompilerABI.cpp.diag -mGLOB_long_size_64 -mGLOB_routine_pointer_size_64 -mP1OPT_print_version=FALSE -mCG_use_gas_got_workaround=F -mP2OPT_align_option_used=TRUE -mGLOB_gcc_version=1140 "-mGLOB_options_string=-Wl,-rpath,/sw/workstations/apps/linux-ubuntu22.04-ivybridge/intel-oneapi-compilers/2022.2.1/gcc-11.3.0/k2f52ijqkzvd4hct7ccykcnys7eym6t3/compiler/2022.2.1/linux/lib -Wl,-rpath,/sw/workstations/apps/linux-ubuntu22.04-ivybridge/intel-oneapi-compilers/2022.2.1/gcc-11.3.0/k2f52ijqkzvd4hct7ccykcnys7eym6t3/compiler/2022.2.1/linux/lib/x64 -Wl,-rpath,/sw/workstations/apps/linux-ubuntu22.04-ivybridge/intel-oneapi-compilers/2022.2.1/gcc-11.3.0/k2f52ijqkzvd4hct7ccykcnys7eym6t3/compiler/2022.2.1/linux/lib/oclfpga/host/linux64/lib -Wl,-rpath,/sw/workstations/apps/linux-ubuntu22.04-ivybridge/intel-oneapi-compilers/2022.2.1/gcc-11.3.0/k2f52ijqkzvd4hct7ccykcnys7eym6t3/compiler/2022.2.1/linux/lib/oclfpga/linux64/lib -Wl,-rpath,/sw/workstations/apps/linux-ubuntu22.04-ivybridge/intel-oneapi-compilers/2022.2.1/gcc-11.3.0/k2f52ijqkzvd4hct7ccykcnys7eym6t3/compiler/2022.2.1/linux/compiler/lib/intel64_lin -gcc-name=/usr/bin/gcc -gxx-name=/usr/bin/g++ -v -o cmTC_a99f6" -mGLOB_cxx_limited_range=FALSE -mCG_extend_parms=FALSE -mGLOB_compiler_bin_directory=/sw/workstations/apps/linux-ubuntu22.04-ivybridge/intel-oneapi-compilers/2022.2.1/gcc-11.3.0/k2f52ijqkzvd4hct7ccykcnys7eym6t3/compiler/2022.2.1/linux/bin/intel64/../../bin/intel64 -mGLOB_as_output_backup_file_name=/tmp/icpcNt9DlHas_.s -mGLOB_dashboard_use_source_name -mIPOPT_activate -mGLOB_product_id_code=0x22006d90 -mP3OPT_use_mspp_call_convention -mP2OPT_subs_out_of_bound=FALSE -mP2OPT_disam_type_based_disam=2 -mP2OPT_disam_assume_ansi_c -mP2OPT_checked_disam_ansi_alias=TRUE -mGLOB_ansi_alias -mPGOPTI_value_profile_use=T -mGLOB_opt_report_use_source_name -mP2OPT_il0_array_sections=TRUE -mGLOB_offload_mode=1 -mGLOB_offload_no_openmp=TRUE -mP2OPT_offload_unique_var_string=icpc0764972402TEsh60 -mP2OPT_hlo -mP2OPT_hpo_rtt_control=0 -mIPOPT_args_in_regs=0 -mP2OPT_disam_assume_nonstd_intent_in=FALSE -mGLOB_imf_mapping_library=/sw/workstations/apps/linux-ubuntu22.04-ivybridge/intel-oneapi-compilers/2022.2.1/gcc-11.3.0/k2f52ijqkzvd4hct7ccykcnys7eym6t3/compiler/2022.2.1/linux/bin/intel64/../../bin/intel64/libiml_attr.so -mPGOPTI_gen_threadsafe_level=0 -mIPOPT_link -mIPOPT_ipo_activate -mIPOPT_mo_activate -mIPOPT_source_files_list=/tmp/icpcslisevEEGo -mIPOPT_mo_global_data -mIPOPT_link_script_file=/tmp/icpcscriptiNK7gn "-mIPOPT_cmdline_link="/usr/lib/gcc/x86_64-linux-gnu/11/../../../x86_64-linux-gnu/Scrt1.o" "/usr/lib/gcc/x86_64-linux-gnu/11/../../../x86_64-linux-gnu/crti.o" "/usr/lib/gcc/x86_64-linux-gnu/11/crtbeginS.o" "--eh-frame-hdr" "--build-id" "-dynamic-linker" "/lib64/ld-linux-x86-64.so.2" "-m" "elf_x86_64" "-o" "cmTC_a99f6" "-L/sw/workstations/apps/linux-ubuntu22.04-ivybridge/intel-oneapi-compilers/2022.2.1/gcc-11.3.0/k2f52ijqkzvd4hct7ccykcnys7eym6t3/compiler/2022.2.1/linux/compiler/lib/intel64_lin" "-L/sw/workstations/apps/linux-ubuntu22.04-ivybridge/intel-oneapi-compilers/2022.2.1/gcc-11.3.0/k2f52ijqkzvd4hct7ccykcnys7eym6t3/compiler/2022.2.1/linux/lib" "-L/sw/workstations/apps/linux-ubuntu22.04-ivybridge/intel-oneapi-compilers/2022.2.1/gcc-11.3.0/k2f52ijqkzvd4hct7ccykcnys7eym6t3/compiler/2022.2.1/linux/bin/intel64/../../compiler/lib/intel64_lin" "-L/sw/workstations/apps/linux-ubuntu22.04-ivybridge/intel-oneapi-compilers/2022.2.1/gcc-11.3.0/k2f52ijqkzvd4hct7ccykcnys7eym6t3/compiler/2022.2.1/linux/lib/../lib/" "-L/usr/lib/gcc/x86_64-linux-gnu/11/" "-L/usr/lib/gcc/x86_64-linux-gnu/11/../../../x86_64-linux-gnu/" "-L/usr/lib/gcc/x86_64-linux-gnu/11/../../../../lib64" "-L/usr/lib/gcc/x86_64-linux-gnu/11/../../../../lib/" "-L/lib/x86_64-linux-gnu/" "-L/lib/../lib64" "-L/lib/../lib/" "-L/usr/lib/x86_64-linux-gnu/" "-L/usr/lib/../lib64" "-L/usr/lib/../lib/" "-L/sw/workstations/apps/linux-ubuntu22.04-ivybridge/intel-oneapi-compilers/2022.2.1/gcc-11.3.0/k2f52ijqkzvd4hct7ccykcnys7eym6t3/compiler/2022.2.1/linux/compiler/lib/intel64_lin/" "-L/sw/workstations/apps/linux-ubuntu22.04-ivybridge/intel-oneapi-compilers/2022.2.1/gcc-11.3.0/k2f52ijqkzvd4hct7ccykcnys7eym6t3/compiler/2022.2.1/linux/lib/" "-L/usr/lib/gcc/x86_64-linux-gnu/11/../../../" "-L/lib64" "-L/lib/" "-L/usr/lib64" "-L/usr/lib" "-rpath" "/sw/workstations/apps/linux-ubuntu22.04-ivybridge/intel-oneapi-compilers/2022.2.1/gcc-11.3.0/k2f52ijqkzvd4hct7ccykcnys7eym6t3/compiler/2022.2.1/linux/lib" "-rpath" "/sw/workstations/apps/linux-ubuntu22.04-ivybridge/intel-oneapi-compilers/2022.2.1/gcc-11.3.0/k2f52ijqkzvd4hct7ccykcnys7eym6t3/compiler/2022.2.1/linux/lib/x64" "-rpath" "/sw/workstations/apps/linux-ubuntu22.04-ivybridge/intel-oneapi-compilers/2022.2.1/gcc-11.3.0/k2f52ijqkzvd4hct7ccykcnys7eym6t3/compiler/2022.2.1/linux/lib/oclfpga/host/linux64/lib" "-rpath" "/sw/workstations/apps/linux-ubuntu22.04-ivybridge/intel-oneapi-compilers/2022.2.1/gcc-11.3.0/k2f52ijqkzvd4hct7ccykcnys7eym6t3/compiler/2022.2.1/linux/lib/oclfpga/linux64/lib" "-rpath" "/sw/workstations/apps/linux-ubuntu22.04-ivybridge/intel-oneapi-compilers/2022.2.1/gcc-11.3.0/k2f52ijqkzvd4hct7ccykcnys7eym6t3/compiler/2022.2.1/linux/compiler/lib/intel64_lin" "CMakeFiles/cmTC_a99f6.dir/CMakeCXXCompilerABI.cpp.o" "-Bdynamic" "-Bstatic" "-limf" "-lsvml" "-lirng" "-Bdynamic" "-lstdc++" "-lm" "-Bstatic" "-lipgo" "-ldecimal" "--as-needed" "-Bdynamic" "-lcilkrts" "--no-as-needed" "-lstdc++" "-lgcc" "--as-needed" "-lgcc_s" "--no-as-needed" "-Bstatic" "-lirc" "-lsvml" "-Bdynamic" "-lc" "-lgcc" "--as-needed" "-lgcc_s" "--no-as-needed" "-Bstatic" "-lirc_s" "-Bdynamic" "-ldl" "-lc" "/usr/lib/gcc/x86_64-linux-gnu/11/crtendS.o" "/usr/lib/gcc/x86_64-linux-gnu/11/../../../x86_64-linux-gnu/crtn.o"" -mIPOPT_il_in_obj -mIPOPT_ipo_activate_warn=FALSE -mIPOPT_obj_output_file_name=/tmp/ipo_icpcACnbyG.o -mIPOPT_whole_archive_fixup_file_name=/tmp/icpcwarchdfPNE2 -mGLOB_linker_version=2.38 -mGLOB_linker=ld -mGLOB_driver_tempfile_name=/tmp/icpctempfileQoGNiL -mP3OPT_asm_target=P3OPT_ASM_TARGET_GAS -mGLOB_async_unwind_tables=TRUE -mGLOB_obj_output_file=/tmp/ipo_icpcACnbyG.o -mGLOB_source_dialect=GLOB_SOURCE_DIALECT_NONE -mP1OPT_source_file_name=ipo_out.c CMakeFiles/cmTC_a99f6.dir/CMakeCXXCompilerABI.cpp.o -mIPOPT_object_files=T -mIPOPT_assembly_files=/tmp/icpcalisrUyNhO -mIPOPT_generated_tempfiles=/tmp/icpcelistC6GQ3 -mIPOPT_embedded_object_base_name=/tmp/icpceobjoL2RRn -mIPOPT_cmdline_link_new_name=/tmp/icpcllisSqAf3b
ld    /usr/lib/gcc/x86_64-linux-gnu/11/../../../x86_64-linux-gnu/Scrt1.o /usr/lib/gcc/x86_64-linux-gnu/11/../../../x86_64-linux-gnu/crti.o /usr/lib/gcc/x86_64-linux-gnu/11/crtbeginS.o --eh-frame-hdr --build-id -dynamic-linker /lib64/ld-linux-x86-64.so.2 -m elf_x86_64 -o cmTC_a99f6 -L/sw/workstations/apps/linux-ubuntu22.04-ivybridge/intel-oneapi-compilers/2022.2.1/gcc-11.3.0/k2f52ijqkzvd4hct7ccykcnys7eym6t3/compiler/2022.2.1/linux/compiler/lib/intel64_lin -L/sw/workstations/apps/linux-ubuntu22.04-ivybridge/intel-oneapi-compilers/2022.2.1/gcc-11.3.0/k2f52ijqkzvd4hct7ccykcnys7eym6t3/compiler/2022.2.1/linux/lib -L/sw/workstations/apps/linux-ubuntu22.04-ivybridge/intel-oneapi-compilers/2022.2.1/gcc-11.3.0/k2f52ijqkzvd4hct7ccykcnys7eym6t3/compiler/2022.2.1/linux/bin/intel64/../../compiler/lib/intel64_lin -L/sw/workstations/apps/linux-ubuntu22.04-ivybridge/intel-oneapi-compilers/2022.2.1/gcc-11.3.0/k2f52ijqkzvd4hct7ccykcnys7eym6t3/compiler/2022.2.1/linux/lib/../lib/ -L/usr/lib/gcc/x86_64-linux-gnu/11/ -L/usr/lib/gcc/x86_64-linux-gnu/11/../../../x86_64-linux-gnu/ -L/usr/lib/gcc/x86_64-linux-gnu/11/../../../../lib64 -L/usr/lib/gcc/x86_64-linux-gnu/11/../../../../lib/ -L/lib/x86_64-linux-gnu/ -L/lib/../lib64 -L/lib/../lib/ -L/usr/lib/x86_64-linux-gnu/ -L/usr/lib/../lib64 -L/usr/lib/../lib/ -L/sw/workstations/apps/linux-ubuntu22.04-ivybridge/intel-oneapi-compilers/2022.2.1/gcc-11.3.0/k2f52ijqkzvd4hct7ccykcnys7eym6t3/compiler/2022.2.1/linux/compiler/lib/intel64_lin/ -L/sw/workstations/apps/linux-ubuntu22.04-ivybridge/intel-oneapi-compilers/2022.2.1/gcc-11.3.0/k2f52ijqkzvd4hct7ccykcnys7eym6t3/compiler/2022.2.1/linux/lib/ -L/usr/lib/gcc/x86_64-linux-gnu/11/../../../ -L/lib64 -L/lib/ -L/usr/lib64 -L/usr/lib -rpath /sw/workstations/apps/linux-ubuntu22.04-ivybridge/intel-oneapi-compilers/2022.2.1/gcc-11.3.0/k2f52ijqkzvd4hct7ccykcnys7eym6t3/compiler/2022.2.1/linux/lib -rpath /sw/workstations/apps/linux-ubuntu22.04-ivybridge/intel-oneapi-compilers/2022.2.1/gcc-11.3.0/k2f52ijqkzvd4hct7ccykcnys7eym6t3/compiler/2022.2.1/linux/lib/x64 -rpath /sw/workstations/apps/linux-ubuntu22.04-ivybridge/intel-oneapi-compilers/2022.2.1/gcc-11.3.0/k2f52ijqkzvd4hct7ccykcnys7eym6t3/compiler/2022.2.1/linux/lib/oclfpga/host/linux64/lib -rpath /sw/workstations/apps/linux-ubuntu22.04-ivybridge/intel-oneapi-compilers/2022.2.1/gcc-11.3.0/k2f52ijqkzvd4hct7ccykcnys7eym6t3/compiler/2022.2.1/linux/lib/oclfpga/linux64/lib -rpath /sw/workstations/apps/linux-ubuntu22.04-ivybridge/intel-oneapi-compilers/2022.2.1/gcc-11.3.0/k2f52ijqkzvd4hct7ccykcnys7eym6t3/compiler/2022.2.1/linux/compiler/lib/intel64_lin CMakeFiles/cmTC_a99f6.dir/CMakeCXXCompilerABI.cpp.o -Bdynamic -Bstatic -limf -lsvml -lirng -Bdynamic -lstdc++ -lm -Bstatic -lipgo -ldecimal --as-needed -Bdynamic -lcilkrts --no-as-needed -lstdc++ -lgcc --as-needed -lgcc_s --no-as-needed -Bstatic -lirc -lsvml -Bdynamic -lc -lgcc --as-needed -lgcc_s --no-as-needed -Bstatic -lirc_s -Bdynamic -ldl -lc /usr/lib/gcc/x86_64-linux-gnu/11/crtendS.o /usr/lib/gcc/x86_64-linux-gnu/11/../../../x86_64-linux-gnu/crtn.o
gmake[1]: Leaving directory '/media/x_plotnips/sdd1/Dropbox/PhD_proposal/work_with_david/Exawave_3_handover/panzer_repo/CMakeFiles/CMakeTmp'



Parsed CXX implicit include dir info from above output: rv=done
  found start of include info
  found start of implicit include info
    add: [/sw/workstations/apps/linux-ubuntu22.04-ivybridge/intel-oneapi-compilers/2022.2.1/gcc-11.3.0/k2f52ijqkzvd4hct7ccykcnys7eym6t3/compiler/2022.2.1/linux/bin/intel64/../../compiler/include/intel64]
    add: [/sw/workstations/apps/linux-ubuntu22.04-ivybridge/intel-oneapi-compilers/2022.2.1/gcc-11.3.0/k2f52ijqkzvd4hct7ccykcnys7eym6t3/compiler/2022.2.1/linux/bin/intel64/../../compiler/include/icc]
    add: [/sw/workstations/apps/linux-ubuntu22.04-ivybridge/intel-oneapi-compilers/2022.2.1/gcc-11.3.0/k2f52ijqkzvd4hct7ccykcnys7eym6t3/compiler/2022.2.1/linux/bin/intel64/../../compiler/include]
    add: [/usr/include/c++/11]
    add: [/usr/include/c++/11/backward]
    add: [/usr/local/include]
    add: [/usr/lib/gcc/x86_64-linux-gnu/11/include]
    add: [/usr/include/]
    add: [/usr/include]
    add: [/usr/include/x86_64-linux-gnu]
    add: [/usr/include/x86_64-linux-gnu/c++/11]
  end of search list found
  collapse include dir [/sw/workstations/apps/linux-ubuntu22.04-ivybridge/intel-oneapi-compilers/2022.2.1/gcc-11.3.0/k2f52ijqkzvd4hct7ccykcnys7eym6t3/compiler/2022.2.1/linux/bin/intel64/../../compiler/include/intel64] ==> [/sw/workstations/apps/linux-ubuntu22.04-ivybridge/intel-oneapi-compilers/2022.2.1/gcc-11.3.0/k2f52ijqkzvd4hct7ccykcnys7eym6t3/compiler/2022.2.1/linux/compiler/include/intel64]
  collapse include dir [/sw/workstations/apps/linux-ubuntu22.04-ivybridge/intel-oneapi-compilers/2022.2.1/gcc-11.3.0/k2f52ijqkzvd4hct7ccykcnys7eym6t3/compiler/2022.2.1/linux/bin/intel64/../../compiler/include/icc] ==> [/sw/workstations/apps/linux-ubuntu22.04-ivybridge/intel-oneapi-compilers/2022.2.1/gcc-11.3.0/k2f52ijqkzvd4hct7ccykcnys7eym6t3/compiler/2022.2.1/linux/compiler/include/icc]
  collapse include dir [/sw/workstations/apps/linux-ubuntu22.04-ivybridge/intel-oneapi-compilers/2022.2.1/gcc-11.3.0/k2f52ijqkzvd4hct7ccykcnys7eym6t3/compiler/2022.2.1/linux/bin/intel64/../../compiler/include] ==> [/sw/workstations/apps/linux-ubuntu22.04-ivybridge/intel-oneapi-compilers/2022.2.1/gcc-11.3.0/k2f52ijqkzvd4hct7ccykcnys7eym6t3/compiler/2022.2.1/linux/compiler/include]
  collapse include dir [/usr/include/c++/11] ==> [/usr/include/c++/11]
  collapse include dir [/usr/include/c++/11/backward] ==> [/usr/include/c++/11/backward]
  collapse include dir [/usr/local/include] ==> [/usr/local/include]
  collapse include dir [/usr/lib/gcc/x86_64-linux-gnu/11/include] ==> [/usr/lib/gcc/x86_64-linux-gnu/11/include]
  collapse include dir [/usr/include/] ==> [/usr/include]
  collapse include dir [/usr/include] ==> [/usr/include]
  collapse include dir [/usr/include/x86_64-linux-gnu] ==> [/usr/include/x86_64-linux-gnu]
  collapse include dir [/usr/include/x86_64-linux-gnu/c++/11] ==> [/usr/include/x86_64-linux-gnu/c++/11]
  implicit include dirs: [/sw/workstations/apps/linux-ubuntu22.04-ivybridge/intel-oneapi-compilers/2022.2.1/gcc-11.3.0/k2f52ijqkzvd4hct7ccykcnys7eym6t3/compiler/2022.2.1/linux/compiler/include/intel64;/sw/workstations/apps/linux-ubuntu22.04-ivybridge/intel-oneapi-compilers/2022.2.1/gcc-11.3.0/k2f52ijqkzvd4hct7ccykcnys7eym6t3/compiler/2022.2.1/linux/compiler/include/icc;/sw/workstations/apps/linux-ubuntu22.04-ivybridge/intel-oneapi-compilers/2022.2.1/gcc-11.3.0/k2f52ijqkzvd4hct7ccykcnys7eym6t3/compiler/2022.2.1/linux/compiler/include;/usr/include/c++/11;/usr/include/c++/11/backward;/usr/local/include;/usr/lib/gcc/x86_64-linux-gnu/11/include;/usr/include;/usr/include/x86_64-linux-gnu;/usr/include/x86_64-linux-gnu/c++/11]


Parsed CXX implicit link information from above output:
  link line regex: [^( *|.*[/\])(ld|CMAKE_LINK_STARTFILE-NOTFOUND|([^/\]+-)?ld|collect2)[^/\]*( |$)]
  ignore line: [Change Dir: /media/x_plotnips/sdd1/Dropbox/PhD_proposal/work_with_david/Exawave_3_handover/panzer_repo/CMakeFiles/CMakeTmp]
  ignore line: []
  ignore line: [Run Build Command(s):/usr/bin/gmake -f Makefile cmTC_a99f6/fast && /usr/bin/gmake  -f CMakeFiles/cmTC_a99f6.dir/build.make CMakeFiles/cmTC_a99f6.dir/build]
  ignore line: [gmake[1]: Entering directory '/media/x_plotnips/sdd1/Dropbox/PhD_proposal/work_with_david/Exawave_3_handover/panzer_repo/CMakeFiles/CMakeTmp']
  ignore line: [Building CXX object CMakeFiles/cmTC_a99f6.dir/CMakeCXXCompilerABI.cpp.o]
  ignore line: [/sw/workstations/apps/linux-ubuntu22.04-ivybridge/intel-oneapi-compilers/2022.2.1/gcc-11.3.0/k2f52ijqkzvd4hct7ccykcnys7eym6t3/compiler/2022.2.1/linux/bin/intel64/icpc   -v -MD -MT CMakeFiles/cmTC_a99f6.dir/CMakeCXXCompilerABI.cpp.o -MF CMakeFiles/cmTC_a99f6.dir/CMakeCXXCompilerABI.cpp.o.d -o CMakeFiles/cmTC_a99f6.dir/CMakeCXXCompilerABI.cpp.o -c /sw/workstations/apps/linux-ubuntu22.04-ivybridge/cmake/3.24.3/gcc-11.3.0/im6us5w327xiszfjh37fer4odzrpsbgr/share/cmake-3.24/Modules/CMakeCXXCompilerABI.cpp]
  ignore line: [icpc: remark #10441: The Intel(R) C++ Compiler Classic (ICC) is deprecated and will be removed from product release in the second half of 2023. The Intel(R) oneAPI DPC++/C++ Compiler (ICX) is the recommended compiler moving forward. Please transition to use this compiler. Use '-diag-disable=10441' to disable this message.]
  ignore line: [icpc version 2021.7.1 (gcc version 11.4.0 compatibility)]
  ignore line: [/sw/workstations/apps/linux-ubuntu22.04-ivybridge/intel-oneapi-compilers/2022.2.1/gcc-11.3.0/k2f52ijqkzvd4hct7ccykcnys7eym6t3/compiler/2022.2.1/linux/bin/intel64/../../bin/intel64/mcpcom    --target_efi2 --lang=c++ -oCMakeFiles/cmTC_a99f6.dir/CMakeCXXCompilerABI.cpp.o -_g -mP3OPT_inline_alloca -D__ICC=2021 -D__INTEL_COMPILER=2021 -D__INTEL_COMPILER_UPDATE=7 -D__PTRDIFF_TYPE__=long "-D__SIZE_TYPE__=unsigned long" -D__WCHAR_TYPE__=int "-D__WINT_TYPE__=unsigned int" "-D__INTMAX_TYPE__=long int" "-D__UINTMAX_TYPE__=long unsigned int" -D__GLIBCXX_TYPE_INT_N_0=__int128 -D__GLIBCXX_BITSIZE_INT_N_0=128 -D__LONG_MAX__=9223372036854775807L -D__QMSPP_ -D__OPTIMIZE__ -D__NO_MATH_INLINES -D__NO_STRING_INLINES -D__GNUC_GNU_INLINE__ -D__GNUG__=11 -D__GNUC__=11 -D__GNUC_MINOR__=4 -D__GNUC_PATCHLEVEL__=0 -D__LP64__ -D_LP64 -D_GNU_SOURCE=1 -D__DEPRECATED=1 -D__GXX_WEAK__=1 -D__GXX_ABI_VERSION=1010 "-D__USER_LABEL_PREFIX__= " -D__REGISTER_PREFIX__= -D__INTEL_RTTI__ -D__EXCEPTIONS=1 -D__unix__ -D__unix -D__linux__ -D__linux -D__gnu_linux__ -B -Dunix -Dlinux "-_Asystem(unix)" -D__ELF__ -D__x86_64 -D__x86_64__ -D__amd64 -D__amd64__ "-_Acpu(x86_64)" "-_Amachine(x86_64)" -D__INTEL_COMPILER_BUILD_DATE=20221019 -D__INTEL_OFFLOAD -D__MMX__ -D__SSE__ -D__SSE_MATH__ -D__SSE2__ -D__SSE2_MATH__ -D__pentium4 -D__pentium4__ -D__tune_pentium4__ -_k -_8 -_l --has_new_stdarg_support -_a -_b --gnu_version=110400 -_W5 -p --bool -tused -x --openmp_simd --noopenmp_offload --dependency_file_name CMakeFiles/cmTC_a99f6.dir/CMakeCXXCompilerABI.cpp.o.d --compile_dependencies --dependency_target_name CMakeFiles/cmTC_a99f6.dir/CMakeCXXCompilerABI.cpp.o --multibyte_chars -mGLOB_diag_suppress_sys --system_preinclude /usr/include/stdc-predef.h --array_section --simd --simd_func --offload_mode=1 --offload_target_names=mic MIC --offload_unique_string=icpc0958118876GCvyIG --bool -mGLOB_em64t=TRUE -mP1OPT_version=2021.7.1-intel64 -mGLOB_diag_file=CMakeFiles/cmTC_a99f6.dir/CMakeCXXCompilerABI.cpp.diag -mGLOB_long_size_64 -mGLOB_routine_pointer_size_64 -mP1OPT_print_version=FALSE -mCG_use_gas_got_workaround=F -mP2OPT_align_option_used=TRUE -mGLOB_gcc_version=1140 "-mGLOB_options_string=-Wl -rpath /sw/workstations/apps/linux-ubuntu22.04-ivybridge/intel-oneapi-compilers/2022.2.1/gcc-11.3.0/k2f52ijqkzvd4hct7ccykcnys7eym6t3/compiler/2022.2.1/linux/lib -Wl -rpath /sw/workstations/apps/linux-ubuntu22.04-ivybridge/intel-oneapi-compilers/2022.2.1/gcc-11.3.0/k2f52ijqkzvd4hct7ccykcnys7eym6t3/compiler/2022.2.1/linux/lib/x64 -Wl -rpath /sw/workstations/apps/linux-ubuntu22.04-ivybridge/intel-oneapi-compilers/2022.2.1/gcc-11.3.0/k2f52ijqkzvd4hct7ccykcnys7eym6t3/compiler/2022.2.1/linux/lib/oclfpga/host/linux64/lib -Wl -rpath /sw/workstations/apps/linux-ubuntu22.04-ivybridge/intel-oneapi-compilers/2022.2.1/gcc-11.3.0/k2f52ijqkzvd4hct7ccykcnys7eym6t3/compiler/2022.2.1/linux/lib/oclfpga/linux64/lib -Wl -rpath /sw/workstations/apps/linux-ubuntu22.04-ivybridge/intel-oneapi-compilers/2022.2.1/gcc-11.3.0/k2f52ijqkzvd4hct7ccykcnys7eym6t3/compiler/2022.2.1/linux/compiler/lib/intel64_lin -gcc-name=/usr/bin/gcc -gxx-name=/usr/bin/g++ -v -MD -MT CMakeFiles/cmTC_a99f6.dir/CMakeCXXCompilerABI.cpp.o -MF CMakeFiles/cmTC_a99f6.dir/CMakeCXXCompilerABI.cpp.o.d -o CMakeFiles/cmTC_a99f6.dir/CMakeCXXCompilerABI.cpp.o -c" -mGLOB_cxx_limited_range=FALSE -mCG_extend_parms=FALSE -mGLOB_compiler_bin_directory=/sw/workstations/apps/linux-ubuntu22.04-ivybridge/intel-oneapi-compilers/2022.2.1/gcc-11.3.0/k2f52ijqkzvd4hct7ccykcnys7eym6t3/compiler/2022.2.1/linux/bin/intel64/../../bin/intel64 -mGLOB_as_output_backup_file_name=/tmp/icpcdyTRCIas_.s -mIPOPT_activate -mIPOPT_lite -mGLOB_uarch_tuning=0x0 -mGLOB_product_id_code=0x22006d90 -mCG_bnl_movbe=T -mP3OPT_use_mspp_call_convention -mP2OPT_subs_out_of_bound=FALSE -mP2OPT_disam_type_based_disam=2 -mP2OPT_disam_assume_ansi_c -mP2OPT_checked_disam_ansi_alias=TRUE -mGLOB_ansi_alias -mPGOPTI_value_profile_use=T -mP2OPT_il0_array_sections=TRUE -mGLOB_offload_mode=1 -mGLOB_offload_no_openmp=TRUE -mP2OPT_offload_unique_var_string=icpc0958118876GCvyIG -mP2OPT_hlo_level=2 -mP2OPT_hlo -mP2OPT_hpo_rtt_control=0 -mIPOPT_args_in_regs=0 -mP2OPT_disam_assume_nonstd_intent_in=FALSE -mGLOB_imf_mapping_library=/sw/workstations/apps/linux-ubuntu22.04-ivybridge/intel-oneapi-compilers/2022.2.1/gcc-11.3.0/k2f52ijqkzvd4hct7ccykcnys7eym6t3/compiler/2022.2.1/linux/bin/intel64/../../bin/intel64/libiml_attr.so -mPGOPTI_gen_threadsafe_level=0 -mIPOPT_lto_object_enabled -mIPOPT_lto_object_value=1 -mIPOPT_obj_output_file_name=CMakeFiles/cmTC_a99f6.dir/CMakeCXXCompilerABI.cpp.o -mIPOPT_whole_archive_fixup_file_name=/tmp/icpcwarchdG9oPG -mGLOB_linker_version=2.38 -mGLOB_linker=ld -mGLOB_driver_tempfile_name=/tmp/icpctempfile8JmufX -mP3OPT_asm_target=P3OPT_ASM_TARGET_GAS -mGLOB_async_unwind_tables=TRUE -mGLOB_obj_output_file=CMakeFiles/cmTC_a99f6.dir/CMakeCXXCompilerABI.cpp.o -mGLOB_source_dialect=GLOB_SOURCE_DIALECT_C_PLUS_PLUS -mP1OPT_source_file_name=/sw/workstations/apps/linux-ubuntu22.04-ivybridge/cmake/3.24.3/gcc-11.3.0/im6us5w327xiszfjh37fer4odzrpsbgr/share/cmake-3.24/Modules/CMakeCXXCompilerABI.cpp -mP1OPT_full_source_file_name=/sw/workstations/apps/linux-ubuntu22.04-ivybridge/cmake/3.24.3/gcc-11.3.0/im6us5w327xiszfjh37fer4odzrpsbgr/share/cmake-3.24/Modules/CMakeCXXCompilerABI.cpp -mGLOB_eh_linux /sw/workstations/apps/linux-ubuntu22.04-ivybridge/cmake/3.24.3/gcc-11.3.0/im6us5w327xiszfjh37fer4odzrpsbgr/share/cmake-3.24/Modules/CMakeCXXCompilerABI.cpp]
  ignore line: [#include "..." search starts here:]
  ignore line: [#include <...> search starts here:]
  ignore line: [ /sw/workstations/apps/linux-ubuntu22.04-ivybridge/intel-oneapi-compilers/2022.2.1/gcc-11.3.0/k2f52ijqkzvd4hct7ccykcnys7eym6t3/compiler/2022.2.1/linux/bin/intel64/../../compiler/include/intel64]
  ignore line: [ /sw/workstations/apps/linux-ubuntu22.04-ivybridge/intel-oneapi-compilers/2022.2.1/gcc-11.3.0/k2f52ijqkzvd4hct7ccykcnys7eym6t3/compiler/2022.2.1/linux/bin/intel64/../../compiler/include/icc]
  ignore line: [ /sw/workstations/apps/linux-ubuntu22.04-ivybridge/intel-oneapi-compilers/2022.2.1/gcc-11.3.0/k2f52ijqkzvd4hct7ccykcnys7eym6t3/compiler/2022.2.1/linux/bin/intel64/../../compiler/include]
  ignore line: [ /usr/include/c++/11]
  ignore line: [ /usr/include/c++/11/backward]
  ignore line: [ /usr/local/include]
  ignore line: [ /usr/lib/gcc/x86_64-linux-gnu/11/include]
  ignore line: [ /usr/include/]
  ignore line: [ /usr/include]
  ignore line: [ /usr/include/x86_64-linux-gnu]
  ignore line: [ /usr/include/x86_64-linux-gnu/c++/11]
  ignore line: [End of search list.]
  ignore line: [Linking CXX executable cmTC_a99f6]
  ignore line: [/sw/workstations/apps/linux-ubuntu22.04-ivybridge/cmake/3.24.3/gcc-11.3.0/im6us5w327xiszfjh37fer4odzrpsbgr/bin/cmake -E cmake_link_script CMakeFiles/cmTC_a99f6.dir/link.txt --verbose=1]
  ignore line: [/sw/workstations/apps/linux-ubuntu22.04-ivybridge/intel-oneapi-compilers/2022.2.1/gcc-11.3.0/k2f52ijqkzvd4hct7ccykcnys7eym6t3/compiler/2022.2.1/linux/bin/intel64/icpc   -v CMakeFiles/cmTC_a99f6.dir/CMakeCXXCompilerABI.cpp.o -o cmTC_a99f6 ]
  ignore line: [icpc: remark #10441: The Intel(R) C++ Compiler Classic (ICC) is deprecated and will be removed from product release in the second half of 2023. The Intel(R) oneAPI DPC++/C++ Compiler (ICX) is the recommended compiler moving forward. Please transition to use this compiler. Use '-diag-disable=10441' to disable this message.]
  ignore line: [icpc version 2021.7.1 (gcc version 11.4.0 compatibility)]
  ignore line: [/sw/workstations/apps/linux-ubuntu22.04-ivybridge/intel-oneapi-compilers/2022.2.1/gcc-11.3.0/k2f52ijqkzvd4hct7ccykcnys7eym6t3/compiler/2022.2.1/linux/bin/intel64/../../bin/intel64/mcpcom    -mGLOB_em64t=TRUE -mP1OPT_version=2021.7.1-intel64 -mGLOB_diag_file=CMakeFiles/cmTC_a99f6.dir/CMakeCXXCompilerABI.cpp.diag -mGLOB_long_size_64 -mGLOB_routine_pointer_size_64 -mP1OPT_print_version=FALSE -mCG_use_gas_got_workaround=F -mP2OPT_align_option_used=TRUE -mGLOB_gcc_version=1140 "-mGLOB_options_string=-Wl,-rpath,/sw/workstations/apps/linux-ubuntu22.04-ivybridge/intel-oneapi-compilers/2022.2.1/gcc-11.3.0/k2f52ijqkzvd4hct7ccykcnys7eym6t3/compiler/2022.2.1/linux/lib -Wl,-rpath,/sw/workstations/apps/linux-ubuntu22.04-ivybridge/intel-oneapi-compilers/2022.2.1/gcc-11.3.0/k2f52ijqkzvd4hct7ccykcnys7eym6t3/compiler/2022.2.1/linux/lib/x64 -Wl,-rpath,/sw/workstations/apps/linux-ubuntu22.04-ivybridge/intel-oneapi-compilers/2022.2.1/gcc-11.3.0/k2f52ijqkzvd4hct7ccykcnys7eym6t3/compiler/2022.2.1/linux/lib/oclfpga/host/linux64/lib -Wl,-rpath,/sw/workstations/apps/linux-ubuntu22.04-ivybridge/intel-oneapi-compilers/2022.2.1/gcc-11.3.0/k2f52ijqkzvd4hct7ccykcnys7eym6t3/compiler/2022.2.1/linux/lib/oclfpga/linux64/lib -Wl,-rpath,/sw/workstations/apps/linux-ubuntu22.04-ivybridge/intel-oneapi-compilers/2022.2.1/gcc-11.3.0/k2f52ijqkzvd4hct7ccykcnys7eym6t3/compiler/2022.2.1/linux/compiler/lib/intel64_lin -gcc-name=/usr/bin/gcc -gxx-name=/usr/bin/g++ -v -o cmTC_a99f6" -mGLOB_cxx_limited_range=FALSE -mCG_extend_parms=FALSE -mGLOB_compiler_bin_directory=/sw/workstations/apps/linux-ubuntu22.04-ivybridge/intel-oneapi-compilers/2022.2.1/gcc-11.3.0/k2f52ijqkzvd4hct7ccykcnys7eym6t3/compiler/2022.2.1/linux/bin/intel64/../../bin/intel64 -mGLOB_as_output_backup_file_name=/tmp/icpcNt9DlHas_.s -mGLOB_dashboard_use_source_name -mIPOPT_activate -mGLOB_product_id_code=0x22006d90 -mP3OPT_use_mspp_call_convention -mP2OPT_subs_out_of_bound=FALSE -mP2OPT_disam_type_based_disam=2 -mP2OPT_disam_assume_ansi_c -mP2OPT_checked_disam_ansi_alias=TRUE -mGLOB_ansi_alias -mPGOPTI_value_profile_use=T -mGLOB_opt_report_use_source_name -mP2OPT_il0_array_sections=TRUE -mGLOB_offload_mode=1 -mGLOB_offload_no_openmp=TRUE -mP2OPT_offload_unique_var_string=icpc0764972402TEsh60 -mP2OPT_hlo -mP2OPT_hpo_rtt_control=0 -mIPOPT_args_in_regs=0 -mP2OPT_disam_assume_nonstd_intent_in=FALSE -mGLOB_imf_mapping_library=/sw/workstations/apps/linux-ubuntu22.04-ivybridge/intel-oneapi-compilers/2022.2.1/gcc-11.3.0/k2f52ijqkzvd4hct7ccykcnys7eym6t3/compiler/2022.2.1/linux/bin/intel64/../../bin/intel64/libiml_attr.so -mPGOPTI_gen_threadsafe_level=0 -mIPOPT_link -mIPOPT_ipo_activate -mIPOPT_mo_activate -mIPOPT_source_files_list=/tmp/icpcslisevEEGo -mIPOPT_mo_global_data -mIPOPT_link_script_file=/tmp/icpcscriptiNK7gn "-mIPOPT_cmdline_link="/usr/lib/gcc/x86_64-linux-gnu/11/../../../x86_64-linux-gnu/Scrt1.o" "/usr/lib/gcc/x86_64-linux-gnu/11/../../../x86_64-linux-gnu/crti.o" "/usr/lib/gcc/x86_64-linux-gnu/11/crtbeginS.o" "--eh-frame-hdr" "--build-id" "-dynamic-linker" "/lib64/ld-linux-x86-64.so.2" "-m" "elf_x86_64" "-o" "cmTC_a99f6" "-L/sw/workstations/apps/linux-ubuntu22.04-ivybridge/intel-oneapi-compilers/2022.2.1/gcc-11.3.0/k2f52ijqkzvd4hct7ccykcnys7eym6t3/compiler/2022.2.1/linux/compiler/lib/intel64_lin" "-L/sw/workstations/apps/linux-ubuntu22.04-ivybridge/intel-oneapi-compilers/2022.2.1/gcc-11.3.0/k2f52ijqkzvd4hct7ccykcnys7eym6t3/compiler/2022.2.1/linux/lib" "-L/sw/workstations/apps/linux-ubuntu22.04-ivybridge/intel-oneapi-compilers/2022.2.1/gcc-11.3.0/k2f52ijqkzvd4hct7ccykcnys7eym6t3/compiler/2022.2.1/linux/bin/intel64/../../compiler/lib/intel64_lin" "-L/sw/workstations/apps/linux-ubuntu22.04-ivybridge/intel-oneapi-compilers/2022.2.1/gcc-11.3.0/k2f52ijqkzvd4hct7ccykcnys7eym6t3/compiler/2022.2.1/linux/lib/../lib/" "-L/usr/lib/gcc/x86_64-linux-gnu/11/" "-L/usr/lib/gcc/x86_64-linux-gnu/11/../../../x86_64-linux-gnu/" "-L/usr/lib/gcc/x86_64-linux-gnu/11/../../../../lib64" "-L/usr/lib/gcc/x86_64-linux-gnu/11/../../../../lib/" "-L/lib/x86_64-linux-gnu/" "-L/lib/../lib64" "-L/lib/../lib/" "-L/usr/lib/x86_64-linux-gnu/" "-L/usr/lib/../lib64" "-L/usr/lib/../lib/" "-L/sw/workstations/apps/linux-ubuntu22.04-ivybridge/intel-oneapi-compilers/2022.2.1/gcc-11.3.0/k2f52ijqkzvd4hct7ccykcnys7eym6t3/compiler/2022.2.1/linux/compiler/lib/intel64_lin/" "-L/sw/workstations/apps/linux-ubuntu22.04-ivybridge/intel-oneapi-compilers/2022.2.1/gcc-11.3.0/k2f52ijqkzvd4hct7ccykcnys7eym6t3/compiler/2022.2.1/linux/lib/" "-L/usr/lib/gcc/x86_64-linux-gnu/11/../../../" "-L/lib64" "-L/lib/" "-L/usr/lib64" "-L/usr/lib" "-rpath" "/sw/workstations/apps/linux-ubuntu22.04-ivybridge/intel-oneapi-compilers/2022.2.1/gcc-11.3.0/k2f52ijqkzvd4hct7ccykcnys7eym6t3/compiler/2022.2.1/linux/lib" "-rpath" "/sw/workstations/apps/linux-ubuntu22.04-ivybridge/intel-oneapi-compilers/2022.2.1/gcc-11.3.0/k2f52ijqkzvd4hct7ccykcnys7eym6t3/compiler/2022.2.1/linux/lib/x64" "-rpath" "/sw/workstations/apps/linux-ubuntu22.04-ivybridge/intel-oneapi-compilers/2022.2.1/gcc-11.3.0/k2f52ijqkzvd4hct7ccykcnys7eym6t3/compiler/2022.2.1/linux/lib/oclfpga/host/linux64/lib" "-rpath" "/sw/workstations/apps/linux-ubuntu22.04-ivybridge/intel-oneapi-compilers/2022.2.1/gcc-11.3.0/k2f52ijqkzvd4hct7ccykcnys7eym6t3/compiler/2022.2.1/linux/lib/oclfpga/linux64/lib" "-rpath" "/sw/workstations/apps/linux-ubuntu22.04-ivybridge/intel-oneapi-compilers/2022.2.1/gcc-11.3.0/k2f52ijqkzvd4hct7ccykcnys7eym6t3/compiler/2022.2.1/linux/compiler/lib/intel64_lin" "CMakeFiles/cmTC_a99f6.dir/CMakeCXXCompilerABI.cpp.o" "-Bdynamic" "-Bstatic" "-limf" "-lsvml" "-lirng" "-Bdynamic" "-lstdc++" "-lm" "-Bstatic" "-lipgo" "-ldecimal" "--as-needed" "-Bdynamic" "-lcilkrts" "--no-as-needed" "-lstdc++" "-lgcc" "--as-needed" "-lgcc_s" "--no-as-needed" "-Bstatic" "-lirc" "-lsvml" "-Bdynamic" "-lc" "-lgcc" "--as-needed" "-lgcc_s" "--no-as-needed" "-Bstatic" "-lirc_s" "-Bdynamic" "-ldl" "-lc" "/usr/lib/gcc/x86_64-linux-gnu/11/crtendS.o" "/usr/lib/gcc/x86_64-linux-gnu/11/../../../x86_64-linux-gnu/crtn.o"" -mIPOPT_il_in_obj -mIPOPT_ipo_activate_warn=FALSE -mIPOPT_obj_output_file_name=/tmp/ipo_icpcACnbyG.o -mIPOPT_whole_archive_fixup_file_name=/tmp/icpcwarchdfPNE2 -mGLOB_linker_version=2.38 -mGLOB_linker=ld -mGLOB_driver_tempfile_name=/tmp/icpctempfileQoGNiL -mP3OPT_asm_target=P3OPT_ASM_TARGET_GAS -mGLOB_async_unwind_tables=TRUE -mGLOB_obj_output_file=/tmp/ipo_icpcACnbyG.o -mGLOB_source_dialect=GLOB_SOURCE_DIALECT_NONE -mP1OPT_source_file_name=ipo_out.c CMakeFiles/cmTC_a99f6.dir/CMakeCXXCompilerABI.cpp.o -mIPOPT_object_files=T -mIPOPT_assembly_files=/tmp/icpcalisrUyNhO -mIPOPT_generated_tempfiles=/tmp/icpcelistC6GQ3 -mIPOPT_embedded_object_base_name=/tmp/icpceobjoL2RRn -mIPOPT_cmdline_link_new_name=/tmp/icpcllisSqAf3b]
  link line: [ld    /usr/lib/gcc/x86_64-linux-gnu/11/../../../x86_64-linux-gnu/Scrt1.o /usr/lib/gcc/x86_64-linux-gnu/11/../../../x86_64-linux-gnu/crti.o /usr/lib/gcc/x86_64-linux-gnu/11/crtbeginS.o --eh-frame-hdr --build-id -dynamic-linker /lib64/ld-linux-x86-64.so.2 -m elf_x86_64 -o cmTC_a99f6 -L/sw/workstations/apps/linux-ubuntu22.04-ivybridge/intel-oneapi-compilers/2022.2.1/gcc-11.3.0/k2f52ijqkzvd4hct7ccykcnys7eym6t3/compiler/2022.2.1/linux/compiler/lib/intel64_lin -L/sw/workstations/apps/linux-ubuntu22.04-ivybridge/intel-oneapi-compilers/2022.2.1/gcc-11.3.0/k2f52ijqkzvd4hct7ccykcnys7eym6t3/compiler/2022.2.1/linux/lib -L/sw/workstations/apps/linux-ubuntu22.04-ivybridge/intel-oneapi-compilers/2022.2.1/gcc-11.3.0/k2f52ijqkzvd4hct7ccykcnys7eym6t3/compiler/2022.2.1/linux/bin/intel64/../../compiler/lib/intel64_lin -L/sw/workstations/apps/linux-ubuntu22.04-ivybridge/intel-oneapi-compilers/2022.2.1/gcc-11.3.0/k2f52ijqkzvd4hct7ccykcnys7eym6t3/compiler/2022.2.1/linux/lib/../lib/ -L/usr/lib/gcc/x86_64-linux-gnu/11/ -L/usr/lib/gcc/x86_64-linux-gnu/11/../../../x86_64-linux-gnu/ -L/usr/lib/gcc/x86_64-linux-gnu/11/../../../../lib64 -L/usr/lib/gcc/x86_64-linux-gnu/11/../../../../lib/ -L/lib/x86_64-linux-gnu/ -L/lib/../lib64 -L/lib/../lib/ -L/usr/lib/x86_64-linux-gnu/ -L/usr/lib/../lib64 -L/usr/lib/../lib/ -L/sw/workstations/apps/linux-ubuntu22.04-ivybridge/intel-oneapi-compilers/2022.2.1/gcc-11.3.0/k2f52ijqkzvd4hct7ccykcnys7eym6t3/compiler/2022.2.1/linux/compiler/lib/intel64_lin/ -L/sw/workstations/apps/linux-ubuntu22.04-ivybridge/intel-oneapi-compilers/2022.2.1/gcc-11.3.0/k2f52ijqkzvd4hct7ccykcnys7eym6t3/compiler/2022.2.1/linux/lib/ -L/usr/lib/gcc/x86_64-linux-gnu/11/../../../ -L/lib64 -L/lib/ -L/usr/lib64 -L/usr/lib -rpath /sw/workstations/apps/linux-ubuntu22.04-ivybridge/intel-oneapi-compilers/2022.2.1/gcc-11.3.0/k2f52ijqkzvd4hct7ccykcnys7eym6t3/compiler/2022.2.1/linux/lib -rpath /sw/workstations/apps/linux-ubuntu22.04-ivybridge/intel-oneapi-compilers/2022.2.1/gcc-11.3.0/k2f52ijqkzvd4hct7ccykcnys7eym6t3/compiler/2022.2.1/linux/lib/x64 -rpath /sw/workstations/apps/linux-ubuntu22.04-ivybridge/intel-oneapi-compilers/2022.2.1/gcc-11.3.0/k2f52ijqkzvd4hct7ccykcnys7eym6t3/compiler/2022.2.1/linux/lib/oclfpga/host/linux64/lib -rpath /sw/workstations/apps/linux-ubuntu22.04-ivybridge/intel-oneapi-compilers/2022.2.1/gcc-11.3.0/k2f52ijqkzvd4hct7ccykcnys7eym6t3/compiler/2022.2.1/linux/lib/oclfpga/linux64/lib -rpath /sw/workstations/apps/linux-ubuntu22.04-ivybridge/intel-oneapi-compilers/2022.2.1/gcc-11.3.0/k2f52ijqkzvd4hct7ccykcnys7eym6t3/compiler/2022.2.1/linux/compiler/lib/intel64_lin CMakeFiles/cmTC_a99f6.dir/CMakeCXXCompilerABI.cpp.o -Bdynamic -Bstatic -limf -lsvml -lirng -Bdynamic -lstdc++ -lm -Bstatic -lipgo -ldecimal --as-needed -Bdynamic -lcilkrts --no-as-needed -lstdc++ -lgcc --as-needed -lgcc_s --no-as-needed -Bstatic -lirc -lsvml -Bdynamic -lc -lgcc --as-needed -lgcc_s --no-as-needed -Bstatic -lirc_s -Bdynamic -ldl -lc /usr/lib/gcc/x86_64-linux-gnu/11/crtendS.o /usr/lib/gcc/x86_64-linux-gnu/11/../../../x86_64-linux-gnu/crtn.o]
    arg [ld] ==> ignore
    arg [/usr/lib/gcc/x86_64-linux-gnu/11/../../../x86_64-linux-gnu/Scrt1.o] ==> obj [/usr/lib/gcc/x86_64-linux-gnu/11/../../../x86_64-linux-gnu/Scrt1.o]
    arg [/usr/lib/gcc/x86_64-linux-gnu/11/../../../x86_64-linux-gnu/crti.o] ==> obj [/usr/lib/gcc/x86_64-linux-gnu/11/../../../x86_64-linux-gnu/crti.o]
    arg [/usr/lib/gcc/x86_64-linux-gnu/11/crtbeginS.o] ==> obj [/usr/lib/gcc/x86_64-linux-gnu/11/crtbeginS.o]
    arg [--eh-frame-hdr] ==> ignore
    arg [--build-id] ==> ignore
    arg [-dynamic-linker] ==> ignore
    arg [/lib64/ld-linux-x86-64.so.2] ==> ignore
    arg [-m] ==> ignore
    arg [elf_x86_64] ==> ignore
    arg [-o] ==> ignore
    arg [cmTC_a99f6] ==> ignore
    arg [-L/sw/workstations/apps/linux-ubuntu22.04-ivybridge/intel-oneapi-compilers/2022.2.1/gcc-11.3.0/k2f52ijqkzvd4hct7ccykcnys7eym6t3/compiler/2022.2.1/linux/compiler/lib/intel64_lin] ==> dir [/sw/workstations/apps/linux-ubuntu22.04-ivybridge/intel-oneapi-compilers/2022.2.1/gcc-11.3.0/k2f52ijqkzvd4hct7ccykcnys7eym6t3/compiler/2022.2.1/linux/compiler/lib/intel64_lin]
    arg [-L/sw/workstations/apps/linux-ubuntu22.04-ivybridge/intel-oneapi-compilers/2022.2.1/gcc-11.3.0/k2f52ijqkzvd4hct7ccykcnys7eym6t3/compiler/2022.2.1/linux/lib] ==> dir [/sw/workstations/apps/linux-ubuntu22.04-ivybridge/intel-oneapi-compilers/2022.2.1/gcc-11.3.0/k2f52ijqkzvd4hct7ccykcnys7eym6t3/compiler/2022.2.1/linux/lib]
    arg [-L/sw/workstations/apps/linux-ubuntu22.04-ivybridge/intel-oneapi-compilers/2022.2.1/gcc-11.3.0/k2f52ijqkzvd4hct7ccykcnys7eym6t3/compiler/2022.2.1/linux/bin/intel64/../../compiler/lib/intel64_lin] ==> dir [/sw/workstations/apps/linux-ubuntu22.04-ivybridge/intel-oneapi-compilers/2022.2.1/gcc-11.3.0/k2f52ijqkzvd4hct7ccykcnys7eym6t3/compiler/2022.2.1/linux/bin/intel64/../../compiler/lib/intel64_lin]
    arg [-L/sw/workstations/apps/linux-ubuntu22.04-ivybridge/intel-oneapi-compilers/2022.2.1/gcc-11.3.0/k2f52ijqkzvd4hct7ccykcnys7eym6t3/compiler/2022.2.1/linux/lib/../lib/] ==> dir [/sw/workstations/apps/linux-ubuntu22.04-ivybridge/intel-oneapi-compilers/2022.2.1/gcc-11.3.0/k2f52ijqkzvd4hct7ccykcnys7eym6t3/compiler/2022.2.1/linux/lib/../lib/]
    arg [-L/usr/lib/gcc/x86_64-linux-gnu/11/] ==> dir [/usr/lib/gcc/x86_64-linux-gnu/11/]
    arg [-L/usr/lib/gcc/x86_64-linux-gnu/11/../../../x86_64-linux-gnu/] ==> dir [/usr/lib/gcc/x86_64-linux-gnu/11/../../../x86_64-linux-gnu/]
    arg [-L/usr/lib/gcc/x86_64-linux-gnu/11/../../../../lib64] ==> dir [/usr/lib/gcc/x86_64-linux-gnu/11/../../../../lib64]
    arg [-L/usr/lib/gcc/x86_64-linux-gnu/11/../../../../lib/] ==> dir [/usr/lib/gcc/x86_64-linux-gnu/11/../../../../lib/]
    arg [-L/lib/x86_64-linux-gnu/] ==> dir [/lib/x86_64-linux-gnu/]
    arg [-L/lib/../lib64] ==> dir [/lib/../lib64]
    arg [-L/lib/../lib/] ==> dir [/lib/../lib/]
    arg [-L/usr/lib/x86_64-linux-gnu/] ==> dir [/usr/lib/x86_64-linux-gnu/]
    arg [-L/usr/lib/../lib64] ==> dir [/usr/lib/../lib64]
    arg [-L/usr/lib/../lib/] ==> dir [/usr/lib/../lib/]
    arg [-L/sw/workstations/apps/linux-ubuntu22.04-ivybridge/intel-oneapi-compilers/2022.2.1/gcc-11.3.0/k2f52ijqkzvd4hct7ccykcnys7eym6t3/compiler/2022.2.1/linux/compiler/lib/intel64_lin/] ==> dir [/sw/workstations/apps/linux-ubuntu22.04-ivybridge/intel-oneapi-compilers/2022.2.1/gcc-11.3.0/k2f52ijqkzvd4hct7ccykcnys7eym6t3/compiler/2022.2.1/linux/compiler/lib/intel64_lin/]
    arg [-L/sw/workstations/apps/linux-ubuntu22.04-ivybridge/intel-oneapi-compilers/2022.2.1/gcc-11.3.0/k2f52ijqkzvd4hct7ccykcnys7eym6t3/compiler/2022.2.1/linux/lib/] ==> dir [/sw/workstations/apps/linux-ubuntu22.04-ivybridge/intel-oneapi-compilers/2022.2.1/gcc-11.3.0/k2f52ijqkzvd4hct7ccykcnys7eym6t3/compiler/2022.2.1/linux/lib/]
    arg [-L/usr/lib/gcc/x86_64-linux-gnu/11/../../../] ==> dir [/usr/lib/gcc/x86_64-linux-gnu/11/../../../]
    arg [-L/lib64] ==> dir [/lib64]
    arg [-L/lib/] ==> dir [/lib/]
    arg [-L/usr/lib64] ==> dir [/usr/lib64]
    arg [-L/usr/lib] ==> dir [/usr/lib]
    arg [-rpath] ==> ignore
    arg [/sw/workstations/apps/linux-ubuntu22.04-ivybridge/intel-oneapi-compilers/2022.2.1/gcc-11.3.0/k2f52ijqkzvd4hct7ccykcnys7eym6t3/compiler/2022.2.1/linux/lib] ==> ignore
    arg [-rpath] ==> ignore
    arg [/sw/workstations/apps/linux-ubuntu22.04-ivybridge/intel-oneapi-compilers/2022.2.1/gcc-11.3.0/k2f52ijqkzvd4hct7ccykcnys7eym6t3/compiler/2022.2.1/linux/lib/x64] ==> ignore
    arg [-rpath] ==> ignore
    arg [/sw/workstations/apps/linux-ubuntu22.04-ivybridge/intel-oneapi-compilers/2022.2.1/gcc-11.3.0/k2f52ijqkzvd4hct7ccykcnys7eym6t3/compiler/2022.2.1/linux/lib/oclfpga/host/linux64/lib] ==> ignore
    arg [-rpath] ==> ignore
    arg [/sw/workstations/apps/linux-ubuntu22.04-ivybridge/intel-oneapi-compilers/2022.2.1/gcc-11.3.0/k2f52ijqkzvd4hct7ccykcnys7eym6t3/compiler/2022.2.1/linux/lib/oclfpga/linux64/lib] ==> ignore
    arg [-rpath] ==> ignore
    arg [/sw/workstations/apps/linux-ubuntu22.04-ivybridge/intel-oneapi-compilers/2022.2.1/gcc-11.3.0/k2f52ijqkzvd4hct7ccykcnys7eym6t3/compiler/2022.2.1/linux/compiler/lib/intel64_lin] ==> ignore
    arg [CMakeFiles/cmTC_a99f6.dir/CMakeCXXCompilerABI.cpp.o] ==> ignore
    arg [-Bdynamic] ==> search dynamic
    arg [-Bstatic] ==> search static
    arg [-limf] ==> lib [imf]
    arg [-lsvml] ==> lib [svml]
    arg [-lirng] ==> lib [irng]
    arg [-Bdynamic] ==> search dynamic
    arg [-lstdc++] ==> lib [stdc++]
    arg [-lm] ==> lib [m]
    arg [-Bstatic] ==> search static
    arg [-lipgo] ==> lib [ipgo]
    arg [-ldecimal] ==> lib [decimal]
    arg [--as-needed] ==> ignore
    arg [-Bdynamic] ==> search dynamic
    arg [-lcilkrts] ==> lib [cilkrts]
    arg [--no-as-needed] ==> ignore
    arg [-lstdc++] ==> lib [stdc++]
    arg [-lgcc] ==> lib [gcc]
    arg [--as-needed] ==> ignore
    arg [-lgcc_s] ==> lib [gcc_s]
    arg [--no-as-needed] ==> ignore
    arg [-Bstatic] ==> search static
    arg [-lirc] ==> lib [irc]
    arg [-lsvml] ==> lib [svml]
    arg [-Bdynamic] ==> search dynamic
    arg [-lc] ==> lib [c]
    arg [-lgcc] ==> lib [gcc]
    arg [--as-needed] ==> ignore
    arg [-lgcc_s] ==> lib [gcc_s]
    arg [--no-as-needed] ==> ignore
    arg [-Bstatic] ==> search static
    arg [-lirc_s] ==> lib [irc_s]
    arg [-Bdynamic] ==> search dynamic
    arg [-ldl] ==> lib [dl]
    arg [-lc] ==> lib [c]
    arg [/usr/lib/gcc/x86_64-linux-gnu/11/crtendS.o] ==> obj [/usr/lib/gcc/x86_64-linux-gnu/11/crtendS.o]
    arg [/usr/lib/gcc/x86_64-linux-gnu/11/../../../x86_64-linux-gnu/crtn.o] ==> obj [/usr/lib/gcc/x86_64-linux-gnu/11/../../../x86_64-linux-gnu/crtn.o]
  collapse obj [/usr/lib/gcc/x86_64-linux-gnu/11/../../../x86_64-linux-gnu/Scrt1.o] ==> [/usr/lib/x86_64-linux-gnu/Scrt1.o]
  collapse obj [/usr/lib/gcc/x86_64-linux-gnu/11/../../../x86_64-linux-gnu/crti.o] ==> [/usr/lib/x86_64-linux-gnu/crti.o]
  collapse obj [/usr/lib/gcc/x86_64-linux-gnu/11/../../../x86_64-linux-gnu/crtn.o] ==> [/usr/lib/x86_64-linux-gnu/crtn.o]
  collapse library dir [/sw/workstations/apps/linux-ubuntu22.04-ivybridge/intel-oneapi-compilers/2022.2.1/gcc-11.3.0/k2f52ijqkzvd4hct7ccykcnys7eym6t3/compiler/2022.2.1/linux/compiler/lib/intel64_lin] ==> [/sw/workstations/apps/linux-ubuntu22.04-ivybridge/intel-oneapi-compilers/2022.2.1/gcc-11.3.0/k2f52ijqkzvd4hct7ccykcnys7eym6t3/compiler/2022.2.1/linux/compiler/lib/intel64_lin]
  collapse library dir [/sw/workstations/apps/linux-ubuntu22.04-ivybridge/intel-oneapi-compilers/2022.2.1/gcc-11.3.0/k2f52ijqkzvd4hct7ccykcnys7eym6t3/compiler/2022.2.1/linux/lib] ==> [/sw/workstations/apps/linux-ubuntu22.04-ivybridge/intel-oneapi-compilers/2022.2.1/gcc-11.3.0/k2f52ijqkzvd4hct7ccykcnys7eym6t3/compiler/2022.2.1/linux/lib]
  collapse library dir [/sw/workstations/apps/linux-ubuntu22.04-ivybridge/intel-oneapi-compilers/2022.2.1/gcc-11.3.0/k2f52ijqkzvd4hct7ccykcnys7eym6t3/compiler/2022.2.1/linux/bin/intel64/../../compiler/lib/intel64_lin] ==> [/sw/workstations/apps/linux-ubuntu22.04-ivybridge/intel-oneapi-compilers/2022.2.1/gcc-11.3.0/k2f52ijqkzvd4hct7ccykcnys7eym6t3/compiler/2022.2.1/linux/compiler/lib/intel64_lin]
  collapse library dir [/sw/workstations/apps/linux-ubuntu22.04-ivybridge/intel-oneapi-compilers/2022.2.1/gcc-11.3.0/k2f52ijqkzvd4hct7ccykcnys7eym6t3/compiler/2022.2.1/linux/lib/../lib/] ==> [/sw/workstations/apps/linux-ubuntu22.04-ivybridge/intel-oneapi-compilers/2022.2.1/gcc-11.3.0/k2f52ijqkzvd4hct7ccykcnys7eym6t3/compiler/2022.2.1/linux/lib]
  collapse library dir [/usr/lib/gcc/x86_64-linux-gnu/11/] ==> [/usr/lib/gcc/x86_64-linux-gnu/11]
  collapse library dir [/usr/lib/gcc/x86_64-linux-gnu/11/../../../x86_64-linux-gnu/] ==> [/usr/lib/x86_64-linux-gnu]
  collapse library dir [/usr/lib/gcc/x86_64-linux-gnu/11/../../../../lib64] ==> [/usr/lib64]
  collapse library dir [/usr/lib/gcc/x86_64-linux-gnu/11/../../../../lib/] ==> [/usr/lib]
  collapse library dir [/lib/x86_64-linux-gnu/] ==> [/lib/x86_64-linux-gnu]
  collapse library dir [/lib/../lib64] ==> [/lib64]
  collapse library dir [/lib/../lib/] ==> [/lib]
  collapse library dir [/usr/lib/x86_64-linux-gnu/] ==> [/usr/lib/x86_64-linux-gnu]
  collapse library dir [/usr/lib/../lib64] ==> [/usr/lib64]
  collapse library dir [/usr/lib/../lib/] ==> [/usr/lib]
  collapse library dir [/sw/workstations/apps/linux-ubuntu22.04-ivybridge/intel-oneapi-compilers/2022.2.1/gcc-11.3.0/k2f52ijqkzvd4hct7ccykcnys7eym6t3/compiler/2022.2.1/linux/compiler/lib/intel64_lin/] ==> [/sw/workstations/apps/linux-ubuntu22.04-ivybridge/intel-oneapi-compilers/2022.2.1/gcc-11.3.0/k2f52ijqkzvd4hct7ccykcnys7eym6t3/compiler/2022.2.1/linux/compiler/lib/intel64_lin]
  collapse library dir [/sw/workstations/apps/linux-ubuntu22.04-ivybridge/intel-oneapi-compilers/2022.2.1/gcc-11.3.0/k2f52ijqkzvd4hct7ccykcnys7eym6t3/compiler/2022.2.1/linux/lib/] ==> [/sw/workstations/apps/linux-ubuntu22.04-ivybridge/intel-oneapi-compilers/2022.2.1/gcc-11.3.0/k2f52ijqkzvd4hct7ccykcnys7eym6t3/compiler/2022.2.1/linux/lib]
  collapse library dir [/usr/lib/gcc/x86_64-linux-gnu/11/../../../] ==> [/usr/lib]
  collapse library dir [/lib64] ==> [/lib64]
  collapse library dir [/lib/] ==> [/lib]
  collapse library dir [/usr/lib64] ==> [/usr/lib64]
  collapse library dir [/usr/lib] ==> [/usr/lib]
  implicit libs: [imf;svml;irng;stdc++;m;ipgo;decimal;cilkrts;stdc++;gcc;gcc_s;irc;svml;c;gcc;gcc_s;irc_s;dl;c]
  implicit objs: [/usr/lib/x86_64-linux-gnu/Scrt1.o;/usr/lib/x86_64-linux-gnu/crti.o;/usr/lib/gcc/x86_64-linux-gnu/11/crtbeginS.o;/usr/lib/gcc/x86_64-linux-gnu/11/crtendS.o;/usr/lib/x86_64-linux-gnu/crtn.o]
  implicit dirs: [/sw/workstations/apps/linux-ubuntu22.04-ivybridge/intel-oneapi-compilers/2022.2.1/gcc-11.3.0/k2f52ijqkzvd4hct7ccykcnys7eym6t3/compiler/2022.2.1/linux/compiler/lib/intel64_lin;/sw/workstations/apps/linux-ubuntu22.04-ivybridge/intel-oneapi-compilers/2022.2.1/gcc-11.3.0/k2f52ijqkzvd4hct7ccykcnys7eym6t3/compiler/2022.2.1/linux/lib;/usr/lib/gcc/x86_64-linux-gnu/11;/usr/lib/x86_64-linux-gnu;/usr/lib64;/usr/lib;/lib/x86_64-linux-gnu;/lib64;/lib]
  implicit fwks: []


